split,speaker_id,language,video_id,image_path,voice_path,face_dir
train,id0048,English,R0UMqq9U6wg,faces/id0048/R0UMqq9U6wg/0000625.jpg,voices/id0048/English/R0UMqq9U6wg/00008.wav,faces/id0048/R0UMqq9U6wg
train,id0037,English,JQXdD8SMjkI,faces/id0037/JQXdD8SMjkI/0001425.jpg,voices/id0037/English/JQXdD8SMjkI/00002.wav,faces/id0037/JQXdD8SMjkI
train,id0052,English,Bk-cX342Faw,faces/id0052/Bk-cX342Faw/0000025.jpg,voices/id0052/English/Bk-cX342Faw/00018.wav,faces/id0052/Bk-cX342Faw
train,id0054,English,F7C87RNgnK4,faces/id0054/F7C87RNgnK4/0000150.jpg,voices/id0054/English/F7C87RNgnK4/00009.wav,faces/id0054/F7C87RNgnK4
train,id0013,English,CbHAv1DqVtA,faces/id0013/CbHAv1DqVtA/0000450.jpg,voices/id0013/English/CbHAv1DqVtA/00025.wav,faces/id0013/CbHAv1DqVtA
train,id0041,English,igda3vF6SuI,faces/id0041/igda3vF6SuI/0001950.jpg,voices/id0041/English/igda3vF6SuI/00053.wav,faces/id0041/igda3vF6SuI
train,id0009,English,CbMvPV-JKew,faces/id0009/CbMvPV-JKew/0001075.jpg,voices/id0009/English/CbMvPV-JKew/00079.wav,faces/id0009/CbMvPV-JKew
train,id0045,English,QjPkuA2BoX4,faces/id0045/QjPkuA2BoX4/0001625.jpg,voices/id0045/English/QjPkuA2BoX4/00110.wav,faces/id0045/QjPkuA2BoX4
train,id0011,English,CsnMSIZg04A,faces/id0011/CsnMSIZg04A/0000075.jpg,voices/id0011/English/CsnMSIZg04A/00009.wav,faces/id0011/CsnMSIZg04A
train,id0010,English,nnQb0PVW9Zc,faces/id0010/nnQb0PVW9Zc/0000175.jpg,voices/id0010/English/nnQb0PVW9Zc/00000.wav,faces/id0010/nnQb0PVW9Zc
train,id0068,English,7IxNK3Xa4gs,faces/id0068/7IxNK3Xa4gs/0000000.jpg,voices/id0068/English/7IxNK3Xa4gs/00004.wav,faces/id0068/7IxNK3Xa4gs
train,id0058,English,gSa1ltx9rTA,faces/id0058/gSa1ltx9rTA/0000050.jpg,voices/id0058/English/gSa1ltx9rTA/00000.wav,faces/id0058/gSa1ltx9rTA
train,id0001,English,sBBhXKlC4dA,faces/id0001/sBBhXKlC4dA/0000075.jpg,voices/id0001/English/sBBhXKlC4dA/00001.wav,faces/id0001/sBBhXKlC4dA
train,id0042,English,879NYRQPID8,faces/id0042/879NYRQPID8/0000000.jpg,voices/id0042/English/879NYRQPID8/00016.wav,faces/id0042/879NYRQPID8
train,id0044,English,vYJc6nLFq40,faces/id0044/vYJc6nLFq40/0000625.jpg,voices/id0044/English/vYJc6nLFq40/00049.wav,faces/id0044/vYJc6nLFq40
train,id0039,English,qyZ004QI6Iw,faces/id0039/qyZ004QI6Iw/0000025.jpg,voices/id0039/English/qyZ004QI6Iw/00091.wav,faces/id0039/qyZ004QI6Iw
train,id0005,English,YETolXZneZA,faces/id0005/YETolXZneZA/0000000.jpg,voices/id0005/English/YETolXZneZA/00020.wav,faces/id0005/YETolXZneZA
train,id0052,English,uX3Q8CzGyVk,faces/id0052/uX3Q8CzGyVk/0000025.jpg,voices/id0052/English/uX3Q8CzGyVk/00032.wav,faces/id0052/uX3Q8CzGyVk
train,id0052,English,oKKSSoDfquA,faces/id0052/oKKSSoDfquA/0000025.jpg,voices/id0052/English/oKKSSoDfquA/00045.wav,faces/id0052/oKKSSoDfquA
train,id0014,English,4HS4dZrpe-M,faces/id0014/4HS4dZrpe-M/0000425.jpg,voices/id0014/English/4HS4dZrpe-M/00003.wav,faces/id0014/4HS4dZrpe-M
train,id0023,English,_TCHCsQECzI,faces/id0023/_TCHCsQECzI/0000025.jpg,voices/id0023/English/_TCHCsQECzI/00007.wav,faces/id0023/_TCHCsQECzI
train,id0039,English,Aq57LMnhilM,faces/id0039/Aq57LMnhilM/0000000.jpg,voices/id0039/English/Aq57LMnhilM/00023.wav,faces/id0039/Aq57LMnhilM
train,id0039,English,qyZ004QI6Iw,faces/id0039/qyZ004QI6Iw/0000025.jpg,voices/id0039/English/qyZ004QI6Iw/00003.wav,faces/id0039/qyZ004QI6Iw
train,id0028,English,SxPxjK1j_CY,faces/id0028/SxPxjK1j_CY/0000325.jpg,voices/id0028/English/SxPxjK1j_CY/00016.wav,faces/id0028/SxPxjK1j_CY
train,id0056,English,1_a3Y6LGpAA,faces/id0056/1_a3Y6LGpAA/0000825.jpg,voices/id0056/English/1_a3Y6LGpAA/00037.wav,faces/id0056/1_a3Y6LGpAA
train,id0056,English,1_a3Y6LGpAA,faces/id0056/1_a3Y6LGpAA/0000825.jpg,voices/id0056/English/1_a3Y6LGpAA/00004.wav,faces/id0056/1_a3Y6LGpAA
train,id0015,English,hU5pLzIixjw,faces/id0015/hU5pLzIixjw/0000975.jpg,voices/id0015/English/hU5pLzIixjw/00003.wav,faces/id0015/hU5pLzIixjw
train,id0060,English,QHdn7Zte9MU,faces/id0060/QHdn7Zte9MU/0000225.jpg,voices/id0060/English/QHdn7Zte9MU/00014.wav,faces/id0060/QHdn7Zte9MU
train,id0052,English,uX3Q8CzGyVk,faces/id0052/uX3Q8CzGyVk/0000025.jpg,voices/id0052/English/uX3Q8CzGyVk/00038.wav,faces/id0052/uX3Q8CzGyVk
train,id0009,English,gXnUW8OooRk,faces/id0009/gXnUW8OooRk/0000275.jpg,voices/id0009/English/gXnUW8OooRk/00057.wav,faces/id0009/gXnUW8OooRk
train,id0003,English,sHbyLrzEByw,faces/id0003/sHbyLrzEByw/0000975.jpg,voices/id0003/English/sHbyLrzEByw/00012.wav,faces/id0003/sHbyLrzEByw
train,id0015,English,0R531JwP45k,faces/id0015/0R531JwP45k/0000950.jpg,voices/id0015/English/0R531JwP45k/00050.wav,faces/id0015/0R531JwP45k
train,id0039,English,vKiGkbyfHPA,faces/id0039/vKiGkbyfHPA/0000025.jpg,voices/id0039/English/vKiGkbyfHPA/00004.wav,faces/id0039/vKiGkbyfHPA
train,id0039,English,qyZ004QI6Iw,faces/id0039/qyZ004QI6Iw/0000025.jpg,voices/id0039/English/qyZ004QI6Iw/00021.wav,faces/id0039/qyZ004QI6Iw
train,id0044,English,vYJc6nLFq40,faces/id0044/vYJc6nLFq40/0000625.jpg,voices/id0044/English/vYJc6nLFq40/00011.wav,faces/id0044/vYJc6nLFq40
train,id0018,English,KQrdbivDg9E,faces/id0018/KQrdbivDg9E/0000000.jpg,voices/id0018/English/KQrdbivDg9E/00058.wav,faces/id0018/KQrdbivDg9E
train,id0067,English,aGdUenA305A,faces/id0067/aGdUenA305A/0000025.jpg,voices/id0067/English/aGdUenA305A/00029.wav,faces/id0067/aGdUenA305A
train,id0065,English,aDRUp-LbiH4,faces/id0065/aDRUp-LbiH4/0014500.jpg,voices/id0065/English/aDRUp-LbiH4/00003.wav,faces/id0065/aDRUp-LbiH4
train,id0052,English,oKKSSoDfquA,faces/id0052/oKKSSoDfquA/0000025.jpg,voices/id0052/English/oKKSSoDfquA/00086.wav,faces/id0052/oKKSSoDfquA
train,id0013,English,hlzQirEpr-0,faces/id0013/hlzQirEpr-0/0000000.jpg,voices/id0013/English/hlzQirEpr-0/00006.wav,faces/id0013/hlzQirEpr-0
train,id0024,English,l_0BFvm_rBc,faces/id0024/l_0BFvm_rBc/0005200.jpg,voices/id0024/English/l_0BFvm_rBc/00012.wav,faces/id0024/l_0BFvm_rBc
train,id0039,English,Aq57LMnhilM,faces/id0039/Aq57LMnhilM/0000000.jpg,voices/id0039/English/Aq57LMnhilM/00036.wav,faces/id0039/Aq57LMnhilM
train,id0068,English,HqI2vq9xQNc,faces/id0068/HqI2vq9xQNc/0000125.jpg,voices/id0068/English/HqI2vq9xQNc/00006.wav,faces/id0068/HqI2vq9xQNc
train,id0033,English,02L6RPzTSoI,faces/id0033/02L6RPzTSoI/0001475.jpg,voices/id0033/English/02L6RPzTSoI/00026.wav,faces/id0033/02L6RPzTSoI
train,id0011,English,zH9gdUqT7Hs,faces/id0011/zH9gdUqT7Hs/0000000.jpg,voices/id0011/English/zH9gdUqT7Hs/00027.wav,faces/id0011/zH9gdUqT7Hs
train,id0016,English,8JDCjoGMly8,faces/id0016/8JDCjoGMly8/0001350.jpg,voices/id0016/English/8JDCjoGMly8/00031.wav,faces/id0016/8JDCjoGMly8
train,id0033,English,02L6RPzTSoI,faces/id0033/02L6RPzTSoI/0001475.jpg,voices/id0033/English/02L6RPzTSoI/00033.wav,faces/id0033/02L6RPzTSoI
train,id0006,English,c0qE9UlV38c,faces/id0006/c0qE9UlV38c/0000150.jpg,voices/id0006/English/c0qE9UlV38c/00001.wav,faces/id0006/c0qE9UlV38c
train,id0012,English,fvt3f_xZZl0,faces/id0012/fvt3f_xZZl0/0004750.jpg,voices/id0012/English/fvt3f_xZZl0/00003.wav,faces/id0012/fvt3f_xZZl0
train,id0045,English,QjPkuA2BoX4,faces/id0045/QjPkuA2BoX4/0001625.jpg,voices/id0045/English/QjPkuA2BoX4/00131.wav,faces/id0045/QjPkuA2BoX4
train,id0041,English,igda3vF6SuI,faces/id0041/igda3vF6SuI/0001950.jpg,voices/id0041/English/igda3vF6SuI/00076.wav,faces/id0041/igda3vF6SuI
train,id0015,English,hU5pLzIixjw,faces/id0015/hU5pLzIixjw/0000975.jpg,voices/id0015/English/hU5pLzIixjw/00024.wav,faces/id0015/hU5pLzIixjw
train,id0025,English,VlFa0S-juA0,faces/id0025/VlFa0S-juA0/0000000.jpg,voices/id0025/English/VlFa0S-juA0/00015.wav,faces/id0025/VlFa0S-juA0
train,id0002,English,R3Esg-J-Btg,faces/id0002/R3Esg-J-Btg/0000000.jpg,voices/id0002/English/R3Esg-J-Btg/00006.wav,faces/id0002/R3Esg-J-Btg
train,id0039,English,vKiGkbyfHPA,faces/id0039/vKiGkbyfHPA/0000025.jpg,voices/id0039/English/vKiGkbyfHPA/00116.wav,faces/id0039/vKiGkbyfHPA
train,id0045,English,QjPkuA2BoX4,faces/id0045/QjPkuA2BoX4/0001625.jpg,voices/id0045/English/QjPkuA2BoX4/00118.wav,faces/id0045/QjPkuA2BoX4
train,id0002,English,a8YwLpyHArc,faces/id0002/a8YwLpyHArc/0000075.jpg,voices/id0002/English/a8YwLpyHArc/00025.wav,faces/id0002/a8YwLpyHArc
train,id0020,English,Nm0j-kYWoLU,faces/id0020/Nm0j-kYWoLU/0000450.jpg,voices/id0020/English/Nm0j-kYWoLU/00000.wav,faces/id0020/Nm0j-kYWoLU
train,id0028,English,dxqN3FoMml8,faces/id0028/dxqN3FoMml8/0002125.jpg,voices/id0028/English/dxqN3FoMml8/00000.wav,faces/id0028/dxqN3FoMml8
train,id0013,English,CbHAv1DqVtA,faces/id0013/CbHAv1DqVtA/0000450.jpg,voices/id0013/English/CbHAv1DqVtA/00027.wav,faces/id0013/CbHAv1DqVtA
train,id0028,English,dxqN3FoMml8,faces/id0028/dxqN3FoMml8/0002125.jpg,voices/id0028/English/dxqN3FoMml8/00010.wav,faces/id0028/dxqN3FoMml8
train,id0012,English,fD-bx1O1Lp4,faces/id0012/fD-bx1O1Lp4/0001300.jpg,voices/id0012/English/fD-bx1O1Lp4/00014.wav,faces/id0012/fD-bx1O1Lp4
train,id0016,English,_ZWgPMT33as,faces/id0016/_ZWgPMT33as/0000000.jpg,voices/id0016/English/_ZWgPMT33as/00022.wav,faces/id0016/_ZWgPMT33as
train,id0012,English,ERAJ_QXo-oY,faces/id0012/ERAJ_QXo-oY/0002775.jpg,voices/id0012/English/ERAJ_QXo-oY/00000.wav,faces/id0012/ERAJ_QXo-oY
train,id0011,English,CsnMSIZg04A,faces/id0011/CsnMSIZg04A/0000075.jpg,voices/id0011/English/CsnMSIZg04A/00017.wav,faces/id0011/CsnMSIZg04A
train,id0064,English,-IdCGsKL8KE,faces/id0064/-IdCGsKL8KE/0004200.jpg,voices/id0064/English/-IdCGsKL8KE/00022.wav,faces/id0064/-IdCGsKL8KE
train,id0066,English,vLGbzM29Z8s,faces/id0066/vLGbzM29Z8s/0000125.jpg,voices/id0066/English/vLGbzM29Z8s/00000.wav,faces/id0066/vLGbzM29Z8s
train,id0042,English,x0gAxC1o58E,faces/id0042/x0gAxC1o58E/0000375.jpg,voices/id0042/English/x0gAxC1o58E/00002.wav,faces/id0042/x0gAxC1o58E
train,id0016,English,8JDCjoGMly8,faces/id0016/8JDCjoGMly8/0001350.jpg,voices/id0016/English/8JDCjoGMly8/00030.wav,faces/id0016/8JDCjoGMly8
train,id0015,English,hU5pLzIixjw,faces/id0015/hU5pLzIixjw/0000975.jpg,voices/id0015/English/hU5pLzIixjw/00031.wav,faces/id0015/hU5pLzIixjw
train,id0001,English,Y16ltGEvXzI,faces/id0001/Y16ltGEvXzI/0001300.jpg,voices/id0001/English/Y16ltGEvXzI/00072.wav,faces/id0001/Y16ltGEvXzI
train,id0039,English,Aq57LMnhilM,faces/id0039/Aq57LMnhilM/0000000.jpg,voices/id0039/English/Aq57LMnhilM/00035.wav,faces/id0039/Aq57LMnhilM
train,id0053,English,oO1YLLuj52g,faces/id0053/oO1YLLuj52g/0000250.jpg,voices/id0053/English/oO1YLLuj52g/00006.wav,faces/id0053/oO1YLLuj52g
train,id0003,English,sHbyLrzEByw,faces/id0003/sHbyLrzEByw/0000975.jpg,voices/id0003/English/sHbyLrzEByw/00026.wav,faces/id0003/sHbyLrzEByw
train,id0011,English,zH9gdUqT7Hs,faces/id0011/zH9gdUqT7Hs/0000000.jpg,voices/id0011/English/zH9gdUqT7Hs/00022.wav,faces/id0011/zH9gdUqT7Hs
train,id0052,English,oKKSSoDfquA,faces/id0052/oKKSSoDfquA/0000025.jpg,voices/id0052/English/oKKSSoDfquA/00042.wav,faces/id0052/oKKSSoDfquA
train,id0057,English,oqmfyQUwDsI,faces/id0057/oqmfyQUwDsI/0004375.jpg,voices/id0057/English/oqmfyQUwDsI/00000.wav,faces/id0057/oqmfyQUwDsI
train,id0052,English,uX3Q8CzGyVk,faces/id0052/uX3Q8CzGyVk/0000025.jpg,voices/id0052/English/uX3Q8CzGyVk/00050.wav,faces/id0052/uX3Q8CzGyVk
train,id0069,English,9K0_Ba3uRQ8,faces/id0069/9K0_Ba3uRQ8/0000525.jpg,voices/id0069/English/9K0_Ba3uRQ8/00005.wav,faces/id0069/9K0_Ba3uRQ8
train,id0062,English,SK8nrapRgqQ,faces/id0062/SK8nrapRgqQ/0001575.jpg,voices/id0062/English/SK8nrapRgqQ/00044.wav,faces/id0062/SK8nrapRgqQ
train,id0010,English,YA3TA8K8CPM,faces/id0010/YA3TA8K8CPM/0000200.jpg,voices/id0010/English/YA3TA8K8CPM/00007.wav,faces/id0010/YA3TA8K8CPM
train,id0046,English,wvNCshp5114,faces/id0046/wvNCshp5114/0000100.jpg,voices/id0046/English/wvNCshp5114/00003.wav,faces/id0046/wvNCshp5114
train,id0018,English,KQrdbivDg9E,faces/id0018/KQrdbivDg9E/0000000.jpg,voices/id0018/English/KQrdbivDg9E/00046.wav,faces/id0018/KQrdbivDg9E
train,id0028,English,SxPxjK1j_CY,faces/id0028/SxPxjK1j_CY/0000325.jpg,voices/id0028/English/SxPxjK1j_CY/00009.wav,faces/id0028/SxPxjK1j_CY
train,id0039,English,vKiGkbyfHPA,faces/id0039/vKiGkbyfHPA/0000025.jpg,voices/id0039/English/vKiGkbyfHPA/00088.wav,faces/id0039/vKiGkbyfHPA
train,id0070,English,Xu4MTv5wgys,faces/id0070/Xu4MTv5wgys/0000025.jpg,voices/id0070/English/Xu4MTv5wgys/00003.wav,faces/id0070/Xu4MTv5wgys
train,id0015,English,0R531JwP45k,faces/id0015/0R531JwP45k/0000950.jpg,voices/id0015/English/0R531JwP45k/00048.wav,faces/id0015/0R531JwP45k
train,id0015,English,BupAovo40Uc,faces/id0015/BupAovo40Uc/0000250.jpg,voices/id0015/English/BupAovo40Uc/00007.wav,faces/id0015/BupAovo40Uc
train,id0014,English,8EkiwaWYds8,faces/id0014/8EkiwaWYds8/0001450.jpg,voices/id0014/English/8EkiwaWYds8/00007.wav,faces/id0014/8EkiwaWYds8
train,id0026,English,OPXOtcHTP0A,faces/id0026/OPXOtcHTP0A/0002500.jpg,voices/id0026/English/OPXOtcHTP0A/00009.wav,faces/id0026/OPXOtcHTP0A
train,id0001,English,mg8ST-ymYv0,faces/id0001/mg8ST-ymYv0/0030925.jpg,voices/id0001/English/mg8ST-ymYv0/00003.wav,faces/id0001/mg8ST-ymYv0
train,id0018,English,KQrdbivDg9E,faces/id0018/KQrdbivDg9E/0000000.jpg,voices/id0018/English/KQrdbivDg9E/00056.wav,faces/id0018/KQrdbivDg9E
train,id0032,English,R94FJ76YAbg,faces/id0032/R94FJ76YAbg/0000250.jpg,voices/id0032/English/R94FJ76YAbg/00005.wav,faces/id0032/R94FJ76YAbg
train,id0005,English,aT4fcH93Fxw,faces/id0005/aT4fcH93Fxw/0004250.jpg,voices/id0005/English/aT4fcH93Fxw/00016.wav,faces/id0005/aT4fcH93Fxw
train,id0057,English,ibr4dXajSJ8,faces/id0057/ibr4dXajSJ8/0000225.jpg,voices/id0057/English/ibr4dXajSJ8/00028.wav,faces/id0057/ibr4dXajSJ8
train,id0045,English,QjPkuA2BoX4,faces/id0045/QjPkuA2BoX4/0001625.jpg,voices/id0045/English/QjPkuA2BoX4/00088.wav,faces/id0045/QjPkuA2BoX4
train,id0043,English,BcP6EKeHE4U,faces/id0043/BcP6EKeHE4U/0000425.jpg,voices/id0043/English/BcP6EKeHE4U/00005.wav,faces/id0043/BcP6EKeHE4U
train,id0019,English,u2eClpoLbb4,faces/id0019/u2eClpoLbb4/0002750.jpg,voices/id0019/English/u2eClpoLbb4/00002.wav,faces/id0019/u2eClpoLbb4
train,id0001,English,Y16ltGEvXzI,faces/id0001/Y16ltGEvXzI/0001300.jpg,voices/id0001/English/Y16ltGEvXzI/00054.wav,faces/id0001/Y16ltGEvXzI
train,id0028,English,SxPxjK1j_CY,faces/id0028/SxPxjK1j_CY/0000325.jpg,voices/id0028/English/SxPxjK1j_CY/00019.wav,faces/id0028/SxPxjK1j_CY
train,id0025,English,VlFa0S-juA0,faces/id0025/VlFa0S-juA0/0000000.jpg,voices/id0025/English/VlFa0S-juA0/00047.wav,faces/id0025/VlFa0S-juA0
train,id0061,English,iv5Yiyr-rqU,faces/id0061/iv5Yiyr-rqU/0000150.jpg,voices/id0061/English/iv5Yiyr-rqU/00000.wav,faces/id0061/iv5Yiyr-rqU
train,id0039,English,vKiGkbyfHPA,faces/id0039/vKiGkbyfHPA/0000025.jpg,voices/id0039/English/vKiGkbyfHPA/00138.wav,faces/id0039/vKiGkbyfHPA
train,id0005,English,YETolXZneZA,faces/id0005/YETolXZneZA/0000000.jpg,voices/id0005/English/YETolXZneZA/00022.wav,faces/id0005/YETolXZneZA
train,id0062,English,SK8nrapRgqQ,faces/id0062/SK8nrapRgqQ/0001575.jpg,voices/id0062/English/SK8nrapRgqQ/00008.wav,faces/id0062/SK8nrapRgqQ
train,id0057,English,ibr4dXajSJ8,faces/id0057/ibr4dXajSJ8/0000225.jpg,voices/id0057/English/ibr4dXajSJ8/00015.wav,faces/id0057/ibr4dXajSJ8
train,id0003,English,s4eWJQjHB0I,faces/id0003/s4eWJQjHB0I/0001275.jpg,voices/id0003/English/s4eWJQjHB0I/00039.wav,faces/id0003/s4eWJQjHB0I
train,id0021,English,YFvtct2Yc94,faces/id0021/YFvtct2Yc94/0000225.jpg,voices/id0021/English/YFvtct2Yc94/00003.wav,faces/id0021/YFvtct2Yc94
train,id0026,English,OPXOtcHTP0A,faces/id0026/OPXOtcHTP0A/0002500.jpg,voices/id0026/English/OPXOtcHTP0A/00006.wav,faces/id0026/OPXOtcHTP0A
train,id0025,English,9UKSten91H4,faces/id0025/9UKSten91H4/0000025.jpg,voices/id0025/English/9UKSten91H4/00008.wav,faces/id0025/9UKSten91H4
train,id0061,English,iv5Yiyr-rqU,faces/id0061/iv5Yiyr-rqU/0000150.jpg,voices/id0061/English/iv5Yiyr-rqU/00003.wav,faces/id0061/iv5Yiyr-rqU
train,id0024,English,l_0BFvm_rBc,faces/id0024/l_0BFvm_rBc/0005200.jpg,voices/id0024/English/l_0BFvm_rBc/00020.wav,faces/id0024/l_0BFvm_rBc
train,id0003,English,bV2qGq9jc9Y,faces/id0003/bV2qGq9jc9Y/0001275.jpg,voices/id0003/English/bV2qGq9jc9Y/00025.wav,faces/id0003/bV2qGq9jc9Y
train,id0045,English,QjPkuA2BoX4,faces/id0045/QjPkuA2BoX4/0001625.jpg,voices/id0045/English/QjPkuA2BoX4/00115.wav,faces/id0045/QjPkuA2BoX4
train,id0056,English,1_a3Y6LGpAA,faces/id0056/1_a3Y6LGpAA/0000825.jpg,voices/id0056/English/1_a3Y6LGpAA/00052.wav,faces/id0056/1_a3Y6LGpAA
train,id0028,English,REIQ9Vlh0Lk,faces/id0028/REIQ9Vlh0Lk/0000000.jpg,voices/id0028/English/REIQ9Vlh0Lk/00058.wav,faces/id0028/REIQ9Vlh0Lk
train,id0048,English,dpd_s0t0geM,faces/id0048/dpd_s0t0geM/0002900.jpg,voices/id0048/English/dpd_s0t0geM/00005.wav,faces/id0048/dpd_s0t0geM
train,id0009,English,CbMvPV-JKew,faces/id0009/CbMvPV-JKew/0001075.jpg,voices/id0009/English/CbMvPV-JKew/00047.wav,faces/id0009/CbMvPV-JKew
train,id0022,English,PoMGgCakSb0,faces/id0022/PoMGgCakSb0/0000000.jpg,voices/id0022/English/PoMGgCakSb0/00014.wav,faces/id0022/PoMGgCakSb0
train,id0021,English,M7smcdBePQA,faces/id0021/M7smcdBePQA/0001175.jpg,voices/id0021/English/M7smcdBePQA/00000.wav,faces/id0021/M7smcdBePQA
train,id0048,English,dpd_s0t0geM,faces/id0048/dpd_s0t0geM/0002900.jpg,voices/id0048/English/dpd_s0t0geM/00048.wav,faces/id0048/dpd_s0t0geM
train,id0010,English,xVmH3hQ4Jn8,faces/id0010/xVmH3hQ4Jn8/0001175.jpg,voices/id0010/English/xVmH3hQ4Jn8/00001.wav,faces/id0010/xVmH3hQ4Jn8
train,id0058,English,aV8i5s5971E,faces/id0058/aV8i5s5971E/0000425.jpg,voices/id0058/English/aV8i5s5971E/00001.wav,faces/id0058/aV8i5s5971E
train,id0003,English,s4eWJQjHB0I,faces/id0003/s4eWJQjHB0I/0001275.jpg,voices/id0003/English/s4eWJQjHB0I/00031.wav,faces/id0003/s4eWJQjHB0I
train,id0013,English,DEKORAnjQCM,faces/id0013/DEKORAnjQCM/0001025.jpg,voices/id0013/English/DEKORAnjQCM/00000.wav,faces/id0013/DEKORAnjQCM
train,id0001,English,SpfaJtrTMfc,faces/id0001/SpfaJtrTMfc/0002475.jpg,voices/id0001/English/SpfaJtrTMfc/00003.wav,faces/id0001/SpfaJtrTMfc
train,id0062,English,SK8nrapRgqQ,faces/id0062/SK8nrapRgqQ/0001575.jpg,voices/id0062/English/SK8nrapRgqQ/00057.wav,faces/id0062/SK8nrapRgqQ
train,id0058,English,aV8i5s5971E,faces/id0058/aV8i5s5971E/0000425.jpg,voices/id0058/English/aV8i5s5971E/00000.wav,faces/id0058/aV8i5s5971E
train,id0056,English,1_a3Y6LGpAA,faces/id0056/1_a3Y6LGpAA/0000825.jpg,voices/id0056/English/1_a3Y6LGpAA/00024.wav,faces/id0056/1_a3Y6LGpAA
train,id0017,English,iNzFuVDC0vE,faces/id0017/iNzFuVDC0vE/0001325.jpg,voices/id0017/English/iNzFuVDC0vE/00045.wav,faces/id0017/iNzFuVDC0vE
train,id0025,English,VlFa0S-juA0,faces/id0025/VlFa0S-juA0/0000000.jpg,voices/id0025/English/VlFa0S-juA0/00017.wav,faces/id0025/VlFa0S-juA0
train,id0006,English,caVRuzpMDNE,faces/id0006/caVRuzpMDNE/0000375.jpg,voices/id0006/English/caVRuzpMDNE/00036.wav,faces/id0006/caVRuzpMDNE
train,id0039,English,vKiGkbyfHPA,faces/id0039/vKiGkbyfHPA/0000025.jpg,voices/id0039/English/vKiGkbyfHPA/00150.wav,faces/id0039/vKiGkbyfHPA
train,id0012,English,fD-bx1O1Lp4,faces/id0012/fD-bx1O1Lp4/0001300.jpg,voices/id0012/English/fD-bx1O1Lp4/00026.wav,faces/id0012/fD-bx1O1Lp4
train,id0041,English,igda3vF6SuI,faces/id0041/igda3vF6SuI/0001950.jpg,voices/id0041/English/igda3vF6SuI/00039.wav,faces/id0041/igda3vF6SuI
train,id0048,English,dpd_s0t0geM,faces/id0048/dpd_s0t0geM/0002900.jpg,voices/id0048/English/dpd_s0t0geM/00056.wav,faces/id0048/dpd_s0t0geM
train,id0045,English,QjPkuA2BoX4,faces/id0045/QjPkuA2BoX4/0001625.jpg,voices/id0045/English/QjPkuA2BoX4/00128.wav,faces/id0045/QjPkuA2BoX4
train,id0018,English,KQrdbivDg9E,faces/id0018/KQrdbivDg9E/0000000.jpg,voices/id0018/English/KQrdbivDg9E/00050.wav,faces/id0018/KQrdbivDg9E
train,id0049,English,bQXzC47izaE,faces/id0049/bQXzC47izaE/0001525.jpg,voices/id0049/English/bQXzC47izaE/00024.wav,faces/id0049/bQXzC47izaE
train,id0039,English,qyZ004QI6Iw,faces/id0039/qyZ004QI6Iw/0000025.jpg,voices/id0039/English/qyZ004QI6Iw/00007.wav,faces/id0039/qyZ004QI6Iw
train,id0024,English,Zh1mPZ-UuSA,faces/id0024/Zh1mPZ-UuSA/0000400.jpg,voices/id0024/English/Zh1mPZ-UuSA/00001.wav,faces/id0024/Zh1mPZ-UuSA
train,id0064,English,EwbbCMlWCyk,faces/id0064/EwbbCMlWCyk/0004275.jpg,voices/id0064/English/EwbbCMlWCyk/00003.wav,faces/id0064/EwbbCMlWCyk
train,id0025,English,VlFa0S-juA0,faces/id0025/VlFa0S-juA0/0000000.jpg,voices/id0025/English/VlFa0S-juA0/00025.wav,faces/id0025/VlFa0S-juA0
train,id0012,English,k-f3Nnd5n8A,faces/id0012/k-f3Nnd5n8A/0000000.jpg,voices/id0012/English/k-f3Nnd5n8A/00003.wav,faces/id0012/k-f3Nnd5n8A
train,id0045,English,QjPkuA2BoX4,faces/id0045/QjPkuA2BoX4/0001625.jpg,voices/id0045/English/QjPkuA2BoX4/00026.wav,faces/id0045/QjPkuA2BoX4
train,id0011,English,ymgOryA8uUQ,faces/id0011/ymgOryA8uUQ/0000100.jpg,voices/id0011/English/ymgOryA8uUQ/00021.wav,faces/id0011/ymgOryA8uUQ
train,id0018,English,puFKMdbciqg,faces/id0018/puFKMdbciqg/0000100.jpg,voices/id0018/English/puFKMdbciqg/00001.wav,faces/id0018/puFKMdbciqg
train,id0003,English,bV2qGq9jc9Y,faces/id0003/bV2qGq9jc9Y/0001275.jpg,voices/id0003/English/bV2qGq9jc9Y/00016.wav,faces/id0003/bV2qGq9jc9Y
train,id0044,English,vYJc6nLFq40,faces/id0044/vYJc6nLFq40/0000625.jpg,voices/id0044/English/vYJc6nLFq40/00069.wav,faces/id0044/vYJc6nLFq40
train,id0046,English,tvypCOY4Zjg,faces/id0046/tvypCOY4Zjg/0000475.jpg,voices/id0046/English/tvypCOY4Zjg/00001.wav,faces/id0046/tvypCOY4Zjg
train,id0045,English,QjPkuA2BoX4,faces/id0045/QjPkuA2BoX4/0001625.jpg,voices/id0045/English/QjPkuA2BoX4/00084.wav,faces/id0045/QjPkuA2BoX4
train,id0060,English,-uaC3Fs81GQ,faces/id0060/-uaC3Fs81GQ/0001000.jpg,voices/id0060/English/-uaC3Fs81GQ/00001.wav,faces/id0060/-uaC3Fs81GQ
train,id0061,English,cOPwZX2_gR4,faces/id0061/cOPwZX2_gR4/0000025.jpg,voices/id0061/English/cOPwZX2_gR4/00002.wav,faces/id0061/cOPwZX2_gR4
train,id0039,English,qyZ004QI6Iw,faces/id0039/qyZ004QI6Iw/0000025.jpg,voices/id0039/English/qyZ004QI6Iw/00129.wav,faces/id0039/qyZ004QI6Iw
train,id0052,English,uX3Q8CzGyVk,faces/id0052/uX3Q8CzGyVk/0000025.jpg,voices/id0052/English/uX3Q8CzGyVk/00008.wav,faces/id0052/uX3Q8CzGyVk
train,id0039,English,vKiGkbyfHPA,faces/id0039/vKiGkbyfHPA/0000025.jpg,voices/id0039/English/vKiGkbyfHPA/00074.wav,faces/id0039/vKiGkbyfHPA
train,id0033,English,02L6RPzTSoI,faces/id0033/02L6RPzTSoI/0001475.jpg,voices/id0033/English/02L6RPzTSoI/00011.wav,faces/id0033/02L6RPzTSoI
train,id0003,English,RRdfeB-NRqw,faces/id0003/RRdfeB-NRqw/0001300.jpg,voices/id0003/English/RRdfeB-NRqw/00004.wav,faces/id0003/RRdfeB-NRqw
train,id0009,English,gXnUW8OooRk,faces/id0009/gXnUW8OooRk/0000275.jpg,voices/id0009/English/gXnUW8OooRk/00000.wav,faces/id0009/gXnUW8OooRk
train,id0039,English,vKiGkbyfHPA,faces/id0039/vKiGkbyfHPA/0000025.jpg,voices/id0039/English/vKiGkbyfHPA/00052.wav,faces/id0039/vKiGkbyfHPA
train,id0001,English,M4apuT0lOAk,faces/id0001/M4apuT0lOAk/0004775.jpg,voices/id0001/English/M4apuT0lOAk/00008.wav,faces/id0001/M4apuT0lOAk
train,id0013,English,hlzQirEpr-0,faces/id0013/hlzQirEpr-0/0000000.jpg,voices/id0013/English/hlzQirEpr-0/00004.wav,faces/id0013/hlzQirEpr-0
train,id0052,English,oKKSSoDfquA,faces/id0052/oKKSSoDfquA/0000025.jpg,voices/id0052/English/oKKSSoDfquA/00008.wav,faces/id0052/oKKSSoDfquA
train,id0018,English,KQrdbivDg9E,faces/id0018/KQrdbivDg9E/0000000.jpg,voices/id0018/English/KQrdbivDg9E/00026.wav,faces/id0018/KQrdbivDg9E
train,id0051,English,w_c9WOoaAJ8,faces/id0051/w_c9WOoaAJ8/0000200.jpg,voices/id0051/English/w_c9WOoaAJ8/00002.wav,faces/id0051/w_c9WOoaAJ8
train,id0045,English,Erq4Y9TVf4o,faces/id0045/Erq4Y9TVf4o/0001125.jpg,voices/id0045/English/Erq4Y9TVf4o/00004.wav,faces/id0045/Erq4Y9TVf4o
train,id0028,English,dxqN3FoMml8,faces/id0028/dxqN3FoMml8/0002125.jpg,voices/id0028/English/dxqN3FoMml8/00029.wav,faces/id0028/dxqN3FoMml8
train,id0029,English,52M95d6dSTo,faces/id0029/52M95d6dSTo/0000550.jpg,voices/id0029/English/52M95d6dSTo/00001.wav,faces/id0029/52M95d6dSTo
train,id0006,English,c0qE9UlV38c,faces/id0006/c0qE9UlV38c/0000150.jpg,voices/id0006/English/c0qE9UlV38c/00016.wav,faces/id0006/c0qE9UlV38c
train,id0039,English,qyZ004QI6Iw,faces/id0039/qyZ004QI6Iw/0000025.jpg,voices/id0039/English/qyZ004QI6Iw/00101.wav,faces/id0039/qyZ004QI6Iw
train,id0039,English,vKiGkbyfHPA,faces/id0039/vKiGkbyfHPA/0000025.jpg,voices/id0039/English/vKiGkbyfHPA/00050.wav,faces/id0039/vKiGkbyfHPA
train,id0025,English,VlFa0S-juA0,faces/id0025/VlFa0S-juA0/0000000.jpg,voices/id0025/English/VlFa0S-juA0/00066.wav,faces/id0025/VlFa0S-juA0
train,id0001,English,SpfaJtrTMfc,faces/id0001/SpfaJtrTMfc/0002475.jpg,voices/id0001/English/SpfaJtrTMfc/00041.wav,faces/id0001/SpfaJtrTMfc
train,id0005,English,GuO4KvXh7Js,faces/id0005/GuO4KvXh7Js/0000000.jpg,voices/id0005/English/GuO4KvXh7Js/00002.wav,faces/id0005/GuO4KvXh7Js
train,id0011,English,zH9gdUqT7Hs,faces/id0011/zH9gdUqT7Hs/0000000.jpg,voices/id0011/English/zH9gdUqT7Hs/00014.wav,faces/id0011/zH9gdUqT7Hs
train,id0060,English,sjfVy2Bpaj8,faces/id0060/sjfVy2Bpaj8/0000000.jpg,voices/id0060/English/sjfVy2Bpaj8/00000.wav,faces/id0060/sjfVy2Bpaj8
train,id0039,English,qyZ004QI6Iw,faces/id0039/qyZ004QI6Iw/0000025.jpg,voices/id0039/English/qyZ004QI6Iw/00012.wav,faces/id0039/qyZ004QI6Iw
train,id0028,English,9jcHcByYp_s,faces/id0028/9jcHcByYp_s/0000625.jpg,voices/id0028/English/9jcHcByYp_s/00061.wav,faces/id0028/9jcHcByYp_s
train,id0033,English,02L6RPzTSoI,faces/id0033/02L6RPzTSoI/0001475.jpg,voices/id0033/English/02L6RPzTSoI/00044.wav,faces/id0033/02L6RPzTSoI
train,id0018,English,fV7clNE9P7k,faces/id0018/fV7clNE9P7k/0002200.jpg,voices/id0018/English/fV7clNE9P7k/00011.wav,faces/id0018/fV7clNE9P7k
train,id0048,English,dpd_s0t0geM,faces/id0048/dpd_s0t0geM/0002900.jpg,voices/id0048/English/dpd_s0t0geM/00100.wav,faces/id0048/dpd_s0t0geM
train,id0044,English,vYJc6nLFq40,faces/id0044/vYJc6nLFq40/0000625.jpg,voices/id0044/English/vYJc6nLFq40/00019.wav,faces/id0044/vYJc6nLFq40
train,id0043,English,BcP6EKeHE4U,faces/id0043/BcP6EKeHE4U/0000425.jpg,voices/id0043/English/BcP6EKeHE4U/00010.wav,faces/id0043/BcP6EKeHE4U
train,id0059,English,Nqcoz0iuxEk,faces/id0059/Nqcoz0iuxEk/0002250.jpg,voices/id0059/English/Nqcoz0iuxEk/00005.wav,faces/id0059/Nqcoz0iuxEk
train,id0009,English,CbMvPV-JKew,faces/id0009/CbMvPV-JKew/0001075.jpg,voices/id0009/English/CbMvPV-JKew/00057.wav,faces/id0009/CbMvPV-JKew
train,id0059,English,Nqcoz0iuxEk,faces/id0059/Nqcoz0iuxEk/0002250.jpg,voices/id0059/English/Nqcoz0iuxEk/00045.wav,faces/id0059/Nqcoz0iuxEk
train,id0029,English,SnVpb830XpQ,faces/id0029/SnVpb830XpQ/0000025.jpg,voices/id0029/English/SnVpb830XpQ/00007.wav,faces/id0029/SnVpb830XpQ
train,id0018,English,fV7clNE9P7k,faces/id0018/fV7clNE9P7k/0002200.jpg,voices/id0018/English/fV7clNE9P7k/00021.wav,faces/id0018/fV7clNE9P7k
train,id0048,English,dpd_s0t0geM,faces/id0048/dpd_s0t0geM/0002900.jpg,voices/id0048/English/dpd_s0t0geM/00091.wav,faces/id0048/dpd_s0t0geM
train,id0057,English,CkhXmrKN5A8,faces/id0057/CkhXmrKN5A8/0004325.jpg,voices/id0057/English/CkhXmrKN5A8/00000.wav,faces/id0057/CkhXmrKN5A8
train,id0029,English,52M95d6dSTo,faces/id0029/52M95d6dSTo/0000550.jpg,voices/id0029/English/52M95d6dSTo/00012.wav,faces/id0029/52M95d6dSTo
train,id0048,English,dpd_s0t0geM,faces/id0048/dpd_s0t0geM/0002900.jpg,voices/id0048/English/dpd_s0t0geM/00098.wav,faces/id0048/dpd_s0t0geM
train,id0069,English,9K0_Ba3uRQ8,faces/id0069/9K0_Ba3uRQ8/0000525.jpg,voices/id0069/English/9K0_Ba3uRQ8/00002.wav,faces/id0069/9K0_Ba3uRQ8
train,id0055,English,1E2M_GJQpfc,faces/id0055/1E2M_GJQpfc/0004125.jpg,voices/id0055/English/1E2M_GJQpfc/00007.wav,faces/id0055/1E2M_GJQpfc
train,id0003,English,s4eWJQjHB0I,faces/id0003/s4eWJQjHB0I/0001275.jpg,voices/id0003/English/s4eWJQjHB0I/00017.wav,faces/id0003/s4eWJQjHB0I
train,id0042,English,Hv8V8gQfcug,faces/id0042/Hv8V8gQfcug/0000025.jpg,voices/id0042/English/Hv8V8gQfcug/00004.wav,faces/id0042/Hv8V8gQfcug
train,id0039,English,vKiGkbyfHPA,faces/id0039/vKiGkbyfHPA/0000025.jpg,voices/id0039/English/vKiGkbyfHPA/00081.wav,faces/id0039/vKiGkbyfHPA
train,id0009,English,CbMvPV-JKew,faces/id0009/CbMvPV-JKew/0001075.jpg,voices/id0009/English/CbMvPV-JKew/00030.wav,faces/id0009/CbMvPV-JKew
train,id0022,English,vHzoWDUboWA,faces/id0022/vHzoWDUboWA/0000900.jpg,voices/id0022/English/vHzoWDUboWA/00006.wav,faces/id0022/vHzoWDUboWA
train,id0052,English,oKKSSoDfquA,faces/id0052/oKKSSoDfquA/0000025.jpg,voices/id0052/English/oKKSSoDfquA/00095.wav,faces/id0052/oKKSSoDfquA
train,id0045,English,h7A9ToTEKQA,faces/id0045/h7A9ToTEKQA/0000750.jpg,voices/id0045/English/h7A9ToTEKQA/00001.wav,faces/id0045/h7A9ToTEKQA
train,id0025,English,VlFa0S-juA0,faces/id0025/VlFa0S-juA0/0000000.jpg,voices/id0025/English/VlFa0S-juA0/00023.wav,faces/id0025/VlFa0S-juA0
train,id0039,English,vKiGkbyfHPA,faces/id0039/vKiGkbyfHPA/0000025.jpg,voices/id0039/English/vKiGkbyfHPA/00110.wav,faces/id0039/vKiGkbyfHPA
train,id0026,English,GTG5Q7X8wh0,faces/id0026/GTG5Q7X8wh0/0001675.jpg,voices/id0026/English/GTG5Q7X8wh0/00000.wav,faces/id0026/GTG5Q7X8wh0
train,id0059,English,fLmv5exbzmg,faces/id0059/fLmv5exbzmg/0001000.jpg,voices/id0059/English/fLmv5exbzmg/00003.wav,faces/id0059/fLmv5exbzmg
train,id0052,English,m_2TipjC5pw,faces/id0052/m_2TipjC5pw/0000025.jpg,voices/id0052/English/m_2TipjC5pw/00013.wav,faces/id0052/m_2TipjC5pw
train,id0011,English,de7oVYjfT3Y,faces/id0011/de7oVYjfT3Y/0000050.jpg,voices/id0011/English/de7oVYjfT3Y/00034.wav,faces/id0011/de7oVYjfT3Y
train,id0054,English,L1lsne6_YtE,faces/id0054/L1lsne6_YtE/0000025.jpg,voices/id0054/English/L1lsne6_YtE/00036.wav,faces/id0054/L1lsne6_YtE
train,id0045,English,QjPkuA2BoX4,faces/id0045/QjPkuA2BoX4/0001625.jpg,voices/id0045/English/QjPkuA2BoX4/00018.wav,faces/id0045/QjPkuA2BoX4
train,id0009,English,ACwVcpt8MFA,faces/id0009/ACwVcpt8MFA/0004675.jpg,voices/id0009/English/ACwVcpt8MFA/00029.wav,faces/id0009/ACwVcpt8MFA
train,id0018,English,4FamrqoER0A,faces/id0018/4FamrqoER0A/0000725.jpg,voices/id0018/English/4FamrqoER0A/00001.wav,faces/id0018/4FamrqoER0A
train,id0052,English,oKKSSoDfquA,faces/id0052/oKKSSoDfquA/0000025.jpg,voices/id0052/English/oKKSSoDfquA/00070.wav,faces/id0052/oKKSSoDfquA
train,id0032,English,lqk87yRJeCA,faces/id0032/lqk87yRJeCA/0000850.jpg,voices/id0032/English/lqk87yRJeCA/00001.wav,faces/id0032/lqk87yRJeCA
train,id0050,English,68s,faces/id0050/68s/0000025.jpg,voices/id0050/English/68s/00020.wav,faces/id0050/68s
train,id0039,English,vKiGkbyfHPA,faces/id0039/vKiGkbyfHPA/0000025.jpg,voices/id0039/English/vKiGkbyfHPA/00034.wav,faces/id0039/vKiGkbyfHPA
train,id0039,English,Aq57LMnhilM,faces/id0039/Aq57LMnhilM/0000000.jpg,voices/id0039/English/Aq57LMnhilM/00016.wav,faces/id0039/Aq57LMnhilM
train,id0042,English,879NYRQPID8,faces/id0042/879NYRQPID8/0000000.jpg,voices/id0042/English/879NYRQPID8/00015.wav,faces/id0042/879NYRQPID8
train,id0009,English,CbMvPV-JKew,faces/id0009/CbMvPV-JKew/0001075.jpg,voices/id0009/English/CbMvPV-JKew/00076.wav,faces/id0009/CbMvPV-JKew
train,id0017,English,iNzFuVDC0vE,faces/id0017/iNzFuVDC0vE/0001325.jpg,voices/id0017/English/iNzFuVDC0vE/00029.wav,faces/id0017/iNzFuVDC0vE
train,id0028,English,tD2IDd4aDVg,faces/id0028/tD2IDd4aDVg/0000075.jpg,voices/id0028/English/tD2IDd4aDVg/00005.wav,faces/id0028/tD2IDd4aDVg
train,id0001,English,SpfaJtrTMfc,faces/id0001/SpfaJtrTMfc/0002475.jpg,voices/id0001/English/SpfaJtrTMfc/00051.wav,faces/id0001/SpfaJtrTMfc
train,id0058,English,UJKbF1ddkuE,faces/id0058/UJKbF1ddkuE/0000950.jpg,voices/id0058/English/UJKbF1ddkuE/00004.wav,faces/id0058/UJKbF1ddkuE
train,id0022,English,cIaJasZFQ94,faces/id0022/cIaJasZFQ94/0002650.jpg,voices/id0022/English/cIaJasZFQ94/00013.wav,faces/id0022/cIaJasZFQ94
train,id0028,English,dxqN3FoMml8,faces/id0028/dxqN3FoMml8/0002125.jpg,voices/id0028/English/dxqN3FoMml8/00028.wav,faces/id0028/dxqN3FoMml8
train,id0050,English,364s,faces/id0050/364s/0000025.jpg,voices/id0050/English/364s/00005.wav,faces/id0050/364s
train,id0028,English,9jcHcByYp_s,faces/id0028/9jcHcByYp_s/0000625.jpg,voices/id0028/English/9jcHcByYp_s/00090.wav,faces/id0028/9jcHcByYp_s
train,id0054,English,L1lsne6_YtE,faces/id0054/L1lsne6_YtE/0000025.jpg,voices/id0054/English/L1lsne6_YtE/00010.wav,faces/id0054/L1lsne6_YtE
train,id0023,English,4JZJ3lvujWQ,faces/id0023/4JZJ3lvujWQ/0000000.jpg,voices/id0023/English/4JZJ3lvujWQ/00005.wav,faces/id0023/4JZJ3lvujWQ
train,id0045,English,Erq4Y9TVf4o,faces/id0045/Erq4Y9TVf4o/0001125.jpg,voices/id0045/English/Erq4Y9TVf4o/00001.wav,faces/id0045/Erq4Y9TVf4o
train,id0041,English,igda3vF6SuI,faces/id0041/igda3vF6SuI/0001950.jpg,voices/id0041/English/igda3vF6SuI/00009.wav,faces/id0041/igda3vF6SuI
train,id0003,English,bV2qGq9jc9Y,faces/id0003/bV2qGq9jc9Y/0001275.jpg,voices/id0003/English/bV2qGq9jc9Y/00028.wav,faces/id0003/bV2qGq9jc9Y
train,id0033,English,02L6RPzTSoI,faces/id0033/02L6RPzTSoI/0001475.jpg,voices/id0033/English/02L6RPzTSoI/00038.wav,faces/id0033/02L6RPzTSoI
train,id0025,English,aBJDnyNhWPQ,faces/id0025/aBJDnyNhWPQ/0000650.jpg,voices/id0025/English/aBJDnyNhWPQ/00003.wav,faces/id0025/aBJDnyNhWPQ
train,id0063,English,F8_TqsfIRIc,faces/id0063/F8_TqsfIRIc/0000150.jpg,voices/id0063/English/F8_TqsfIRIc/00000.wav,faces/id0063/F8_TqsfIRIc
train,id0052,English,oKKSSoDfquA,faces/id0052/oKKSSoDfquA/0000025.jpg,voices/id0052/English/oKKSSoDfquA/00052.wav,faces/id0052/oKKSSoDfquA
train,id0045,English,QjPkuA2BoX4,faces/id0045/QjPkuA2BoX4/0001625.jpg,voices/id0045/English/QjPkuA2BoX4/00116.wav,faces/id0045/QjPkuA2BoX4
train,id0047,English,EN3qQZhg6FA,faces/id0047/EN3qQZhg6FA/0000350.jpg,voices/id0047/English/EN3qQZhg6FA/00015.wav,faces/id0047/EN3qQZhg6FA
train,id0067,English,aGdUenA305A,faces/id0067/aGdUenA305A/0000025.jpg,voices/id0067/English/aGdUenA305A/00050.wav,faces/id0067/aGdUenA305A
train,id0053,English,oO1YLLuj52g,faces/id0053/oO1YLLuj52g/0000250.jpg,voices/id0053/English/oO1YLLuj52g/00004.wav,faces/id0053/oO1YLLuj52g
train,id0015,English,Mj6i2IZno7U,faces/id0015/Mj6i2IZno7U/0000175.jpg,voices/id0015/English/Mj6i2IZno7U/00005.wav,faces/id0015/Mj6i2IZno7U
train,id0065,English,eBNt-eUM9RA,faces/id0065/eBNt-eUM9RA/0014500.jpg,voices/id0065/English/eBNt-eUM9RA/00002.wav,faces/id0065/eBNt-eUM9RA
train,id0052,English,m_2TipjC5pw,faces/id0052/m_2TipjC5pw/0000025.jpg,voices/id0052/English/m_2TipjC5pw/00002.wav,faces/id0052/m_2TipjC5pw
train,id0039,English,vKiGkbyfHPA,faces/id0039/vKiGkbyfHPA/0000025.jpg,voices/id0039/English/vKiGkbyfHPA/00003.wav,faces/id0039/vKiGkbyfHPA
train,id0017,English,whnDqsIJoqI,faces/id0017/whnDqsIJoqI/0000250.jpg,voices/id0017/English/whnDqsIJoqI/00004.wav,faces/id0017/whnDqsIJoqI
train,id0023,English,4JZJ3lvujWQ,faces/id0023/4JZJ3lvujWQ/0000000.jpg,voices/id0023/English/4JZJ3lvujWQ/00004.wav,faces/id0023/4JZJ3lvujWQ
train,id0002,English,qubf9NV8Flk,faces/id0002/qubf9NV8Flk/0004925.jpg,voices/id0002/English/qubf9NV8Flk/00000.wav,faces/id0002/qubf9NV8Flk
train,id0013,English,CbHAv1DqVtA,faces/id0013/CbHAv1DqVtA/0000450.jpg,voices/id0013/English/CbHAv1DqVtA/00012.wav,faces/id0013/CbHAv1DqVtA
train,id0023,English,65rZBmCnqtE,faces/id0023/65rZBmCnqtE/0000000.jpg,voices/id0023/English/65rZBmCnqtE/00002.wav,faces/id0023/65rZBmCnqtE
train,id0037,English,JQXdD8SMjkI,faces/id0037/JQXdD8SMjkI/0001425.jpg,voices/id0037/English/JQXdD8SMjkI/00009.wav,faces/id0037/JQXdD8SMjkI
train,id0022,English,vHzoWDUboWA,faces/id0022/vHzoWDUboWA/0000900.jpg,voices/id0022/English/vHzoWDUboWA/00027.wav,faces/id0022/vHzoWDUboWA
train,id0070,English,Xu4MTv5wgys,faces/id0070/Xu4MTv5wgys/0000025.jpg,voices/id0070/English/Xu4MTv5wgys/00002.wav,faces/id0070/Xu4MTv5wgys
train,id0048,English,dpd_s0t0geM,faces/id0048/dpd_s0t0geM/0002900.jpg,voices/id0048/English/dpd_s0t0geM/00024.wav,faces/id0048/dpd_s0t0geM
train,id0016,English,8JDCjoGMly8,faces/id0016/8JDCjoGMly8/0001350.jpg,voices/id0016/English/8JDCjoGMly8/00006.wav,faces/id0016/8JDCjoGMly8
train,id0032,English,R94FJ76YAbg,faces/id0032/R94FJ76YAbg/0000250.jpg,voices/id0032/English/R94FJ76YAbg/00010.wav,faces/id0032/R94FJ76YAbg
train,id0029,English,4Wn4cNh5ZYU,faces/id0029/4Wn4cNh5ZYU/0021575.jpg,voices/id0029/English/4Wn4cNh5ZYU/00002.wav,faces/id0029/4Wn4cNh5ZYU
train,id0015,English,0R531JwP45k,faces/id0015/0R531JwP45k/0000950.jpg,voices/id0015/English/0R531JwP45k/00038.wav,faces/id0015/0R531JwP45k
train,id0052,English,bxObwwjdMnY,faces/id0052/bxObwwjdMnY/0000025.jpg,voices/id0052/English/bxObwwjdMnY/00033.wav,faces/id0052/bxObwwjdMnY
train,id0044,English,OdUCFZTx9xs,faces/id0044/OdUCFZTx9xs/0000750.jpg,voices/id0044/English/OdUCFZTx9xs/00015.wav,faces/id0044/OdUCFZTx9xs
train,id0028,English,REIQ9Vlh0Lk,faces/id0028/REIQ9Vlh0Lk/0000000.jpg,voices/id0028/English/REIQ9Vlh0Lk/00010.wav,faces/id0028/REIQ9Vlh0Lk
train,id0028,English,ghJA8nG4w2s,faces/id0028/ghJA8nG4w2s/0001550.jpg,voices/id0028/English/ghJA8nG4w2s/00003.wav,faces/id0028/ghJA8nG4w2s
train,id0042,English,QKZNY_Tfz38,faces/id0042/QKZNY_Tfz38/0000000.jpg,voices/id0042/English/QKZNY_Tfz38/00006.wav,faces/id0042/QKZNY_Tfz38
train,id0052,English,uX3Q8CzGyVk,faces/id0052/uX3Q8CzGyVk/0000025.jpg,voices/id0052/English/uX3Q8CzGyVk/00046.wav,faces/id0052/uX3Q8CzGyVk
train,id0066,English,Z11MbuMakyI,faces/id0066/Z11MbuMakyI/0000400.jpg,voices/id0066/English/Z11MbuMakyI/00009.wav,faces/id0066/Z11MbuMakyI
train,id0025,English,VlFa0S-juA0,faces/id0025/VlFa0S-juA0/0000000.jpg,voices/id0025/English/VlFa0S-juA0/00051.wav,faces/id0025/VlFa0S-juA0
train,id0016,English,_ZWgPMT33as,faces/id0016/_ZWgPMT33as/0000000.jpg,voices/id0016/English/_ZWgPMT33as/00020.wav,faces/id0016/_ZWgPMT33as
train,id0009,English,CbMvPV-JKew,faces/id0009/CbMvPV-JKew/0001075.jpg,voices/id0009/English/CbMvPV-JKew/00032.wav,faces/id0009/CbMvPV-JKew
train,id0025,English,VlFa0S-juA0,faces/id0025/VlFa0S-juA0/0000000.jpg,voices/id0025/English/VlFa0S-juA0/00053.wav,faces/id0025/VlFa0S-juA0
train,id0029,English,Zq6M_N4rZ44,faces/id0029/Zq6M_N4rZ44/0000000.jpg,voices/id0029/English/Zq6M_N4rZ44/00000.wav,faces/id0029/Zq6M_N4rZ44
train,id0003,English,COiUHZ_xbO4,faces/id0003/COiUHZ_xbO4/0000600.jpg,voices/id0003/English/COiUHZ_xbO4/00006.wav,faces/id0003/COiUHZ_xbO4
train,id0041,English,igda3vF6SuI,faces/id0041/igda3vF6SuI/0001950.jpg,voices/id0041/English/igda3vF6SuI/00075.wav,faces/id0041/igda3vF6SuI
train,id0053,English,oO1YLLuj52g,faces/id0053/oO1YLLuj52g/0000250.jpg,voices/id0053/English/oO1YLLuj52g/00011.wav,faces/id0053/oO1YLLuj52g
train,id0003,English,O_wAm_ewgz4,faces/id0003/O_wAm_ewgz4/0000350.jpg,voices/id0003/English/O_wAm_ewgz4/00005.wav,faces/id0003/O_wAm_ewgz4
train,id0066,English,foG89Q_YrTY,faces/id0066/foG89Q_YrTY/0000000.jpg,voices/id0066/English/foG89Q_YrTY/00009.wav,faces/id0066/foG89Q_YrTY
train,id0048,English,R0UMqq9U6wg,faces/id0048/R0UMqq9U6wg/0000625.jpg,voices/id0048/English/R0UMqq9U6wg/00004.wav,faces/id0048/R0UMqq9U6wg
train,id0028,English,7vkCG4Yzfzo,faces/id0028/7vkCG4Yzfzo/0000075.jpg,voices/id0028/English/7vkCG4Yzfzo/00000.wav,faces/id0028/7vkCG4Yzfzo
train,id0018,English,4FamrqoER0A,faces/id0018/4FamrqoER0A/0000725.jpg,voices/id0018/English/4FamrqoER0A/00003.wav,faces/id0018/4FamrqoER0A
train,id0009,English,Vx6_0RMT3jw,faces/id0009/Vx6_0RMT3jw/0000600.jpg,voices/id0009/English/Vx6_0RMT3jw/00002.wav,faces/id0009/Vx6_0RMT3jw
train,id0052,English,bxObwwjdMnY,faces/id0052/bxObwwjdMnY/0000025.jpg,voices/id0052/English/bxObwwjdMnY/00000.wav,faces/id0052/bxObwwjdMnY
train,id0041,English,igda3vF6SuI,faces/id0041/igda3vF6SuI/0001950.jpg,voices/id0041/English/igda3vF6SuI/00061.wav,faces/id0041/igda3vF6SuI
train,id0045,English,QjPkuA2BoX4,faces/id0045/QjPkuA2BoX4/0001625.jpg,voices/id0045/English/QjPkuA2BoX4/00003.wav,faces/id0045/QjPkuA2BoX4
train,id0053,English,f3LgAvRhY5Q,faces/id0053/f3LgAvRhY5Q/0000000.jpg,voices/id0053/English/f3LgAvRhY5Q/00001.wav,faces/id0053/f3LgAvRhY5Q
train,id0037,English,JQXdD8SMjkI,faces/id0037/JQXdD8SMjkI/0001425.jpg,voices/id0037/English/JQXdD8SMjkI/00020.wav,faces/id0037/JQXdD8SMjkI
train,id0012,English,fD-bx1O1Lp4,faces/id0012/fD-bx1O1Lp4/0001300.jpg,voices/id0012/English/fD-bx1O1Lp4/00020.wav,faces/id0012/fD-bx1O1Lp4
train,id0043,English,6hf-RQmsLTg,faces/id0043/6hf-RQmsLTg/0002050.jpg,voices/id0043/English/6hf-RQmsLTg/00035.wav,faces/id0043/6hf-RQmsLTg
train,id0055,English,ygbDcr4pHtk,faces/id0055/ygbDcr4pHtk/0000175.jpg,voices/id0055/English/ygbDcr4pHtk/00010.wav,faces/id0055/ygbDcr4pHtk
train,id0028,English,dxqN3FoMml8,faces/id0028/dxqN3FoMml8/0002125.jpg,voices/id0028/English/dxqN3FoMml8/00044.wav,faces/id0028/dxqN3FoMml8
train,id0023,English,_TCHCsQECzI,faces/id0023/_TCHCsQECzI/0000025.jpg,voices/id0023/English/_TCHCsQECzI/00011.wav,faces/id0023/_TCHCsQECzI
train,id0039,English,vKiGkbyfHPA,faces/id0039/vKiGkbyfHPA/0000025.jpg,voices/id0039/English/vKiGkbyfHPA/00099.wav,faces/id0039/vKiGkbyfHPA
train,id0024,English,dtA2eON1fJA,faces/id0024/dtA2eON1fJA/0005525.jpg,voices/id0024/English/dtA2eON1fJA/00006.wav,faces/id0024/dtA2eON1fJA
train,id0009,English,gXnUW8OooRk,faces/id0009/gXnUW8OooRk/0000275.jpg,voices/id0009/English/gXnUW8OooRk/00082.wav,faces/id0009/gXnUW8OooRk
train,id0046,English,D_ybxA8YDYI,faces/id0046/D_ybxA8YDYI/0000375.jpg,voices/id0046/English/D_ybxA8YDYI/00001.wav,faces/id0046/D_ybxA8YDYI
train,id0040,English,hJHGUoPB3Ws,faces/id0040/hJHGUoPB3Ws/0000075.jpg,voices/id0040/English/hJHGUoPB3Ws/00016.wav,faces/id0040/hJHGUoPB3Ws
train,id0023,English,ekT7a8A-JDk,faces/id0023/ekT7a8A-JDk/0000000.jpg,voices/id0023/English/ekT7a8A-JDk/00002.wav,faces/id0023/ekT7a8A-JDk
train,id0011,English,YwozNG5iuSY,faces/id0011/YwozNG5iuSY/0001125.jpg,voices/id0011/English/YwozNG5iuSY/00007.wav,faces/id0011/YwozNG5iuSY
train,id0013,English,CbHAv1DqVtA,faces/id0013/CbHAv1DqVtA/0000450.jpg,voices/id0013/English/CbHAv1DqVtA/00017.wav,faces/id0013/CbHAv1DqVtA
train,id0069,English,9K0_Ba3uRQ8,faces/id0069/9K0_Ba3uRQ8/0000525.jpg,voices/id0069/English/9K0_Ba3uRQ8/00019.wav,faces/id0069/9K0_Ba3uRQ8
train,id0044,English,vYJc6nLFq40,faces/id0044/vYJc6nLFq40/0000625.jpg,voices/id0044/English/vYJc6nLFq40/00010.wav,faces/id0044/vYJc6nLFq40
train,id0003,English,PFHTzgQ_Bxg,faces/id0003/PFHTzgQ_Bxg/0006175.jpg,voices/id0003/English/PFHTzgQ_Bxg/00015.wav,faces/id0003/PFHTzgQ_Bxg
train,id0048,English,dpd_s0t0geM,faces/id0048/dpd_s0t0geM/0002900.jpg,voices/id0048/English/dpd_s0t0geM/00039.wav,faces/id0048/dpd_s0t0geM
train,id0046,English,HDK2xWJnVAg,faces/id0046/HDK2xWJnVAg/0013075.jpg,voices/id0046/English/HDK2xWJnVAg/00000.wav,faces/id0046/HDK2xWJnVAg
train,id0052,English,Bk-cX342Faw,faces/id0052/Bk-cX342Faw/0000025.jpg,voices/id0052/English/Bk-cX342Faw/00008.wav,faces/id0052/Bk-cX342Faw
train,id0012,English,ERAJ_QXo-oY,faces/id0012/ERAJ_QXo-oY/0002775.jpg,voices/id0012/English/ERAJ_QXo-oY/00001.wav,faces/id0012/ERAJ_QXo-oY
train,id0025,English,VlFa0S-juA0,faces/id0025/VlFa0S-juA0/0000000.jpg,voices/id0025/English/VlFa0S-juA0/00058.wav,faces/id0025/VlFa0S-juA0
train,id0052,English,m_2TipjC5pw,faces/id0052/m_2TipjC5pw/0000025.jpg,voices/id0052/English/m_2TipjC5pw/00024.wav,faces/id0052/m_2TipjC5pw
train,id0017,English,iNzFuVDC0vE,faces/id0017/iNzFuVDC0vE/0001325.jpg,voices/id0017/English/iNzFuVDC0vE/00032.wav,faces/id0017/iNzFuVDC0vE
train,id0013,English,CbHAv1DqVtA,faces/id0013/CbHAv1DqVtA/0000450.jpg,voices/id0013/English/CbHAv1DqVtA/00031.wav,faces/id0013/CbHAv1DqVtA
train,id0062,English,SK8nrapRgqQ,faces/id0062/SK8nrapRgqQ/0001575.jpg,voices/id0062/English/SK8nrapRgqQ/00019.wav,faces/id0062/SK8nrapRgqQ
train,id0053,English,oO1YLLuj52g,faces/id0053/oO1YLLuj52g/0000250.jpg,voices/id0053/English/oO1YLLuj52g/00007.wav,faces/id0053/oO1YLLuj52g
train,id0028,English,SxPxjK1j_CY,faces/id0028/SxPxjK1j_CY/0000325.jpg,voices/id0028/English/SxPxjK1j_CY/00018.wav,faces/id0028/SxPxjK1j_CY
train,id0015,English,0R531JwP45k,faces/id0015/0R531JwP45k/0000950.jpg,voices/id0015/English/0R531JwP45k/00002.wav,faces/id0015/0R531JwP45k
train,id0028,English,tD2IDd4aDVg,faces/id0028/tD2IDd4aDVg/0000075.jpg,voices/id0028/English/tD2IDd4aDVg/00010.wav,faces/id0028/tD2IDd4aDVg
train,id0010,English,nnQb0PVW9Zc,faces/id0010/nnQb0PVW9Zc/0000175.jpg,voices/id0010/English/nnQb0PVW9Zc/00013.wav,faces/id0010/nnQb0PVW9Zc
train,id0061,English,qXhXigw8GU8,faces/id0061/qXhXigw8GU8/0000000.jpg,voices/id0061/English/qXhXigw8GU8/00004.wav,faces/id0061/qXhXigw8GU8
train,id0057,English,ibr4dXajSJ8,faces/id0057/ibr4dXajSJ8/0000225.jpg,voices/id0057/English/ibr4dXajSJ8/00017.wav,faces/id0057/ibr4dXajSJ8
train,id0009,English,ACwVcpt8MFA,faces/id0009/ACwVcpt8MFA/0004675.jpg,voices/id0009/English/ACwVcpt8MFA/00023.wav,faces/id0009/ACwVcpt8MFA
train,id0052,English,ZMFntWRg8LY,faces/id0052/ZMFntWRg8LY/0002375.jpg,voices/id0052/English/ZMFntWRg8LY/00002.wav,faces/id0052/ZMFntWRg8LY
train,id0015,English,0R531JwP45k,faces/id0015/0R531JwP45k/0000950.jpg,voices/id0015/English/0R531JwP45k/00005.wav,faces/id0015/0R531JwP45k
train,id0070,English,HXv5ILGTlQ8,faces/id0070/HXv5ILGTlQ8/0000300.jpg,voices/id0070/English/HXv5ILGTlQ8/00000.wav,faces/id0070/HXv5ILGTlQ8
train,id0039,English,vKiGkbyfHPA,faces/id0039/vKiGkbyfHPA/0000025.jpg,voices/id0039/English/vKiGkbyfHPA/00019.wav,faces/id0039/vKiGkbyfHPA
train,id0052,English,bxObwwjdMnY,faces/id0052/bxObwwjdMnY/0000025.jpg,voices/id0052/English/bxObwwjdMnY/00032.wav,faces/id0052/bxObwwjdMnY
train,id0005,English,YETolXZneZA,faces/id0005/YETolXZneZA/0000000.jpg,voices/id0005/English/YETolXZneZA/00001.wav,faces/id0005/YETolXZneZA
train,id0054,English,F7C87RNgnK4,faces/id0054/F7C87RNgnK4/0000150.jpg,voices/id0054/English/F7C87RNgnK4/00007.wav,faces/id0054/F7C87RNgnK4
train,id0045,English,QjPkuA2BoX4,faces/id0045/QjPkuA2BoX4/0001625.jpg,voices/id0045/English/QjPkuA2BoX4/00008.wav,faces/id0045/QjPkuA2BoX4
train,id0015,English,0R531JwP45k,faces/id0015/0R531JwP45k/0000950.jpg,voices/id0015/English/0R531JwP45k/00056.wav,faces/id0015/0R531JwP45k
train,id0011,English,ymgOryA8uUQ,faces/id0011/ymgOryA8uUQ/0000100.jpg,voices/id0011/English/ymgOryA8uUQ/00000.wav,faces/id0011/ymgOryA8uUQ
train,id0009,English,gXnUW8OooRk,faces/id0009/gXnUW8OooRk/0000275.jpg,voices/id0009/English/gXnUW8OooRk/00058.wav,faces/id0009/gXnUW8OooRk
train,id0021,English,M7smcdBePQA,faces/id0021/M7smcdBePQA/0001175.jpg,voices/id0021/English/M7smcdBePQA/00004.wav,faces/id0021/M7smcdBePQA
train,id0015,English,BupAovo40Uc,faces/id0015/BupAovo40Uc/0000250.jpg,voices/id0015/English/BupAovo40Uc/00020.wav,faces/id0015/BupAovo40Uc
train,id0006,English,caVRuzpMDNE,faces/id0006/caVRuzpMDNE/0000375.jpg,voices/id0006/English/caVRuzpMDNE/00020.wav,faces/id0006/caVRuzpMDNE
train,id0061,English,cOPwZX2_gR4,faces/id0061/cOPwZX2_gR4/0000025.jpg,voices/id0061/English/cOPwZX2_gR4/00010.wav,faces/id0061/cOPwZX2_gR4
train,id0001,English,Y16ltGEvXzI,faces/id0001/Y16ltGEvXzI/0001300.jpg,voices/id0001/English/Y16ltGEvXzI/00012.wav,faces/id0001/Y16ltGEvXzI
train,id0056,English,1_a3Y6LGpAA,faces/id0056/1_a3Y6LGpAA/0000825.jpg,voices/id0056/English/1_a3Y6LGpAA/00060.wav,faces/id0056/1_a3Y6LGpAA
train,id0048,English,dpd_s0t0geM,faces/id0048/dpd_s0t0geM/0002900.jpg,voices/id0048/English/dpd_s0t0geM/00043.wav,faces/id0048/dpd_s0t0geM
train,id0069,English,9K0_Ba3uRQ8,faces/id0069/9K0_Ba3uRQ8/0000525.jpg,voices/id0069/English/9K0_Ba3uRQ8/00012.wav,faces/id0069/9K0_Ba3uRQ8
train,id0032,English,J6tj_dnS-20,faces/id0032/J6tj_dnS-20/0000675.jpg,voices/id0032/English/J6tj_dnS-20/00002.wav,faces/id0032/J6tj_dnS-20
train,id0028,English,SxPxjK1j_CY,faces/id0028/SxPxjK1j_CY/0000325.jpg,voices/id0028/English/SxPxjK1j_CY/00025.wav,faces/id0028/SxPxjK1j_CY
train,id0048,English,dpd_s0t0geM,faces/id0048/dpd_s0t0geM/0002900.jpg,voices/id0048/English/dpd_s0t0geM/00026.wav,faces/id0048/dpd_s0t0geM
train,id0014,English,eZvFT9J80TQ,faces/id0014/eZvFT9J80TQ/0001000.jpg,voices/id0014/English/eZvFT9J80TQ/00004.wav,faces/id0014/eZvFT9J80TQ
train,id0046,English,D_ybxA8YDYI,faces/id0046/D_ybxA8YDYI/0000375.jpg,voices/id0046/English/D_ybxA8YDYI/00002.wav,faces/id0046/D_ybxA8YDYI
train,id0001,English,wiIZUuya6tM,faces/id0001/wiIZUuya6tM/0000800.jpg,voices/id0001/English/wiIZUuya6tM/00007.wav,faces/id0001/wiIZUuya6tM
train,id0001,English,SpfaJtrTMfc,faces/id0001/SpfaJtrTMfc/0002475.jpg,voices/id0001/English/SpfaJtrTMfc/00012.wav,faces/id0001/SpfaJtrTMfc
train,id0009,English,CbMvPV-JKew,faces/id0009/CbMvPV-JKew/0001075.jpg,voices/id0009/English/CbMvPV-JKew/00066.wav,faces/id0009/CbMvPV-JKew
train,id0029,English,52M95d6dSTo,faces/id0029/52M95d6dSTo/0000550.jpg,voices/id0029/English/52M95d6dSTo/00033.wav,faces/id0029/52M95d6dSTo
train,id0061,English,cOPwZX2_gR4,faces/id0061/cOPwZX2_gR4/0000025.jpg,voices/id0061/English/cOPwZX2_gR4/00007.wav,faces/id0061/cOPwZX2_gR4
train,id0069,English,BNvjmBk5psM,faces/id0069/BNvjmBk5psM/0000400.jpg,voices/id0069/English/BNvjmBk5psM/00009.wav,faces/id0069/BNvjmBk5psM
train,id0037,English,7,faces/id0037/7/0000000.jpg,voices/id0037/English/7/00001.wav,faces/id0037/7
train,id0047,English,_CYmYRbUo50,faces/id0047/_CYmYRbUo50/0000150.jpg,voices/id0047/English/_CYmYRbUo50/00005.wav,faces/id0047/_CYmYRbUo50
train,id0012,English,fvt3f_xZZl0,faces/id0012/fvt3f_xZZl0/0004750.jpg,voices/id0012/English/fvt3f_xZZl0/00013.wav,faces/id0012/fvt3f_xZZl0
train,id0056,English,1_a3Y6LGpAA,faces/id0056/1_a3Y6LGpAA/0000825.jpg,voices/id0056/English/1_a3Y6LGpAA/00014.wav,faces/id0056/1_a3Y6LGpAA
train,id0026,English,OPXOtcHTP0A,faces/id0026/OPXOtcHTP0A/0002500.jpg,voices/id0026/English/OPXOtcHTP0A/00001.wav,faces/id0026/OPXOtcHTP0A
train,id0051,English,w_c9WOoaAJ8,faces/id0051/w_c9WOoaAJ8/0000200.jpg,voices/id0051/English/w_c9WOoaAJ8/00001.wav,faces/id0051/w_c9WOoaAJ8
train,id0006,English,c0qE9UlV38c,faces/id0006/c0qE9UlV38c/0000150.jpg,voices/id0006/English/c0qE9UlV38c/00012.wav,faces/id0006/c0qE9UlV38c
train,id0013,English,CbHAv1DqVtA,faces/id0013/CbHAv1DqVtA/0000450.jpg,voices/id0013/English/CbHAv1DqVtA/00011.wav,faces/id0013/CbHAv1DqVtA
train,id0055,English,wzI6sGhJdbU,faces/id0055/wzI6sGhJdbU/0000000.jpg,voices/id0055/English/wzI6sGhJdbU/00000.wav,faces/id0055/wzI6sGhJdbU
train,id0024,English,27T3pMqtDG8,faces/id0024/27T3pMqtDG8/0003225.jpg,voices/id0024/English/27T3pMqtDG8/00012.wav,faces/id0024/27T3pMqtDG8
train,id0067,English,aGdUenA305A,faces/id0067/aGdUenA305A/0000025.jpg,voices/id0067/English/aGdUenA305A/00081.wav,faces/id0067/aGdUenA305A
train,id0039,English,vKiGkbyfHPA,faces/id0039/vKiGkbyfHPA/0000025.jpg,voices/id0039/English/vKiGkbyfHPA/00131.wav,faces/id0039/vKiGkbyfHPA
train,id0023,English,4JZJ3lvujWQ,faces/id0023/4JZJ3lvujWQ/0000000.jpg,voices/id0023/English/4JZJ3lvujWQ/00003.wav,faces/id0023/4JZJ3lvujWQ
train,id0045,English,QjPkuA2BoX4,faces/id0045/QjPkuA2BoX4/0001625.jpg,voices/id0045/English/QjPkuA2BoX4/00091.wav,faces/id0045/QjPkuA2BoX4
train,id0033,English,02L6RPzTSoI,faces/id0033/02L6RPzTSoI/0001475.jpg,voices/id0033/English/02L6RPzTSoI/00012.wav,faces/id0033/02L6RPzTSoI
train,id0016,English,_ZWgPMT33as,faces/id0016/_ZWgPMT33as/0000000.jpg,voices/id0016/English/_ZWgPMT33as/00030.wav,faces/id0016/_ZWgPMT33as
train,id0014,English,8EkiwaWYds8,faces/id0014/8EkiwaWYds8/0001450.jpg,voices/id0014/English/8EkiwaWYds8/00004.wav,faces/id0014/8EkiwaWYds8
train,id0069,English,BNvjmBk5psM,faces/id0069/BNvjmBk5psM/0000400.jpg,voices/id0069/English/BNvjmBk5psM/00026.wav,faces/id0069/BNvjmBk5psM
train,id0048,English,dpd_s0t0geM,faces/id0048/dpd_s0t0geM/0002900.jpg,voices/id0048/English/dpd_s0t0geM/00003.wav,faces/id0048/dpd_s0t0geM
train,id0039,English,vKiGkbyfHPA,faces/id0039/vKiGkbyfHPA/0000025.jpg,voices/id0039/English/vKiGkbyfHPA/00095.wav,faces/id0039/vKiGkbyfHPA
train,id0010,English,nnQb0PVW9Zc,faces/id0010/nnQb0PVW9Zc/0000175.jpg,voices/id0010/English/nnQb0PVW9Zc/00015.wav,faces/id0010/nnQb0PVW9Zc
train,id0056,English,1_a3Y6LGpAA,faces/id0056/1_a3Y6LGpAA/0000825.jpg,voices/id0056/English/1_a3Y6LGpAA/00010.wav,faces/id0056/1_a3Y6LGpAA
train,id0012,English,fvt3f_xZZl0,faces/id0012/fvt3f_xZZl0/0004750.jpg,voices/id0012/English/fvt3f_xZZl0/00004.wav,faces/id0012/fvt3f_xZZl0
train,id0022,English,vHzoWDUboWA,faces/id0022/vHzoWDUboWA/0000900.jpg,voices/id0022/English/vHzoWDUboWA/00009.wav,faces/id0022/vHzoWDUboWA
train,id0025,English,VlFa0S-juA0,faces/id0025/VlFa0S-juA0/0000000.jpg,voices/id0025/English/VlFa0S-juA0/00039.wav,faces/id0025/VlFa0S-juA0
train,id0003,English,bV2qGq9jc9Y,faces/id0003/bV2qGq9jc9Y/0001275.jpg,voices/id0003/English/bV2qGq9jc9Y/00019.wav,faces/id0003/bV2qGq9jc9Y
train,id0039,English,qyZ004QI6Iw,faces/id0039/qyZ004QI6Iw/0000025.jpg,voices/id0039/English/qyZ004QI6Iw/00104.wav,faces/id0039/qyZ004QI6Iw
train,id0028,English,REIQ9Vlh0Lk,faces/id0028/REIQ9Vlh0Lk/0000000.jpg,voices/id0028/English/REIQ9Vlh0Lk/00062.wav,faces/id0028/REIQ9Vlh0Lk
train,id0041,English,igda3vF6SuI,faces/id0041/igda3vF6SuI/0001950.jpg,voices/id0041/English/igda3vF6SuI/00056.wav,faces/id0041/igda3vF6SuI
train,id0001,English,SpfaJtrTMfc,faces/id0001/SpfaJtrTMfc/0002475.jpg,voices/id0001/English/SpfaJtrTMfc/00058.wav,faces/id0001/SpfaJtrTMfc
train,id0045,English,h7A9ToTEKQA,faces/id0045/h7A9ToTEKQA/0000750.jpg,voices/id0045/English/h7A9ToTEKQA/00008.wav,faces/id0045/h7A9ToTEKQA
train,id0045,English,QjPkuA2BoX4,faces/id0045/QjPkuA2BoX4/0001625.jpg,voices/id0045/English/QjPkuA2BoX4/00032.wav,faces/id0045/QjPkuA2BoX4
train,id0048,English,R0UMqq9U6wg,faces/id0048/R0UMqq9U6wg/0000625.jpg,voices/id0048/English/R0UMqq9U6wg/00002.wav,faces/id0048/R0UMqq9U6wg
train,id0040,English,hJHGUoPB3Ws,faces/id0040/hJHGUoPB3Ws/0000075.jpg,voices/id0040/English/hJHGUoPB3Ws/00002.wav,faces/id0040/hJHGUoPB3Ws
train,id0066,English,yHiiSaZBVwY,faces/id0066/yHiiSaZBVwY/0000150.jpg,voices/id0066/English/yHiiSaZBVwY/00002.wav,faces/id0066/yHiiSaZBVwY
train,id0017,English,iNzFuVDC0vE,faces/id0017/iNzFuVDC0vE/0001325.jpg,voices/id0017/English/iNzFuVDC0vE/00009.wav,faces/id0017/iNzFuVDC0vE
train,id0026,English,OPXOtcHTP0A,faces/id0026/OPXOtcHTP0A/0002500.jpg,voices/id0026/English/OPXOtcHTP0A/00003.wav,faces/id0026/OPXOtcHTP0A
train,id0051,English,w_c9WOoaAJ8,faces/id0051/w_c9WOoaAJ8/0000200.jpg,voices/id0051/English/w_c9WOoaAJ8/00000.wav,faces/id0051/w_c9WOoaAJ8
train,id0056,English,1_a3Y6LGpAA,faces/id0056/1_a3Y6LGpAA/0000825.jpg,voices/id0056/English/1_a3Y6LGpAA/00027.wav,faces/id0056/1_a3Y6LGpAA
train,id0018,English,fV7clNE9P7k,faces/id0018/fV7clNE9P7k/0002200.jpg,voices/id0018/English/fV7clNE9P7k/00029.wav,faces/id0018/fV7clNE9P7k
train,id0067,English,aGdUenA305A,faces/id0067/aGdUenA305A/0000025.jpg,voices/id0067/English/aGdUenA305A/00041.wav,faces/id0067/aGdUenA305A
train,id0025,English,VlFa0S-juA0,faces/id0025/VlFa0S-juA0/0000000.jpg,voices/id0025/English/VlFa0S-juA0/00007.wav,faces/id0025/VlFa0S-juA0
train,id0011,English,zH9gdUqT7Hs,faces/id0011/zH9gdUqT7Hs/0000000.jpg,voices/id0011/English/zH9gdUqT7Hs/00001.wav,faces/id0011/zH9gdUqT7Hs
train,id0028,English,REIQ9Vlh0Lk,faces/id0028/REIQ9Vlh0Lk/0000000.jpg,voices/id0028/English/REIQ9Vlh0Lk/00038.wav,faces/id0028/REIQ9Vlh0Lk
train,id0012,English,fvt3f_xZZl0,faces/id0012/fvt3f_xZZl0/0004750.jpg,voices/id0012/English/fvt3f_xZZl0/00008.wav,faces/id0012/fvt3f_xZZl0
train,id0022,English,cIaJasZFQ94,faces/id0022/cIaJasZFQ94/0002650.jpg,voices/id0022/English/cIaJasZFQ94/00023.wav,faces/id0022/cIaJasZFQ94
train,id0041,English,igda3vF6SuI,faces/id0041/igda3vF6SuI/0001950.jpg,voices/id0041/English/igda3vF6SuI/00079.wav,faces/id0041/igda3vF6SuI
train,id0028,English,REIQ9Vlh0Lk,faces/id0028/REIQ9Vlh0Lk/0000000.jpg,voices/id0028/English/REIQ9Vlh0Lk/00035.wav,faces/id0028/REIQ9Vlh0Lk
train,id0009,English,gXnUW8OooRk,faces/id0009/gXnUW8OooRk/0000275.jpg,voices/id0009/English/gXnUW8OooRk/00025.wav,faces/id0009/gXnUW8OooRk
train,id0032,English,co8amcOfd4g,faces/id0032/co8amcOfd4g/0000000.jpg,voices/id0032/English/co8amcOfd4g/00005.wav,faces/id0032/co8amcOfd4g
train,id0044,English,vYJc6nLFq40,faces/id0044/vYJc6nLFq40/0000625.jpg,voices/id0044/English/vYJc6nLFq40/00042.wav,faces/id0044/vYJc6nLFq40
train,id0026,English,OPXOtcHTP0A,faces/id0026/OPXOtcHTP0A/0002500.jpg,voices/id0026/English/OPXOtcHTP0A/00002.wav,faces/id0026/OPXOtcHTP0A
train,id0020,English,https_,faces/id0020/https_/0000125.jpg,voices/id0020/English/https_/00001.wav,faces/id0020/https_
train,id0001,English,Y16ltGEvXzI,faces/id0001/Y16ltGEvXzI/0001300.jpg,voices/id0001/English/Y16ltGEvXzI/00025.wav,faces/id0001/Y16ltGEvXzI
train,id0060,English,QHdn7Zte9MU,faces/id0060/QHdn7Zte9MU/0000225.jpg,voices/id0060/English/QHdn7Zte9MU/00005.wav,faces/id0060/QHdn7Zte9MU
train,id0052,English,uX3Q8CzGyVk,faces/id0052/uX3Q8CzGyVk/0000025.jpg,voices/id0052/English/uX3Q8CzGyVk/00029.wav,faces/id0052/uX3Q8CzGyVk
train,id0024,English,1yPfpl6daG0,faces/id0024/1yPfpl6daG0/0005250.jpg,voices/id0024/English/1yPfpl6daG0/00006.wav,faces/id0024/1yPfpl6daG0
train,id0005,English,aT4fcH93Fxw,faces/id0005/aT4fcH93Fxw/0004250.jpg,voices/id0005/English/aT4fcH93Fxw/00009.wav,faces/id0005/aT4fcH93Fxw
train,id0059,English,fLmv5exbzmg,faces/id0059/fLmv5exbzmg/0001000.jpg,voices/id0059/English/fLmv5exbzmg/00014.wav,faces/id0059/fLmv5exbzmg
train,id0015,English,eQelxzTGD8Y,faces/id0015/eQelxzTGD8Y/0000775.jpg,voices/id0015/English/eQelxzTGD8Y/00000.wav,faces/id0015/eQelxzTGD8Y
train,id0012,English,ERAJ_QXo-oY,faces/id0012/ERAJ_QXo-oY/0002775.jpg,voices/id0012/English/ERAJ_QXo-oY/00023.wav,faces/id0012/ERAJ_QXo-oY
train,id0024,English,2woAC5J6wJQ,faces/id0024/2woAC5J6wJQ/0000175.jpg,voices/id0024/English/2woAC5J6wJQ/00002.wav,faces/id0024/2woAC5J6wJQ
train,id0062,English,SK8nrapRgqQ,faces/id0062/SK8nrapRgqQ/0001575.jpg,voices/id0062/English/SK8nrapRgqQ/00069.wav,faces/id0062/SK8nrapRgqQ
train,id0028,English,REIQ9Vlh0Lk,faces/id0028/REIQ9Vlh0Lk/0000000.jpg,voices/id0028/English/REIQ9Vlh0Lk/00047.wav,faces/id0028/REIQ9Vlh0Lk
train,id0003,English,s4eWJQjHB0I,faces/id0003/s4eWJQjHB0I/0001275.jpg,voices/id0003/English/s4eWJQjHB0I/00024.wav,faces/id0003/s4eWJQjHB0I
train,id0041,English,7m4O_-EO16E,faces/id0041/7m4O_-EO16E/0000050.jpg,voices/id0041/English/7m4O_-EO16E/00011.wav,faces/id0041/7m4O_-EO16E
train,id0003,English,bV2qGq9jc9Y,faces/id0003/bV2qGq9jc9Y/0001275.jpg,voices/id0003/English/bV2qGq9jc9Y/00007.wav,faces/id0003/bV2qGq9jc9Y
train,id0001,English,SpfaJtrTMfc,faces/id0001/SpfaJtrTMfc/0002475.jpg,voices/id0001/English/SpfaJtrTMfc/00032.wav,faces/id0001/SpfaJtrTMfc
train,id0041,English,7m4O_-EO16E,faces/id0041/7m4O_-EO16E/0000050.jpg,voices/id0041/English/7m4O_-EO16E/00037.wav,faces/id0041/7m4O_-EO16E
train,id0054,English,cTcgPLwmetk,faces/id0054/cTcgPLwmetk/0000000.jpg,voices/id0054/English/cTcgPLwmetk/00003.wav,faces/id0054/cTcgPLwmetk
train,id0001,English,U3rWfLEkFvg,faces/id0001/U3rWfLEkFvg/0000450.jpg,voices/id0001/English/U3rWfLEkFvg/00022.wav,faces/id0001/U3rWfLEkFvg
train,id0038,English,t41gm9IBVPs,faces/id0038/t41gm9IBVPs/0004000.jpg,voices/id0038/English/t41gm9IBVPs/00003.wav,faces/id0038/t41gm9IBVPs
train,id0001,English,SpfaJtrTMfc,faces/id0001/SpfaJtrTMfc/0002475.jpg,voices/id0001/English/SpfaJtrTMfc/00020.wav,faces/id0001/SpfaJtrTMfc
train,id0045,English,QjPkuA2BoX4,faces/id0045/QjPkuA2BoX4/0001625.jpg,voices/id0045/English/QjPkuA2BoX4/00112.wav,faces/id0045/QjPkuA2BoX4
train,id0045,English,QjPkuA2BoX4,faces/id0045/QjPkuA2BoX4/0001625.jpg,voices/id0045/English/QjPkuA2BoX4/00097.wav,faces/id0045/QjPkuA2BoX4
train,id0067,English,aGdUenA305A,faces/id0067/aGdUenA305A/0000025.jpg,voices/id0067/English/aGdUenA305A/00022.wav,faces/id0067/aGdUenA305A
train,id0062,English,SK8nrapRgqQ,faces/id0062/SK8nrapRgqQ/0001575.jpg,voices/id0062/English/SK8nrapRgqQ/00026.wav,faces/id0062/SK8nrapRgqQ
train,id0018,English,KQrdbivDg9E,faces/id0018/KQrdbivDg9E/0000000.jpg,voices/id0018/English/KQrdbivDg9E/00014.wav,faces/id0018/KQrdbivDg9E
train,id0022,English,PoMGgCakSb0,faces/id0022/PoMGgCakSb0/0000000.jpg,voices/id0022/English/PoMGgCakSb0/00033.wav,faces/id0022/PoMGgCakSb0
train,id0056,English,1_a3Y6LGpAA,faces/id0056/1_a3Y6LGpAA/0000825.jpg,voices/id0056/English/1_a3Y6LGpAA/00064.wav,faces/id0056/1_a3Y6LGpAA
train,id0009,English,gXnUW8OooRk,faces/id0009/gXnUW8OooRk/0000275.jpg,voices/id0009/English/gXnUW8OooRk/00044.wav,faces/id0009/gXnUW8OooRk
train,id0014,English,fHlaCvlVhoM,faces/id0014/fHlaCvlVhoM/0000000.jpg,voices/id0014/English/fHlaCvlVhoM/00004.wav,faces/id0014/fHlaCvlVhoM
train,id0003,English,sHbyLrzEByw,faces/id0003/sHbyLrzEByw/0000975.jpg,voices/id0003/English/sHbyLrzEByw/00003.wav,faces/id0003/sHbyLrzEByw
train,id0033,English,02L6RPzTSoI,faces/id0033/02L6RPzTSoI/0001475.jpg,voices/id0033/English/02L6RPzTSoI/00042.wav,faces/id0033/02L6RPzTSoI
train,id0023,English,ekT7a8A-JDk,faces/id0023/ekT7a8A-JDk/0000000.jpg,voices/id0023/English/ekT7a8A-JDk/00003.wav,faces/id0023/ekT7a8A-JDk
train,id0052,English,oKKSSoDfquA,faces/id0052/oKKSSoDfquA/0000025.jpg,voices/id0052/English/oKKSSoDfquA/00053.wav,faces/id0052/oKKSSoDfquA
train,id0025,English,VlFa0S-juA0,faces/id0025/VlFa0S-juA0/0000000.jpg,voices/id0025/English/VlFa0S-juA0/00031.wav,faces/id0025/VlFa0S-juA0
train,id0021,English,YFvtct2Yc94,faces/id0021/YFvtct2Yc94/0000225.jpg,voices/id0021/English/YFvtct2Yc94/00002.wav,faces/id0021/YFvtct2Yc94
train,id0011,English,YwozNG5iuSY,faces/id0011/YwozNG5iuSY/0001125.jpg,voices/id0011/English/YwozNG5iuSY/00000.wav,faces/id0011/YwozNG5iuSY
train,id0033,English,tN2pW8F-ANo,faces/id0033/tN2pW8F-ANo/0000000.jpg,voices/id0033/English/tN2pW8F-ANo/00001.wav,faces/id0033/tN2pW8F-ANo
train,id0021,English,M7smcdBePQA,faces/id0021/M7smcdBePQA/0001175.jpg,voices/id0021/English/M7smcdBePQA/00001.wav,faces/id0021/M7smcdBePQA
train,id0009,English,8sIenm04dHg,faces/id0009/8sIenm04dHg/0000550.jpg,voices/id0009/English/8sIenm04dHg/00000.wav,faces/id0009/8sIenm04dHg
train,id0068,English,-ZrmolsHRi4,faces/id0068/-ZrmolsHRi4/0000500.jpg,voices/id0068/English/-ZrmolsHRi4/00000.wav,faces/id0068/-ZrmolsHRi4
train,id0019,English,u2eClpoLbb4,faces/id0019/u2eClpoLbb4/0002750.jpg,voices/id0019/English/u2eClpoLbb4/00010.wav,faces/id0019/u2eClpoLbb4
train,id0039,English,vKiGkbyfHPA,faces/id0039/vKiGkbyfHPA/0000025.jpg,voices/id0039/English/vKiGkbyfHPA/00136.wav,faces/id0039/vKiGkbyfHPA
train,id0046,English,Pm_mdu33xD8,faces/id0046/Pm_mdu33xD8/0000000.jpg,voices/id0046/English/Pm_mdu33xD8/00000.wav,faces/id0046/Pm_mdu33xD8
train,id0039,English,Aq57LMnhilM,faces/id0039/Aq57LMnhilM/0000000.jpg,voices/id0039/English/Aq57LMnhilM/00000.wav,faces/id0039/Aq57LMnhilM
train,id0059,English,qt_kFlB1m4I,faces/id0059/qt_kFlB1m4I/0003775.jpg,voices/id0059/English/qt_kFlB1m4I/00004.wav,faces/id0059/qt_kFlB1m4I
train,id0015,English,0R531JwP45k,faces/id0015/0R531JwP45k/0000950.jpg,voices/id0015/English/0R531JwP45k/00044.wav,faces/id0015/0R531JwP45k
train,id0045,English,h7A9ToTEKQA,faces/id0045/h7A9ToTEKQA/0000750.jpg,voices/id0045/English/h7A9ToTEKQA/00013.wav,faces/id0045/h7A9ToTEKQA
train,id0022,English,cIaJasZFQ94,faces/id0022/cIaJasZFQ94/0002650.jpg,voices/id0022/English/cIaJasZFQ94/00031.wav,faces/id0022/cIaJasZFQ94
train,id0062,English,SK8nrapRgqQ,faces/id0062/SK8nrapRgqQ/0001575.jpg,voices/id0062/English/SK8nrapRgqQ/00048.wav,faces/id0062/SK8nrapRgqQ
train,id0016,English,8JDCjoGMly8,faces/id0016/8JDCjoGMly8/0001350.jpg,voices/id0016/English/8JDCjoGMly8/00005.wav,faces/id0016/8JDCjoGMly8
train,id0056,English,uhqXPuUaGZ8,faces/id0056/uhqXPuUaGZ8/0001750.jpg,voices/id0056/English/uhqXPuUaGZ8/00011.wav,faces/id0056/uhqXPuUaGZ8
train,id0012,English,fvt3f_xZZl0,faces/id0012/fvt3f_xZZl0/0004750.jpg,voices/id0012/English/fvt3f_xZZl0/00007.wav,faces/id0012/fvt3f_xZZl0
train,id0017,English,iNzFuVDC0vE,faces/id0017/iNzFuVDC0vE/0001325.jpg,voices/id0017/English/iNzFuVDC0vE/00044.wav,faces/id0017/iNzFuVDC0vE
train,id0047,English,EN3qQZhg6FA,faces/id0047/EN3qQZhg6FA/0000350.jpg,voices/id0047/English/EN3qQZhg6FA/00005.wav,faces/id0047/EN3qQZhg6FA
train,id0039,English,vKiGkbyfHPA,faces/id0039/vKiGkbyfHPA/0000025.jpg,voices/id0039/English/vKiGkbyfHPA/00008.wav,faces/id0039/vKiGkbyfHPA
train,id0001,English,Y16ltGEvXzI,faces/id0001/Y16ltGEvXzI/0001300.jpg,voices/id0001/English/Y16ltGEvXzI/00048.wav,faces/id0001/Y16ltGEvXzI
train,id0020,English,https_,faces/id0020/https_/0000125.jpg,voices/id0020/English/https_/00000.wav,faces/id0020/https_
train,id0039,English,qyZ004QI6Iw,faces/id0039/qyZ004QI6Iw/0000025.jpg,voices/id0039/English/qyZ004QI6Iw/00057.wav,faces/id0039/qyZ004QI6Iw
train,id0018,English,KQrdbivDg9E,faces/id0018/KQrdbivDg9E/0000000.jpg,voices/id0018/English/KQrdbivDg9E/00043.wav,faces/id0018/KQrdbivDg9E
train,id0062,English,SK8nrapRgqQ,faces/id0062/SK8nrapRgqQ/0001575.jpg,voices/id0062/English/SK8nrapRgqQ/00020.wav,faces/id0062/SK8nrapRgqQ
train,id0057,English,ibr4dXajSJ8,faces/id0057/ibr4dXajSJ8/0000225.jpg,voices/id0057/English/ibr4dXajSJ8/00009.wav,faces/id0057/ibr4dXajSJ8
train,id0009,English,gXnUW8OooRk,faces/id0009/gXnUW8OooRk/0000275.jpg,voices/id0009/English/gXnUW8OooRk/00055.wav,faces/id0009/gXnUW8OooRk
train,id0052,English,ZMFntWRg8LY,faces/id0052/ZMFntWRg8LY/0002375.jpg,voices/id0052/English/ZMFntWRg8LY/00006.wav,faces/id0052/ZMFntWRg8LY
train,id0009,English,ACwVcpt8MFA,faces/id0009/ACwVcpt8MFA/0004675.jpg,voices/id0009/English/ACwVcpt8MFA/00026.wav,faces/id0009/ACwVcpt8MFA
train,id0052,English,bxObwwjdMnY,faces/id0052/bxObwwjdMnY/0000025.jpg,voices/id0052/English/bxObwwjdMnY/00013.wav,faces/id0052/bxObwwjdMnY
train,id0009,English,gXnUW8OooRk,faces/id0009/gXnUW8OooRk/0000275.jpg,voices/id0009/English/gXnUW8OooRk/00065.wav,faces/id0009/gXnUW8OooRk
train,id0015,English,BupAovo40Uc,faces/id0015/BupAovo40Uc/0000250.jpg,voices/id0015/English/BupAovo40Uc/00001.wav,faces/id0015/BupAovo40Uc
train,id0065,English,aDRUp-LbiH4,faces/id0065/aDRUp-LbiH4/0014500.jpg,voices/id0065/English/aDRUp-LbiH4/00001.wav,faces/id0065/aDRUp-LbiH4
train,id0059,English,Nqcoz0iuxEk,faces/id0059/Nqcoz0iuxEk/0002250.jpg,voices/id0059/English/Nqcoz0iuxEk/00020.wav,faces/id0059/Nqcoz0iuxEk
train,id0022,English,PoMGgCakSb0,faces/id0022/PoMGgCakSb0/0000000.jpg,voices/id0022/English/PoMGgCakSb0/00012.wav,faces/id0022/PoMGgCakSb0
train,id0024,English,27T3pMqtDG8,faces/id0024/27T3pMqtDG8/0003225.jpg,voices/id0024/English/27T3pMqtDG8/00017.wav,faces/id0024/27T3pMqtDG8
train,id0043,English,6hf-RQmsLTg,faces/id0043/6hf-RQmsLTg/0002050.jpg,voices/id0043/English/6hf-RQmsLTg/00011.wav,faces/id0043/6hf-RQmsLTg
train,id0021,English,36s,faces/id0021/36s/0000125.jpg,voices/id0021/English/36s/00000.wav,faces/id0021/36s
train,id0028,English,9jcHcByYp_s,faces/id0028/9jcHcByYp_s/0000625.jpg,voices/id0028/English/9jcHcByYp_s/00014.wav,faces/id0028/9jcHcByYp_s
train,id0039,English,qyZ004QI6Iw,faces/id0039/qyZ004QI6Iw/0000025.jpg,voices/id0039/English/qyZ004QI6Iw/00096.wav,faces/id0039/qyZ004QI6Iw
train,id0029,English,6Afm15o4tqw,faces/id0029/6Afm15o4tqw/0000325.jpg,voices/id0029/English/6Afm15o4tqw/00004.wav,faces/id0029/6Afm15o4tqw
train,id0028,English,REIQ9Vlh0Lk,faces/id0028/REIQ9Vlh0Lk/0000000.jpg,voices/id0028/English/REIQ9Vlh0Lk/00026.wav,faces/id0028/REIQ9Vlh0Lk
train,id0015,English,BupAovo40Uc,faces/id0015/BupAovo40Uc/0000250.jpg,voices/id0015/English/BupAovo40Uc/00010.wav,faces/id0015/BupAovo40Uc
train,id0056,English,70s,faces/id0056/70s/0000200.jpg,voices/id0056/English/70s/00018.wav,faces/id0056/70s
train,id0016,English,_ZWgPMT33as,faces/id0016/_ZWgPMT33as/0000000.jpg,voices/id0016/English/_ZWgPMT33as/00001.wav,faces/id0016/_ZWgPMT33as
train,id0029,English,07mOlveC3kM,faces/id0029/07mOlveC3kM/0000000.jpg,voices/id0029/English/07mOlveC3kM/00004.wav,faces/id0029/07mOlveC3kM
train,id0006,English,caVRuzpMDNE,faces/id0006/caVRuzpMDNE/0000375.jpg,voices/id0006/English/caVRuzpMDNE/00030.wav,faces/id0006/caVRuzpMDNE
train,id0053,English,oO1YLLuj52g,faces/id0053/oO1YLLuj52g/0000250.jpg,voices/id0053/English/oO1YLLuj52g/00014.wav,faces/id0053/oO1YLLuj52g
train,id0009,English,Vx6_0RMT3jw,faces/id0009/Vx6_0RMT3jw/0000600.jpg,voices/id0009/English/Vx6_0RMT3jw/00016.wav,faces/id0009/Vx6_0RMT3jw
train,id0044,English,vYJc6nLFq40,faces/id0044/vYJc6nLFq40/0000625.jpg,voices/id0044/English/vYJc6nLFq40/00035.wav,faces/id0044/vYJc6nLFq40
train,id0039,English,qyZ004QI6Iw,faces/id0039/qyZ004QI6Iw/0000025.jpg,voices/id0039/English/qyZ004QI6Iw/00073.wav,faces/id0039/qyZ004QI6Iw
train,id0015,English,n_36IOGVhMY,faces/id0015/n_36IOGVhMY/0000325.jpg,voices/id0015/English/n_36IOGVhMY/00000.wav,faces/id0015/n_36IOGVhMY
train,id0023,English,4JZJ3lvujWQ,faces/id0023/4JZJ3lvujWQ/0000000.jpg,voices/id0023/English/4JZJ3lvujWQ/00001.wav,faces/id0023/4JZJ3lvujWQ
train,id0012,English,ERAJ_QXo-oY,faces/id0012/ERAJ_QXo-oY/0002775.jpg,voices/id0012/English/ERAJ_QXo-oY/00007.wav,faces/id0012/ERAJ_QXo-oY
train,id0053,English,oO1YLLuj52g,faces/id0053/oO1YLLuj52g/0000250.jpg,voices/id0053/English/oO1YLLuj52g/00018.wav,faces/id0053/oO1YLLuj52g
train,id0039,English,vKiGkbyfHPA,faces/id0039/vKiGkbyfHPA/0000025.jpg,voices/id0039/English/vKiGkbyfHPA/00129.wav,faces/id0039/vKiGkbyfHPA
train,id0047,English,EN3qQZhg6FA,faces/id0047/EN3qQZhg6FA/0000350.jpg,voices/id0047/English/EN3qQZhg6FA/00009.wav,faces/id0047/EN3qQZhg6FA
train,id0022,English,cIaJasZFQ94,faces/id0022/cIaJasZFQ94/0002650.jpg,voices/id0022/English/cIaJasZFQ94/00008.wav,faces/id0022/cIaJasZFQ94
train,id0001,English,SRqhJUGuE-E,faces/id0001/SRqhJUGuE-E/0000100.jpg,voices/id0001/English/SRqhJUGuE-E/00005.wav,faces/id0001/SRqhJUGuE-E
train,id0056,English,uhqXPuUaGZ8,faces/id0056/uhqXPuUaGZ8/0001750.jpg,voices/id0056/English/uhqXPuUaGZ8/00000.wav,faces/id0056/uhqXPuUaGZ8
train,id0001,English,Y16ltGEvXzI,faces/id0001/Y16ltGEvXzI/0001300.jpg,voices/id0001/English/Y16ltGEvXzI/00021.wav,faces/id0001/Y16ltGEvXzI
train,id0013,English,CbHAv1DqVtA,faces/id0013/CbHAv1DqVtA/0000450.jpg,voices/id0013/English/CbHAv1DqVtA/00000.wav,faces/id0013/CbHAv1DqVtA
train,id0045,English,QjPkuA2BoX4,faces/id0045/QjPkuA2BoX4/0001625.jpg,voices/id0045/English/QjPkuA2BoX4/00039.wav,faces/id0045/QjPkuA2BoX4
train,id0013,English,CbHAv1DqVtA,faces/id0013/CbHAv1DqVtA/0000450.jpg,voices/id0013/English/CbHAv1DqVtA/00040.wav,faces/id0013/CbHAv1DqVtA
train,id0015,English,BupAovo40Uc,faces/id0015/BupAovo40Uc/0000250.jpg,voices/id0015/English/BupAovo40Uc/00015.wav,faces/id0015/BupAovo40Uc
train,id0056,English,1_a3Y6LGpAA,faces/id0056/1_a3Y6LGpAA/0000825.jpg,voices/id0056/English/1_a3Y6LGpAA/00032.wav,faces/id0056/1_a3Y6LGpAA
train,id0015,English,BupAovo40Uc,faces/id0015/BupAovo40Uc/0000250.jpg,voices/id0015/English/BupAovo40Uc/00021.wav,faces/id0015/BupAovo40Uc
train,id0069,English,9K0_Ba3uRQ8,faces/id0069/9K0_Ba3uRQ8/0000525.jpg,voices/id0069/English/9K0_Ba3uRQ8/00032.wav,faces/id0069/9K0_Ba3uRQ8
train,id0058,English,UJKbF1ddkuE,faces/id0058/UJKbF1ddkuE/0000950.jpg,voices/id0058/English/UJKbF1ddkuE/00002.wav,faces/id0058/UJKbF1ddkuE
train,id0055,English,8fShKg7xrtI,faces/id0055/8fShKg7xrtI/0000450.jpg,voices/id0055/English/8fShKg7xrtI/00011.wav,faces/id0055/8fShKg7xrtI
train,id0024,English,1yPfpl6daG0,faces/id0024/1yPfpl6daG0/0005250.jpg,voices/id0024/English/1yPfpl6daG0/00010.wav,faces/id0024/1yPfpl6daG0
train,id0045,English,QjPkuA2BoX4,faces/id0045/QjPkuA2BoX4/0001625.jpg,voices/id0045/English/QjPkuA2BoX4/00141.wav,faces/id0045/QjPkuA2BoX4
train,id0052,English,oKKSSoDfquA,faces/id0052/oKKSSoDfquA/0000025.jpg,voices/id0052/English/oKKSSoDfquA/00075.wav,faces/id0052/oKKSSoDfquA
train,id0028,English,9jcHcByYp_s,faces/id0028/9jcHcByYp_s/0000625.jpg,voices/id0028/English/9jcHcByYp_s/00006.wav,faces/id0028/9jcHcByYp_s
train,id0029,English,52M95d6dSTo,faces/id0029/52M95d6dSTo/0000550.jpg,voices/id0029/English/52M95d6dSTo/00030.wav,faces/id0029/52M95d6dSTo
train,id0002,English,a8YwLpyHArc,faces/id0002/a8YwLpyHArc/0000075.jpg,voices/id0002/English/a8YwLpyHArc/00008.wav,faces/id0002/a8YwLpyHArc
train,id0015,English,0R531JwP45k,faces/id0015/0R531JwP45k/0000950.jpg,voices/id0015/English/0R531JwP45k/00023.wav,faces/id0015/0R531JwP45k
train,id0048,English,dpd_s0t0geM,faces/id0048/dpd_s0t0geM/0002900.jpg,voices/id0048/English/dpd_s0t0geM/00072.wav,faces/id0048/dpd_s0t0geM
train,id0045,English,QjPkuA2BoX4,faces/id0045/QjPkuA2BoX4/0001625.jpg,voices/id0045/English/QjPkuA2BoX4/00020.wav,faces/id0045/QjPkuA2BoX4
train,id0028,English,dxqN3FoMml8,faces/id0028/dxqN3FoMml8/0002125.jpg,voices/id0028/English/dxqN3FoMml8/00033.wav,faces/id0028/dxqN3FoMml8
train,id0050,English,364s,faces/id0050/364s/0000025.jpg,voices/id0050/English/364s/00003.wav,faces/id0050/364s
train,id0043,English,6hf-RQmsLTg,faces/id0043/6hf-RQmsLTg/0002050.jpg,voices/id0043/English/6hf-RQmsLTg/00025.wav,faces/id0043/6hf-RQmsLTg
train,id0043,English,6hf-RQmsLTg,faces/id0043/6hf-RQmsLTg/0002050.jpg,voices/id0043/English/6hf-RQmsLTg/00020.wav,faces/id0043/6hf-RQmsLTg
train,id0042,English,879NYRQPID8,faces/id0042/879NYRQPID8/0000000.jpg,voices/id0042/English/879NYRQPID8/00005.wav,faces/id0042/879NYRQPID8
train,id0028,English,9jcHcByYp_s,faces/id0028/9jcHcByYp_s/0000625.jpg,voices/id0028/English/9jcHcByYp_s/00104.wav,faces/id0028/9jcHcByYp_s
train,id0045,English,QjPkuA2BoX4,faces/id0045/QjPkuA2BoX4/0001625.jpg,voices/id0045/English/QjPkuA2BoX4/00073.wav,faces/id0045/QjPkuA2BoX4
train,id0043,English,6hf-RQmsLTg,faces/id0043/6hf-RQmsLTg/0002050.jpg,voices/id0043/English/6hf-RQmsLTg/00016.wav,faces/id0043/6hf-RQmsLTg
train,id0029,English,6Afm15o4tqw,faces/id0029/6Afm15o4tqw/0000325.jpg,voices/id0029/English/6Afm15o4tqw/00006.wav,faces/id0029/6Afm15o4tqw
train,id0015,English,EcLTj9YAYjQ,faces/id0015/EcLTj9YAYjQ/0000275.jpg,voices/id0015/English/EcLTj9YAYjQ/00005.wav,faces/id0015/EcLTj9YAYjQ
train,id0067,English,aGdUenA305A,faces/id0067/aGdUenA305A/0000025.jpg,voices/id0067/English/aGdUenA305A/00035.wav,faces/id0067/aGdUenA305A
train,id0054,English,L1lsne6_YtE,faces/id0054/L1lsne6_YtE/0000025.jpg,voices/id0054/English/L1lsne6_YtE/00015.wav,faces/id0054/L1lsne6_YtE
train,id0069,English,BNvjmBk5psM,faces/id0069/BNvjmBk5psM/0000400.jpg,voices/id0069/English/BNvjmBk5psM/00020.wav,faces/id0069/BNvjmBk5psM
train,id0059,English,qt_kFlB1m4I,faces/id0059/qt_kFlB1m4I/0003775.jpg,voices/id0059/English/qt_kFlB1m4I/00003.wav,faces/id0059/qt_kFlB1m4I
train,id0052,English,oKKSSoDfquA,faces/id0052/oKKSSoDfquA/0000025.jpg,voices/id0052/English/oKKSSoDfquA/00012.wav,faces/id0052/oKKSSoDfquA
train,id0039,English,qyZ004QI6Iw,faces/id0039/qyZ004QI6Iw/0000025.jpg,voices/id0039/English/qyZ004QI6Iw/00022.wav,faces/id0039/qyZ004QI6Iw
train,id0039,English,qyZ004QI6Iw,faces/id0039/qyZ004QI6Iw/0000025.jpg,voices/id0039/English/qyZ004QI6Iw/00126.wav,faces/id0039/qyZ004QI6Iw
train,id0009,English,gXnUW8OooRk,faces/id0009/gXnUW8OooRk/0000275.jpg,voices/id0009/English/gXnUW8OooRk/00091.wav,faces/id0009/gXnUW8OooRk
train,id0035,English,QRaVk8buFOA,faces/id0035/QRaVk8buFOA/0000350.jpg,voices/id0035/English/QRaVk8buFOA/00003.wav,faces/id0035/QRaVk8buFOA
train,id0062,English,4BHTy1yc7II,faces/id0062/4BHTy1yc7II/0000250.jpg,voices/id0062/English/4BHTy1yc7II/00021.wav,faces/id0062/4BHTy1yc7II
train,id0010,English,turCcuNH2jc,faces/id0010/turCcuNH2jc/0011275.jpg,voices/id0010/English/turCcuNH2jc/00000.wav,faces/id0010/turCcuNH2jc
train,id0017,English,iNzFuVDC0vE,faces/id0017/iNzFuVDC0vE/0001325.jpg,voices/id0017/English/iNzFuVDC0vE/00018.wav,faces/id0017/iNzFuVDC0vE
train,id0039,English,qyZ004QI6Iw,faces/id0039/qyZ004QI6Iw/0000025.jpg,voices/id0039/English/qyZ004QI6Iw/00078.wav,faces/id0039/qyZ004QI6Iw
train,id0015,English,hU5pLzIixjw,faces/id0015/hU5pLzIixjw/0000975.jpg,voices/id0015/English/hU5pLzIixjw/00019.wav,faces/id0015/hU5pLzIixjw
train,id0012,English,k-f3Nnd5n8A,faces/id0012/k-f3Nnd5n8A/0000000.jpg,voices/id0012/English/k-f3Nnd5n8A/00029.wav,faces/id0012/k-f3Nnd5n8A
train,id0066,English,Z11MbuMakyI,faces/id0066/Z11MbuMakyI/0000400.jpg,voices/id0066/English/Z11MbuMakyI/00011.wav,faces/id0066/Z11MbuMakyI
train,id0046,English,l3B08ddiu50,faces/id0046/l3B08ddiu50/0000375.jpg,voices/id0046/English/l3B08ddiu50/00006.wav,faces/id0046/l3B08ddiu50
train,id0025,English,JBGHwJ7o_I8,faces/id0025/JBGHwJ7o_I8/0000375.jpg,voices/id0025/English/JBGHwJ7o_I8/00011.wav,faces/id0025/JBGHwJ7o_I8
train,id0015,English,BupAovo40Uc,faces/id0015/BupAovo40Uc/0000250.jpg,voices/id0015/English/BupAovo40Uc/00004.wav,faces/id0015/BupAovo40Uc
train,id0069,English,9K0_Ba3uRQ8,faces/id0069/9K0_Ba3uRQ8/0000525.jpg,voices/id0069/English/9K0_Ba3uRQ8/00030.wav,faces/id0069/9K0_Ba3uRQ8
train,id0003,English,bV2qGq9jc9Y,faces/id0003/bV2qGq9jc9Y/0001275.jpg,voices/id0003/English/bV2qGq9jc9Y/00033.wav,faces/id0003/bV2qGq9jc9Y
train,id0039,English,vKiGkbyfHPA,faces/id0039/vKiGkbyfHPA/0000025.jpg,voices/id0039/English/vKiGkbyfHPA/00103.wav,faces/id0039/vKiGkbyfHPA
train,id0067,English,aGdUenA305A,faces/id0067/aGdUenA305A/0000025.jpg,voices/id0067/English/aGdUenA305A/00004.wav,faces/id0067/aGdUenA305A
train,id0045,English,QjPkuA2BoX4,faces/id0045/QjPkuA2BoX4/0001625.jpg,voices/id0045/English/QjPkuA2BoX4/00105.wav,faces/id0045/QjPkuA2BoX4
train,id0029,English,52M95d6dSTo,faces/id0029/52M95d6dSTo/0000550.jpg,voices/id0029/English/52M95d6dSTo/00008.wav,faces/id0029/52M95d6dSTo
train,id0041,English,igda3vF6SuI,faces/id0041/igda3vF6SuI/0001950.jpg,voices/id0041/English/igda3vF6SuI/00074.wav,faces/id0041/igda3vF6SuI
train,id0057,English,ibr4dXajSJ8,faces/id0057/ibr4dXajSJ8/0000225.jpg,voices/id0057/English/ibr4dXajSJ8/00025.wav,faces/id0057/ibr4dXajSJ8
train,id0001,English,wiIZUuya6tM,faces/id0001/wiIZUuya6tM/0000800.jpg,voices/id0001/English/wiIZUuya6tM/00018.wav,faces/id0001/wiIZUuya6tM
train,id0042,English,879NYRQPID8,faces/id0042/879NYRQPID8/0000000.jpg,voices/id0042/English/879NYRQPID8/00001.wav,faces/id0042/879NYRQPID8
train,id0056,English,1_a3Y6LGpAA,faces/id0056/1_a3Y6LGpAA/0000825.jpg,voices/id0056/English/1_a3Y6LGpAA/00047.wav,faces/id0056/1_a3Y6LGpAA
train,id0052,English,oKKSSoDfquA,faces/id0052/oKKSSoDfquA/0000025.jpg,voices/id0052/English/oKKSSoDfquA/00060.wav,faces/id0052/oKKSSoDfquA
train,id0068,English,wtd-fRHS4UU,faces/id0068/wtd-fRHS4UU/0000000.jpg,voices/id0068/English/wtd-fRHS4UU/00001.wav,faces/id0068/wtd-fRHS4UU
train,id0009,English,CbMvPV-JKew,faces/id0009/CbMvPV-JKew/0001075.jpg,voices/id0009/English/CbMvPV-JKew/00020.wav,faces/id0009/CbMvPV-JKew
train,id0016,English,8JDCjoGMly8,faces/id0016/8JDCjoGMly8/0001350.jpg,voices/id0016/English/8JDCjoGMly8/00015.wav,faces/id0016/8JDCjoGMly8
train,id0052,English,m_2TipjC5pw,faces/id0052/m_2TipjC5pw/0000025.jpg,voices/id0052/English/m_2TipjC5pw/00006.wav,faces/id0052/m_2TipjC5pw
train,id0024,English,27T3pMqtDG8,faces/id0024/27T3pMqtDG8/0003225.jpg,voices/id0024/English/27T3pMqtDG8/00016.wav,faces/id0024/27T3pMqtDG8
train,id0062,English,4BHTy1yc7II,faces/id0062/4BHTy1yc7II/0000250.jpg,voices/id0062/English/4BHTy1yc7II/00008.wav,faces/id0062/4BHTy1yc7II
train,id0039,English,qyZ004QI6Iw,faces/id0039/qyZ004QI6Iw/0000025.jpg,voices/id0039/English/qyZ004QI6Iw/00045.wav,faces/id0039/qyZ004QI6Iw
train,id0022,English,PoMGgCakSb0,faces/id0022/PoMGgCakSb0/0000000.jpg,voices/id0022/English/PoMGgCakSb0/00009.wav,faces/id0022/PoMGgCakSb0
train,id0060,English,4v8ORoykFSQ,faces/id0060/4v8ORoykFSQ/0009650.jpg,voices/id0060/English/4v8ORoykFSQ/00005.wav,faces/id0060/4v8ORoykFSQ
train,id0060,English,WyInmhVL3Ok,faces/id0060/WyInmhVL3Ok/0002575.jpg,voices/id0060/English/WyInmhVL3Ok/00003.wav,faces/id0060/WyInmhVL3Ok
train,id0001,English,M4apuT0lOAk,faces/id0001/M4apuT0lOAk/0004775.jpg,voices/id0001/English/M4apuT0lOAk/00003.wav,faces/id0001/M4apuT0lOAk
train,id0044,English,OdUCFZTx9xs,faces/id0044/OdUCFZTx9xs/0000750.jpg,voices/id0044/English/OdUCFZTx9xs/00022.wav,faces/id0044/OdUCFZTx9xs
train,id0028,English,REIQ9Vlh0Lk,faces/id0028/REIQ9Vlh0Lk/0000000.jpg,voices/id0028/English/REIQ9Vlh0Lk/00065.wav,faces/id0028/REIQ9Vlh0Lk
train,id0009,English,ODh-79Lk63g,faces/id0009/ODh-79Lk63g/0000325.jpg,voices/id0009/English/ODh-79Lk63g/00004.wav,faces/id0009/ODh-79Lk63g
train,id0022,English,cIaJasZFQ94,faces/id0022/cIaJasZFQ94/0002650.jpg,voices/id0022/English/cIaJasZFQ94/00017.wav,faces/id0022/cIaJasZFQ94
train,id0039,English,qyZ004QI6Iw,faces/id0039/qyZ004QI6Iw/0000025.jpg,voices/id0039/English/qyZ004QI6Iw/00013.wav,faces/id0039/qyZ004QI6Iw
train,id0009,English,CbMvPV-JKew,faces/id0009/CbMvPV-JKew/0001075.jpg,voices/id0009/English/CbMvPV-JKew/00018.wav,faces/id0009/CbMvPV-JKew
train,id0011,English,CsnMSIZg04A,faces/id0011/CsnMSIZg04A/0000075.jpg,voices/id0011/English/CsnMSIZg04A/00019.wav,faces/id0011/CsnMSIZg04A
train,id0011,English,zH9gdUqT7Hs,faces/id0011/zH9gdUqT7Hs/0000000.jpg,voices/id0011/English/zH9gdUqT7Hs/00015.wav,faces/id0011/zH9gdUqT7Hs
train,id0013,English,CbHAv1DqVtA,faces/id0013/CbHAv1DqVtA/0000450.jpg,voices/id0013/English/CbHAv1DqVtA/00014.wav,faces/id0013/CbHAv1DqVtA
train,id0027,English,Pmd64Lm2bKg,faces/id0027/Pmd64Lm2bKg/0000125.jpg,voices/id0027/English/Pmd64Lm2bKg/00014.wav,faces/id0027/Pmd64Lm2bKg
train,id0022,English,PoMGgCakSb0,faces/id0022/PoMGgCakSb0/0000000.jpg,voices/id0022/English/PoMGgCakSb0/00000.wav,faces/id0022/PoMGgCakSb0
train,id0045,English,QjPkuA2BoX4,faces/id0045/QjPkuA2BoX4/0001625.jpg,voices/id0045/English/QjPkuA2BoX4/00102.wav,faces/id0045/QjPkuA2BoX4
train,id0028,English,REIQ9Vlh0Lk,faces/id0028/REIQ9Vlh0Lk/0000000.jpg,voices/id0028/English/REIQ9Vlh0Lk/00011.wav,faces/id0028/REIQ9Vlh0Lk
train,id0015,English,hU5pLzIixjw,faces/id0015/hU5pLzIixjw/0000975.jpg,voices/id0015/English/hU5pLzIixjw/00008.wav,faces/id0015/hU5pLzIixjw
train,id0065,English,aDRUp-LbiH4,faces/id0065/aDRUp-LbiH4/0014500.jpg,voices/id0065/English/aDRUp-LbiH4/00005.wav,faces/id0065/aDRUp-LbiH4
train,id0009,English,CbMvPV-JKew,faces/id0009/CbMvPV-JKew/0001075.jpg,voices/id0009/English/CbMvPV-JKew/00039.wav,faces/id0009/CbMvPV-JKew
train,id0015,English,BupAovo40Uc,faces/id0015/BupAovo40Uc/0000250.jpg,voices/id0015/English/BupAovo40Uc/00028.wav,faces/id0015/BupAovo40Uc
train,id0047,English,EN3qQZhg6FA,faces/id0047/EN3qQZhg6FA/0000350.jpg,voices/id0047/English/EN3qQZhg6FA/00016.wav,faces/id0047/EN3qQZhg6FA
train,id0018,English,KQrdbivDg9E,faces/id0018/KQrdbivDg9E/0000000.jpg,voices/id0018/English/KQrdbivDg9E/00019.wav,faces/id0018/KQrdbivDg9E
train,id0038,English,ePuTjFlzREA,faces/id0038/ePuTjFlzREA/0000075.jpg,voices/id0038/English/ePuTjFlzREA/00004.wav,faces/id0038/ePuTjFlzREA
train,id0066,English,foG89Q_YrTY,faces/id0066/foG89Q_YrTY/0000000.jpg,voices/id0066/English/foG89Q_YrTY/00007.wav,faces/id0066/foG89Q_YrTY
train,id0056,English,1_a3Y6LGpAA,faces/id0056/1_a3Y6LGpAA/0000825.jpg,voices/id0056/English/1_a3Y6LGpAA/00026.wav,faces/id0056/1_a3Y6LGpAA
train,id0043,English,6hf-RQmsLTg,faces/id0043/6hf-RQmsLTg/0002050.jpg,voices/id0043/English/6hf-RQmsLTg/00004.wav,faces/id0043/6hf-RQmsLTg
train,id0015,English,BupAovo40Uc,faces/id0015/BupAovo40Uc/0000250.jpg,voices/id0015/English/BupAovo40Uc/00027.wav,faces/id0015/BupAovo40Uc
train,id0005,English,YETolXZneZA,faces/id0005/YETolXZneZA/0000000.jpg,voices/id0005/English/YETolXZneZA/00005.wav,faces/id0005/YETolXZneZA
train,id0041,English,igda3vF6SuI,faces/id0041/igda3vF6SuI/0001950.jpg,voices/id0041/English/igda3vF6SuI/00001.wav,faces/id0041/igda3vF6SuI
train,id0005,English,ffgGqDAHcjQ,faces/id0005/ffgGqDAHcjQ/0000625.jpg,voices/id0005/English/ffgGqDAHcjQ/00008.wav,faces/id0005/ffgGqDAHcjQ
train,id0064,English,0HCyz6exy4k,faces/id0064/0HCyz6exy4k/0000875.jpg,voices/id0064/English/0HCyz6exy4k/00000.wav,faces/id0064/0HCyz6exy4k
train,id0044,English,vYJc6nLFq40,faces/id0044/vYJc6nLFq40/0000625.jpg,voices/id0044/English/vYJc6nLFq40/00070.wav,faces/id0044/vYJc6nLFq40
train,id0001,English,Y16ltGEvXzI,faces/id0001/Y16ltGEvXzI/0001300.jpg,voices/id0001/English/Y16ltGEvXzI/00052.wav,faces/id0001/Y16ltGEvXzI
train,id0024,English,27T3pMqtDG8,faces/id0024/27T3pMqtDG8/0003225.jpg,voices/id0024/English/27T3pMqtDG8/00035.wav,faces/id0024/27T3pMqtDG8
train,id0014,English,fHlaCvlVhoM,faces/id0014/fHlaCvlVhoM/0000000.jpg,voices/id0014/English/fHlaCvlVhoM/00005.wav,faces/id0014/fHlaCvlVhoM
train,id0014,English,eZvFT9J80TQ,faces/id0014/eZvFT9J80TQ/0001000.jpg,voices/id0014/English/eZvFT9J80TQ/00001.wav,faces/id0014/eZvFT9J80TQ
train,id0061,English,qXhXigw8GU8,faces/id0061/qXhXigw8GU8/0000000.jpg,voices/id0061/English/qXhXigw8GU8/00005.wav,faces/id0061/qXhXigw8GU8
train,id0044,English,OdUCFZTx9xs,faces/id0044/OdUCFZTx9xs/0000750.jpg,voices/id0044/English/OdUCFZTx9xs/00024.wav,faces/id0044/OdUCFZTx9xs
train,id0024,English,l_0BFvm_rBc,faces/id0024/l_0BFvm_rBc/0005200.jpg,voices/id0024/English/l_0BFvm_rBc/00021.wav,faces/id0024/l_0BFvm_rBc
train,id0028,English,9jcHcByYp_s,faces/id0028/9jcHcByYp_s/0000625.jpg,voices/id0028/English/9jcHcByYp_s/00010.wav,faces/id0028/9jcHcByYp_s
train,id0039,English,qyZ004QI6Iw,faces/id0039/qyZ004QI6Iw/0000025.jpg,voices/id0039/English/qyZ004QI6Iw/00089.wav,faces/id0039/qyZ004QI6Iw
train,id0001,English,SpfaJtrTMfc,faces/id0001/SpfaJtrTMfc/0002475.jpg,voices/id0001/English/SpfaJtrTMfc/00042.wav,faces/id0001/SpfaJtrTMfc
train,id0001,English,sBBhXKlC4dA,faces/id0001/sBBhXKlC4dA/0000075.jpg,voices/id0001/English/sBBhXKlC4dA/00006.wav,faces/id0001/sBBhXKlC4dA
train,id0012,English,k-f3Nnd5n8A,faces/id0012/k-f3Nnd5n8A/0000000.jpg,voices/id0012/English/k-f3Nnd5n8A/00033.wav,faces/id0012/k-f3Nnd5n8A
train,id0044,English,OdUCFZTx9xs,faces/id0044/OdUCFZTx9xs/0000750.jpg,voices/id0044/English/OdUCFZTx9xs/00008.wav,faces/id0044/OdUCFZTx9xs
train,id0001,English,Y16ltGEvXzI,faces/id0001/Y16ltGEvXzI/0001300.jpg,voices/id0001/English/Y16ltGEvXzI/00017.wav,faces/id0001/Y16ltGEvXzI
train,id0015,English,0R531JwP45k,faces/id0015/0R531JwP45k/0000950.jpg,voices/id0015/English/0R531JwP45k/00028.wav,faces/id0015/0R531JwP45k
train,id0018,English,fV7clNE9P7k,faces/id0018/fV7clNE9P7k/0002200.jpg,voices/id0018/English/fV7clNE9P7k/00037.wav,faces/id0018/fV7clNE9P7k
train,id0059,English,Nqcoz0iuxEk,faces/id0059/Nqcoz0iuxEk/0002250.jpg,voices/id0059/English/Nqcoz0iuxEk/00050.wav,faces/id0059/Nqcoz0iuxEk
train,id0042,English,Hv8V8gQfcug,faces/id0042/Hv8V8gQfcug/0000025.jpg,voices/id0042/English/Hv8V8gQfcug/00000.wav,faces/id0042/Hv8V8gQfcug
train,id0010,English,nnQb0PVW9Zc,faces/id0010/nnQb0PVW9Zc/0000175.jpg,voices/id0010/English/nnQb0PVW9Zc/00005.wav,faces/id0010/nnQb0PVW9Zc
train,id0062,English,4BHTy1yc7II,faces/id0062/4BHTy1yc7II/0000250.jpg,voices/id0062/English/4BHTy1yc7II/00020.wav,faces/id0062/4BHTy1yc7II
train,id0048,English,R0UMqq9U6wg,faces/id0048/R0UMqq9U6wg/0000625.jpg,voices/id0048/English/R0UMqq9U6wg/00013.wav,faces/id0048/R0UMqq9U6wg
train,id0039,English,qyZ004QI6Iw,faces/id0039/qyZ004QI6Iw/0000025.jpg,voices/id0039/English/qyZ004QI6Iw/00040.wav,faces/id0039/qyZ004QI6Iw
train,id0048,English,dpd_s0t0geM,faces/id0048/dpd_s0t0geM/0002900.jpg,voices/id0048/English/dpd_s0t0geM/00054.wav,faces/id0048/dpd_s0t0geM
train,id0054,English,XZhRQgDQ1j4,faces/id0054/XZhRQgDQ1j4/0000125.jpg,voices/id0054/English/XZhRQgDQ1j4/00003.wav,faces/id0054/XZhRQgDQ1j4
train,id0009,English,gXnUW8OooRk,faces/id0009/gXnUW8OooRk/0000275.jpg,voices/id0009/English/gXnUW8OooRk/00074.wav,faces/id0009/gXnUW8OooRk
train,id0045,English,QjPkuA2BoX4,faces/id0045/QjPkuA2BoX4/0001625.jpg,voices/id0045/English/QjPkuA2BoX4/00104.wav,faces/id0045/QjPkuA2BoX4
train,id0011,English,CsnMSIZg04A,faces/id0011/CsnMSIZg04A/0000075.jpg,voices/id0011/English/CsnMSIZg04A/00008.wav,faces/id0011/CsnMSIZg04A
train,id0012,English,k-f3Nnd5n8A,faces/id0012/k-f3Nnd5n8A/0000000.jpg,voices/id0012/English/k-f3Nnd5n8A/00001.wav,faces/id0012/k-f3Nnd5n8A
train,id0027,English,Pmd64Lm2bKg,faces/id0027/Pmd64Lm2bKg/0000125.jpg,voices/id0027/English/Pmd64Lm2bKg/00001.wav,faces/id0027/Pmd64Lm2bKg
train,id0016,English,_ZWgPMT33as,faces/id0016/_ZWgPMT33as/0000000.jpg,voices/id0016/English/_ZWgPMT33as/00007.wav,faces/id0016/_ZWgPMT33as
train,id0003,English,bV2qGq9jc9Y,faces/id0003/bV2qGq9jc9Y/0001275.jpg,voices/id0003/English/bV2qGq9jc9Y/00030.wav,faces/id0003/bV2qGq9jc9Y
train,id0039,English,qyZ004QI6Iw,faces/id0039/qyZ004QI6Iw/0000025.jpg,voices/id0039/English/qyZ004QI6Iw/00123.wav,faces/id0039/qyZ004QI6Iw
train,id0039,English,qyZ004QI6Iw,faces/id0039/qyZ004QI6Iw/0000025.jpg,voices/id0039/English/qyZ004QI6Iw/00024.wav,faces/id0039/qyZ004QI6Iw
train,id0028,English,dxqN3FoMml8,faces/id0028/dxqN3FoMml8/0002125.jpg,voices/id0028/English/dxqN3FoMml8/00025.wav,faces/id0028/dxqN3FoMml8
train,id0040,English,hJHGUoPB3Ws,faces/id0040/hJHGUoPB3Ws/0000075.jpg,voices/id0040/English/hJHGUoPB3Ws/00014.wav,faces/id0040/hJHGUoPB3Ws
train,id0028,English,REIQ9Vlh0Lk,faces/id0028/REIQ9Vlh0Lk/0000000.jpg,voices/id0028/English/REIQ9Vlh0Lk/00017.wav,faces/id0028/REIQ9Vlh0Lk
train,id0057,English,ibr4dXajSJ8,faces/id0057/ibr4dXajSJ8/0000225.jpg,voices/id0057/English/ibr4dXajSJ8/00032.wav,faces/id0057/ibr4dXajSJ8
train,id0009,English,CbMvPV-JKew,faces/id0009/CbMvPV-JKew/0001075.jpg,voices/id0009/English/CbMvPV-JKew/00009.wav,faces/id0009/CbMvPV-JKew
train,id0001,English,wiIZUuya6tM,faces/id0001/wiIZUuya6tM/0000800.jpg,voices/id0001/English/wiIZUuya6tM/00002.wav,faces/id0001/wiIZUuya6tM
train,id0012,English,i2ajDycYLFQ,faces/id0012/i2ajDycYLFQ/0001800.jpg,voices/id0012/English/i2ajDycYLFQ/00006.wav,faces/id0012/i2ajDycYLFQ
train,id0048,English,dpd_s0t0geM,faces/id0048/dpd_s0t0geM/0002900.jpg,voices/id0048/English/dpd_s0t0geM/00092.wav,faces/id0048/dpd_s0t0geM
train,id0009,English,gXnUW8OooRk,faces/id0009/gXnUW8OooRk/0000275.jpg,voices/id0009/English/gXnUW8OooRk/00031.wav,faces/id0009/gXnUW8OooRk
train,id0013,English,O4f7_5Mv_5c,faces/id0013/O4f7_5Mv_5c/0000400.jpg,voices/id0013/English/O4f7_5Mv_5c/00008.wav,faces/id0013/O4f7_5Mv_5c
train,id0044,English,vYJc6nLFq40,faces/id0044/vYJc6nLFq40/0000625.jpg,voices/id0044/English/vYJc6nLFq40/00055.wav,faces/id0044/vYJc6nLFq40
train,id0005,English,aT4fcH93Fxw,faces/id0005/aT4fcH93Fxw/0004250.jpg,voices/id0005/English/aT4fcH93Fxw/00020.wav,faces/id0005/aT4fcH93Fxw
train,id0039,English,vKiGkbyfHPA,faces/id0039/vKiGkbyfHPA/0000025.jpg,voices/id0039/English/vKiGkbyfHPA/00086.wav,faces/id0039/vKiGkbyfHPA
train,id0055,English,8fShKg7xrtI,faces/id0055/8fShKg7xrtI/0000450.jpg,voices/id0055/English/8fShKg7xrtI/00002.wav,faces/id0055/8fShKg7xrtI
train,id0009,English,xbfE-IE7Sho,faces/id0009/xbfE-IE7Sho/0000425.jpg,voices/id0009/English/xbfE-IE7Sho/00002.wav,faces/id0009/xbfE-IE7Sho
train,id0028,English,REIQ9Vlh0Lk,faces/id0028/REIQ9Vlh0Lk/0000000.jpg,voices/id0028/English/REIQ9Vlh0Lk/00055.wav,faces/id0028/REIQ9Vlh0Lk
train,id0009,English,CbMvPV-JKew,faces/id0009/CbMvPV-JKew/0001075.jpg,voices/id0009/English/CbMvPV-JKew/00042.wav,faces/id0009/CbMvPV-JKew
train,id0001,English,SpfaJtrTMfc,faces/id0001/SpfaJtrTMfc/0002475.jpg,voices/id0001/English/SpfaJtrTMfc/00047.wav,faces/id0001/SpfaJtrTMfc
train,id0052,English,m_2TipjC5pw,faces/id0052/m_2TipjC5pw/0000025.jpg,voices/id0052/English/m_2TipjC5pw/00004.wav,faces/id0052/m_2TipjC5pw
train,id0020,English,eJbUxNrtE70,faces/id0020/eJbUxNrtE70/0001900.jpg,voices/id0020/English/eJbUxNrtE70/00004.wav,faces/id0020/eJbUxNrtE70
train,id0069,English,BNvjmBk5psM,faces/id0069/BNvjmBk5psM/0000400.jpg,voices/id0069/English/BNvjmBk5psM/00004.wav,faces/id0069/BNvjmBk5psM
train,id0013,English,CbHAv1DqVtA,faces/id0013/CbHAv1DqVtA/0000450.jpg,voices/id0013/English/CbHAv1DqVtA/00036.wav,faces/id0013/CbHAv1DqVtA
train,id0022,English,vHzoWDUboWA,faces/id0022/vHzoWDUboWA/0000900.jpg,voices/id0022/English/vHzoWDUboWA/00026.wav,faces/id0022/vHzoWDUboWA
train,id0011,English,zH9gdUqT7Hs,faces/id0011/zH9gdUqT7Hs/0000000.jpg,voices/id0011/English/zH9gdUqT7Hs/00004.wav,faces/id0011/zH9gdUqT7Hs
train,id0070,English,JtujAff_T4s,faces/id0070/JtujAff_T4s/0003300.jpg,voices/id0070/English/JtujAff_T4s/00003.wav,faces/id0070/JtujAff_T4s
train,id0052,English,uX3Q8CzGyVk,faces/id0052/uX3Q8CzGyVk/0000025.jpg,voices/id0052/English/uX3Q8CzGyVk/00045.wav,faces/id0052/uX3Q8CzGyVk
train,id0032,English,R94FJ76YAbg,faces/id0032/R94FJ76YAbg/0000250.jpg,voices/id0032/English/R94FJ76YAbg/00011.wav,faces/id0032/R94FJ76YAbg
train,id0063,English,e4viFF_N14E,faces/id0063/e4viFF_N14E/0001375.jpg,voices/id0063/English/e4viFF_N14E/00003.wav,faces/id0063/e4viFF_N14E
train,id0014,English,4HS4dZrpe-M,faces/id0014/4HS4dZrpe-M/0000425.jpg,voices/id0014/English/4HS4dZrpe-M/00006.wav,faces/id0014/4HS4dZrpe-M
train,id0039,English,vKiGkbyfHPA,faces/id0039/vKiGkbyfHPA/0000025.jpg,voices/id0039/English/vKiGkbyfHPA/00132.wav,faces/id0039/vKiGkbyfHPA
train,id0015,English,BupAovo40Uc,faces/id0015/BupAovo40Uc/0000250.jpg,voices/id0015/English/BupAovo40Uc/00029.wav,faces/id0015/BupAovo40Uc
train,id0011,English,de7oVYjfT3Y,faces/id0011/de7oVYjfT3Y/0000050.jpg,voices/id0011/English/de7oVYjfT3Y/00017.wav,faces/id0011/de7oVYjfT3Y
train,id0039,English,Rd7cpcoG0lE,faces/id0039/Rd7cpcoG0lE/0000150.jpg,voices/id0039/English/Rd7cpcoG0lE/00001.wav,faces/id0039/Rd7cpcoG0lE
train,id0057,English,nvj6xI9zOLc,faces/id0057/nvj6xI9zOLc/0001400.jpg,voices/id0057/English/nvj6xI9zOLc/00000.wav,faces/id0057/nvj6xI9zOLc
train,id0028,English,REIQ9Vlh0Lk,faces/id0028/REIQ9Vlh0Lk/0000000.jpg,voices/id0028/English/REIQ9Vlh0Lk/00015.wav,faces/id0028/REIQ9Vlh0Lk
train,id0016,English,_ZWgPMT33as,faces/id0016/_ZWgPMT33as/0000000.jpg,voices/id0016/English/_ZWgPMT33as/00021.wav,faces/id0016/_ZWgPMT33as
train,id0009,English,CbMvPV-JKew,faces/id0009/CbMvPV-JKew/0001075.jpg,voices/id0009/English/CbMvPV-JKew/00015.wav,faces/id0009/CbMvPV-JKew
train,id0032,English,P4049PTO0EY,faces/id0032/P4049PTO0EY/0000000.jpg,voices/id0032/English/P4049PTO0EY/00007.wav,faces/id0032/P4049PTO0EY
train,id0039,English,vKiGkbyfHPA,faces/id0039/vKiGkbyfHPA/0000025.jpg,voices/id0039/English/vKiGkbyfHPA/00151.wav,faces/id0039/vKiGkbyfHPA
train,id0014,English,eZvFT9J80TQ,faces/id0014/eZvFT9J80TQ/0001000.jpg,voices/id0014/English/eZvFT9J80TQ/00008.wav,faces/id0014/eZvFT9J80TQ
train,id0012,English,k-f3Nnd5n8A,faces/id0012/k-f3Nnd5n8A/0000000.jpg,voices/id0012/English/k-f3Nnd5n8A/00046.wav,faces/id0012/k-f3Nnd5n8A
train,id0050,English,4v8-g5ByMh4,faces/id0050/4v8-g5ByMh4/0000025.jpg,voices/id0050/English/4v8-g5ByMh4/00005.wav,faces/id0050/4v8-g5ByMh4
train,id0003,English,sHbyLrzEByw,faces/id0003/sHbyLrzEByw/0000975.jpg,voices/id0003/English/sHbyLrzEByw/00018.wav,faces/id0003/sHbyLrzEByw
train,id0001,English,wiIZUuya6tM,faces/id0001/wiIZUuya6tM/0000800.jpg,voices/id0001/English/wiIZUuya6tM/00006.wav,faces/id0001/wiIZUuya6tM
train,id0028,English,9jcHcByYp_s,faces/id0028/9jcHcByYp_s/0000625.jpg,voices/id0028/English/9jcHcByYp_s/00052.wav,faces/id0028/9jcHcByYp_s
train,id0003,English,COiUHZ_xbO4,faces/id0003/COiUHZ_xbO4/0000600.jpg,voices/id0003/English/COiUHZ_xbO4/00007.wav,faces/id0003/COiUHZ_xbO4
train,id0039,English,vKiGkbyfHPA,faces/id0039/vKiGkbyfHPA/0000025.jpg,voices/id0039/English/vKiGkbyfHPA/00130.wav,faces/id0039/vKiGkbyfHPA
train,id0029,English,6Afm15o4tqw,faces/id0029/6Afm15o4tqw/0000325.jpg,voices/id0029/English/6Afm15o4tqw/00008.wav,faces/id0029/6Afm15o4tqw
train,id0015,English,0R531JwP45k,faces/id0015/0R531JwP45k/0000950.jpg,voices/id0015/English/0R531JwP45k/00017.wav,faces/id0015/0R531JwP45k
train,id0043,English,ImeJKRoLlQ0,faces/id0043/ImeJKRoLlQ0/0000225.jpg,voices/id0043/English/ImeJKRoLlQ0/00001.wav,faces/id0043/ImeJKRoLlQ0
train,id0039,English,vKiGkbyfHPA,faces/id0039/vKiGkbyfHPA/0000025.jpg,voices/id0039/English/vKiGkbyfHPA/00090.wav,faces/id0039/vKiGkbyfHPA
train,id0012,English,fD-bx1O1Lp4,faces/id0012/fD-bx1O1Lp4/0001300.jpg,voices/id0012/English/fD-bx1O1Lp4/00010.wav,faces/id0012/fD-bx1O1Lp4
train,id0022,English,cIaJasZFQ94,faces/id0022/cIaJasZFQ94/0002650.jpg,voices/id0022/English/cIaJasZFQ94/00046.wav,faces/id0022/cIaJasZFQ94
train,id0028,English,SxPxjK1j_CY,faces/id0028/SxPxjK1j_CY/0000325.jpg,voices/id0028/English/SxPxjK1j_CY/00017.wav,faces/id0028/SxPxjK1j_CY
train,id0022,English,PoMGgCakSb0,faces/id0022/PoMGgCakSb0/0000000.jpg,voices/id0022/English/PoMGgCakSb0/00031.wav,faces/id0022/PoMGgCakSb0
train,id0045,English,h7A9ToTEKQA,faces/id0045/h7A9ToTEKQA/0000750.jpg,voices/id0045/English/h7A9ToTEKQA/00019.wav,faces/id0045/h7A9ToTEKQA
train,id0018,English,fV7clNE9P7k,faces/id0018/fV7clNE9P7k/0002200.jpg,voices/id0018/English/fV7clNE9P7k/00002.wav,faces/id0018/fV7clNE9P7k
train,id0046,English,wvNCshp5114,faces/id0046/wvNCshp5114/0000100.jpg,voices/id0046/English/wvNCshp5114/00002.wav,faces/id0046/wvNCshp5114
train,id0042,English,x0gAxC1o58E,faces/id0042/x0gAxC1o58E/0000375.jpg,voices/id0042/English/x0gAxC1o58E/00004.wav,faces/id0042/x0gAxC1o58E
train,id0041,English,igda3vF6SuI,faces/id0041/igda3vF6SuI/0001950.jpg,voices/id0041/English/igda3vF6SuI/00045.wav,faces/id0041/igda3vF6SuI
train,id0041,English,7m4O_-EO16E,faces/id0041/7m4O_-EO16E/0000050.jpg,voices/id0041/English/7m4O_-EO16E/00020.wav,faces/id0041/7m4O_-EO16E
train,id0061,English,cOPwZX2_gR4,faces/id0061/cOPwZX2_gR4/0000025.jpg,voices/id0061/English/cOPwZX2_gR4/00011.wav,faces/id0061/cOPwZX2_gR4
train,id0055,English,1E2M_GJQpfc,faces/id0055/1E2M_GJQpfc/0004125.jpg,voices/id0055/English/1E2M_GJQpfc/00016.wav,faces/id0055/1E2M_GJQpfc
train,id0003,English,sHbyLrzEByw,faces/id0003/sHbyLrzEByw/0000975.jpg,voices/id0003/English/sHbyLrzEByw/00020.wav,faces/id0003/sHbyLrzEByw
train,id0059,English,Nqcoz0iuxEk,faces/id0059/Nqcoz0iuxEk/0002250.jpg,voices/id0059/English/Nqcoz0iuxEk/00027.wav,faces/id0059/Nqcoz0iuxEk
train,id0035,English,cDzKMna80Mg,faces/id0035/cDzKMna80Mg/0000000.jpg,voices/id0035/English/cDzKMna80Mg/00001.wav,faces/id0035/cDzKMna80Mg
train,id0012,English,fvt3f_xZZl0,faces/id0012/fvt3f_xZZl0/0004750.jpg,voices/id0012/English/fvt3f_xZZl0/00002.wav,faces/id0012/fvt3f_xZZl0
train,id0028,English,REIQ9Vlh0Lk,faces/id0028/REIQ9Vlh0Lk/0000000.jpg,voices/id0028/English/REIQ9Vlh0Lk/00008.wav,faces/id0028/REIQ9Vlh0Lk
train,id0052,English,oKKSSoDfquA,faces/id0052/oKKSSoDfquA/0000025.jpg,voices/id0052/English/oKKSSoDfquA/00079.wav,faces/id0052/oKKSSoDfquA
train,id0025,English,VlFa0S-juA0,faces/id0025/VlFa0S-juA0/0000000.jpg,voices/id0025/English/VlFa0S-juA0/00054.wav,faces/id0025/VlFa0S-juA0
train,id0017,English,iNzFuVDC0vE,faces/id0017/iNzFuVDC0vE/0001325.jpg,voices/id0017/English/iNzFuVDC0vE/00061.wav,faces/id0017/iNzFuVDC0vE
train,id0022,English,cIaJasZFQ94,faces/id0022/cIaJasZFQ94/0002650.jpg,voices/id0022/English/cIaJasZFQ94/00040.wav,faces/id0022/cIaJasZFQ94
train,id0003,English,COiUHZ_xbO4,faces/id0003/COiUHZ_xbO4/0000600.jpg,voices/id0003/English/COiUHZ_xbO4/00008.wav,faces/id0003/COiUHZ_xbO4
train,id0054,English,L1lsne6_YtE,faces/id0054/L1lsne6_YtE/0000025.jpg,voices/id0054/English/L1lsne6_YtE/00030.wav,faces/id0054/L1lsne6_YtE
train,id0026,English,OPXOtcHTP0A,faces/id0026/OPXOtcHTP0A/0002500.jpg,voices/id0026/English/OPXOtcHTP0A/00005.wav,faces/id0026/OPXOtcHTP0A
train,id0052,English,uX3Q8CzGyVk,faces/id0052/uX3Q8CzGyVk/0000025.jpg,voices/id0052/English/uX3Q8CzGyVk/00023.wav,faces/id0052/uX3Q8CzGyVk
train,id0005,English,YETolXZneZA,faces/id0005/YETolXZneZA/0000000.jpg,voices/id0005/English/YETolXZneZA/00025.wav,faces/id0005/YETolXZneZA
train,id0035,English,cDzKMna80Mg,faces/id0035/cDzKMna80Mg/0000000.jpg,voices/id0035/English/cDzKMna80Mg/00004.wav,faces/id0035/cDzKMna80Mg
train,id0017,English,zlk48IYyvQY,faces/id0017/zlk48IYyvQY/0000000.jpg,voices/id0017/English/zlk48IYyvQY/00002.wav,faces/id0017/zlk48IYyvQY
train,id0057,English,ibr4dXajSJ8,faces/id0057/ibr4dXajSJ8/0000225.jpg,voices/id0057/English/ibr4dXajSJ8/00014.wav,faces/id0057/ibr4dXajSJ8
train,id0054,English,0FnebXK4Dp8,faces/id0054/0FnebXK4Dp8/0000025.jpg,voices/id0054/English/0FnebXK4Dp8/00013.wav,faces/id0054/0FnebXK4Dp8
train,id0019,English,Grir2BQ14pY,faces/id0019/Grir2BQ14pY/0000850.jpg,voices/id0019/English/Grir2BQ14pY/00008.wav,faces/id0019/Grir2BQ14pY
train,id0011,English,zH9gdUqT7Hs,faces/id0011/zH9gdUqT7Hs/0000000.jpg,voices/id0011/English/zH9gdUqT7Hs/00011.wav,faces/id0011/zH9gdUqT7Hs
train,id0052,English,uX3Q8CzGyVk,faces/id0052/uX3Q8CzGyVk/0000025.jpg,voices/id0052/English/uX3Q8CzGyVk/00021.wav,faces/id0052/uX3Q8CzGyVk
train,id0050,English,VryIsSpFp4k,faces/id0050/VryIsSpFp4k/0000025.jpg,voices/id0050/English/VryIsSpFp4k/00007.wav,faces/id0050/VryIsSpFp4k
train,id0039,English,Aq57LMnhilM,faces/id0039/Aq57LMnhilM/0000000.jpg,voices/id0039/English/Aq57LMnhilM/00003.wav,faces/id0039/Aq57LMnhilM
train,id0020,English,eJbUxNrtE70,faces/id0020/eJbUxNrtE70/0001900.jpg,voices/id0020/English/eJbUxNrtE70/00016.wav,faces/id0020/eJbUxNrtE70
train,id0001,English,SpfaJtrTMfc,faces/id0001/SpfaJtrTMfc/0002475.jpg,voices/id0001/English/SpfaJtrTMfc/00038.wav,faces/id0001/SpfaJtrTMfc
train,id0054,English,L1lsne6_YtE,faces/id0054/L1lsne6_YtE/0000025.jpg,voices/id0054/English/L1lsne6_YtE/00016.wav,faces/id0054/L1lsne6_YtE
train,id0009,English,xbfE-IE7Sho,faces/id0009/xbfE-IE7Sho/0000425.jpg,voices/id0009/English/xbfE-IE7Sho/00011.wav,faces/id0009/xbfE-IE7Sho
train,id0056,English,1_a3Y6LGpAA,faces/id0056/1_a3Y6LGpAA/0000825.jpg,voices/id0056/English/1_a3Y6LGpAA/00053.wav,faces/id0056/1_a3Y6LGpAA
train,id0015,English,n_36IOGVhMY,faces/id0015/n_36IOGVhMY/0000325.jpg,voices/id0015/English/n_36IOGVhMY/00001.wav,faces/id0015/n_36IOGVhMY
train,id0015,English,EcLTj9YAYjQ,faces/id0015/EcLTj9YAYjQ/0000275.jpg,voices/id0015/English/EcLTj9YAYjQ/00006.wav,faces/id0015/EcLTj9YAYjQ
train,id0023,English,PnP8RB8Tx2I,faces/id0023/PnP8RB8Tx2I/0005700.jpg,voices/id0023/English/PnP8RB8Tx2I/00002.wav,faces/id0023/PnP8RB8Tx2I
train,id0043,English,BcP6EKeHE4U,faces/id0043/BcP6EKeHE4U/0000425.jpg,voices/id0043/English/BcP6EKeHE4U/00019.wav,faces/id0043/BcP6EKeHE4U
train,id0056,English,1_a3Y6LGpAA,faces/id0056/1_a3Y6LGpAA/0000825.jpg,voices/id0056/English/1_a3Y6LGpAA/00016.wav,faces/id0056/1_a3Y6LGpAA
train,id0059,English,Nqcoz0iuxEk,faces/id0059/Nqcoz0iuxEk/0002250.jpg,voices/id0059/English/Nqcoz0iuxEk/00046.wav,faces/id0059/Nqcoz0iuxEk
train,id0019,English,u2eClpoLbb4,faces/id0019/u2eClpoLbb4/0002750.jpg,voices/id0019/English/u2eClpoLbb4/00018.wav,faces/id0019/u2eClpoLbb4
train,id0013,English,O4f7_5Mv_5c,faces/id0013/O4f7_5Mv_5c/0000400.jpg,voices/id0013/English/O4f7_5Mv_5c/00011.wav,faces/id0013/O4f7_5Mv_5c
train,id0028,English,9jcHcByYp_s,faces/id0028/9jcHcByYp_s/0000625.jpg,voices/id0028/English/9jcHcByYp_s/00089.wav,faces/id0028/9jcHcByYp_s
train,id0003,English,PFHTzgQ_Bxg,faces/id0003/PFHTzgQ_Bxg/0006175.jpg,voices/id0003/English/PFHTzgQ_Bxg/00013.wav,faces/id0003/PFHTzgQ_Bxg
train,id0055,English,ygbDcr4pHtk,faces/id0055/ygbDcr4pHtk/0000175.jpg,voices/id0055/English/ygbDcr4pHtk/00016.wav,faces/id0055/ygbDcr4pHtk
train,id0043,English,BcP6EKeHE4U,faces/id0043/BcP6EKeHE4U/0000425.jpg,voices/id0043/English/BcP6EKeHE4U/00003.wav,faces/id0043/BcP6EKeHE4U
train,id0037,English,7,faces/id0037/7/0000000.jpg,voices/id0037/English/7/00006.wav,faces/id0037/7
train,id0039,English,FfXTPqi0BVU,faces/id0039/FfXTPqi0BVU/0001975.jpg,voices/id0039/English/FfXTPqi0BVU/00013.wav,faces/id0039/FfXTPqi0BVU
train,id0024,English,27T3pMqtDG8,faces/id0024/27T3pMqtDG8/0003225.jpg,voices/id0024/English/27T3pMqtDG8/00038.wav,faces/id0024/27T3pMqtDG8
train,id0003,English,O_wAm_ewgz4,faces/id0003/O_wAm_ewgz4/0000350.jpg,voices/id0003/English/O_wAm_ewgz4/00003.wav,faces/id0003/O_wAm_ewgz4
train,id0045,English,QjPkuA2BoX4,faces/id0045/QjPkuA2BoX4/0001625.jpg,voices/id0045/English/QjPkuA2BoX4/00138.wav,faces/id0045/QjPkuA2BoX4
train,id0020,English,eJbUxNrtE70,faces/id0020/eJbUxNrtE70/0001900.jpg,voices/id0020/English/eJbUxNrtE70/00000.wav,faces/id0020/eJbUxNrtE70
train,id0001,English,sA-fO6ZI75M,faces/id0001/sA-fO6ZI75M/0000075.jpg,voices/id0001/English/sA-fO6ZI75M/00001.wav,faces/id0001/sA-fO6ZI75M
train,id0018,English,KQrdbivDg9E,faces/id0018/KQrdbivDg9E/0000000.jpg,voices/id0018/English/KQrdbivDg9E/00012.wav,faces/id0018/KQrdbivDg9E
train,id0053,English,8-R6nMVagD8,faces/id0053/8-R6nMVagD8/0000500.jpg,voices/id0053/English/8-R6nMVagD8/00000.wav,faces/id0053/8-R6nMVagD8
train,id0070,English,HXv5ILGTlQ8,faces/id0070/HXv5ILGTlQ8/0000300.jpg,voices/id0070/English/HXv5ILGTlQ8/00002.wav,faces/id0070/HXv5ILGTlQ8
train,id0025,English,VlFa0S-juA0,faces/id0025/VlFa0S-juA0/0000000.jpg,voices/id0025/English/VlFa0S-juA0/00064.wav,faces/id0025/VlFa0S-juA0
train,id0061,English,D1y3bdSAfqg,faces/id0061/D1y3bdSAfqg/0000450.jpg,voices/id0061/English/D1y3bdSAfqg/00004.wav,faces/id0061/D1y3bdSAfqg
train,id0009,English,gXnUW8OooRk,faces/id0009/gXnUW8OooRk/0000275.jpg,voices/id0009/English/gXnUW8OooRk/00062.wav,faces/id0009/gXnUW8OooRk
train,id0015,English,0R531JwP45k,faces/id0015/0R531JwP45k/0000950.jpg,voices/id0015/English/0R531JwP45k/00013.wav,faces/id0015/0R531JwP45k
train,id0013,English,CbHAv1DqVtA,faces/id0013/CbHAv1DqVtA/0000450.jpg,voices/id0013/English/CbHAv1DqVtA/00018.wav,faces/id0013/CbHAv1DqVtA
train,id0006,English,c0qE9UlV38c,faces/id0006/c0qE9UlV38c/0000150.jpg,voices/id0006/English/c0qE9UlV38c/00018.wav,faces/id0006/c0qE9UlV38c
train,id0059,English,Nqcoz0iuxEk,faces/id0059/Nqcoz0iuxEk/0002250.jpg,voices/id0059/English/Nqcoz0iuxEk/00040.wav,faces/id0059/Nqcoz0iuxEk
train,id0055,English,1E2M_GJQpfc,faces/id0055/1E2M_GJQpfc/0004125.jpg,voices/id0055/English/1E2M_GJQpfc/00002.wav,faces/id0055/1E2M_GJQpfc
train,id0029,English,52M95d6dSTo,faces/id0029/52M95d6dSTo/0000550.jpg,voices/id0029/English/52M95d6dSTo/00036.wav,faces/id0029/52M95d6dSTo
train,id0044,English,vYJc6nLFq40,faces/id0044/vYJc6nLFq40/0000625.jpg,voices/id0044/English/vYJc6nLFq40/00062.wav,faces/id0044/vYJc6nLFq40
train,id0050,English,VryIsSpFp4k,faces/id0050/VryIsSpFp4k/0000025.jpg,voices/id0050/English/VryIsSpFp4k/00001.wav,faces/id0050/VryIsSpFp4k
train,id0044,English,vYJc6nLFq40,faces/id0044/vYJc6nLFq40/0000625.jpg,voices/id0044/English/vYJc6nLFq40/00072.wav,faces/id0044/vYJc6nLFq40
train,id0044,English,vYJc6nLFq40,faces/id0044/vYJc6nLFq40/0000625.jpg,voices/id0044/English/vYJc6nLFq40/00022.wav,faces/id0044/vYJc6nLFq40
train,id0039,English,vKiGkbyfHPA,faces/id0039/vKiGkbyfHPA/0000025.jpg,voices/id0039/English/vKiGkbyfHPA/00073.wav,faces/id0039/vKiGkbyfHPA
train,id0054,English,GWFx6kTr5Kg,faces/id0054/GWFx6kTr5Kg/0000000.jpg,voices/id0054/English/GWFx6kTr5Kg/00002.wav,faces/id0054/GWFx6kTr5Kg
train,id0052,English,bxObwwjdMnY,faces/id0052/bxObwwjdMnY/0000025.jpg,voices/id0052/English/bxObwwjdMnY/00006.wav,faces/id0052/bxObwwjdMnY
train,id0003,English,bV2qGq9jc9Y,faces/id0003/bV2qGq9jc9Y/0001275.jpg,voices/id0003/English/bV2qGq9jc9Y/00015.wav,faces/id0003/bV2qGq9jc9Y
train,id0022,English,cIaJasZFQ94,faces/id0022/cIaJasZFQ94/0002650.jpg,voices/id0022/English/cIaJasZFQ94/00036.wav,faces/id0022/cIaJasZFQ94
train,id0024,English,1yPfpl6daG0,faces/id0024/1yPfpl6daG0/0005250.jpg,voices/id0024/English/1yPfpl6daG0/00002.wav,faces/id0024/1yPfpl6daG0
train,id0013,English,hlzQirEpr-0,faces/id0013/hlzQirEpr-0/0000000.jpg,voices/id0013/English/hlzQirEpr-0/00013.wav,faces/id0013/hlzQirEpr-0
train,id0001,English,Y16ltGEvXzI,faces/id0001/Y16ltGEvXzI/0001300.jpg,voices/id0001/English/Y16ltGEvXzI/00015.wav,faces/id0001/Y16ltGEvXzI
train,id0056,English,1_a3Y6LGpAA,faces/id0056/1_a3Y6LGpAA/0000825.jpg,voices/id0056/English/1_a3Y6LGpAA/00041.wav,faces/id0056/1_a3Y6LGpAA
train,id0014,English,4HS4dZrpe-M,faces/id0014/4HS4dZrpe-M/0000425.jpg,voices/id0014/English/4HS4dZrpe-M/00005.wav,faces/id0014/4HS4dZrpe-M
train,id0011,English,ymgOryA8uUQ,faces/id0011/ymgOryA8uUQ/0000100.jpg,voices/id0011/English/ymgOryA8uUQ/00026.wav,faces/id0011/ymgOryA8uUQ
train,id0045,English,h7A9ToTEKQA,faces/id0045/h7A9ToTEKQA/0000750.jpg,voices/id0045/English/h7A9ToTEKQA/00016.wav,faces/id0045/h7A9ToTEKQA
train,id0054,English,npX324mAtR0,faces/id0054/npX324mAtR0/0000025.jpg,voices/id0054/English/npX324mAtR0/00004.wav,faces/id0054/npX324mAtR0
train,id0037,English,HiFhlkZ8VTM,faces/id0037/HiFhlkZ8VTM/0003400.jpg,voices/id0037/English/HiFhlkZ8VTM/00000.wav,faces/id0037/HiFhlkZ8VTM
train,id0018,English,KQrdbivDg9E,faces/id0018/KQrdbivDg9E/0000000.jpg,voices/id0018/English/KQrdbivDg9E/00025.wav,faces/id0018/KQrdbivDg9E
train,id0011,English,CsnMSIZg04A,faces/id0011/CsnMSIZg04A/0000075.jpg,voices/id0011/English/CsnMSIZg04A/00001.wav,faces/id0011/CsnMSIZg04A
train,id0009,English,CbMvPV-JKew,faces/id0009/CbMvPV-JKew/0001075.jpg,voices/id0009/English/CbMvPV-JKew/00053.wav,faces/id0009/CbMvPV-JKew
train,id0039,English,qyZ004QI6Iw,faces/id0039/qyZ004QI6Iw/0000025.jpg,voices/id0039/English/qyZ004QI6Iw/00075.wav,faces/id0039/qyZ004QI6Iw
train,id0055,English,1E2M_GJQpfc,faces/id0055/1E2M_GJQpfc/0004125.jpg,voices/id0055/English/1E2M_GJQpfc/00006.wav,faces/id0055/1E2M_GJQpfc
train,id0015,English,Mj6i2IZno7U,faces/id0015/Mj6i2IZno7U/0000175.jpg,voices/id0015/English/Mj6i2IZno7U/00002.wav,faces/id0015/Mj6i2IZno7U
train,id0066,English,sbwHlZjFWUI,faces/id0066/sbwHlZjFWUI/0000000.jpg,voices/id0066/English/sbwHlZjFWUI/00001.wav,faces/id0066/sbwHlZjFWUI
train,id0009,English,gXnUW8OooRk,faces/id0009/gXnUW8OooRk/0000275.jpg,voices/id0009/English/gXnUW8OooRk/00007.wav,faces/id0009/gXnUW8OooRk
train,id0001,English,Y16ltGEvXzI,faces/id0001/Y16ltGEvXzI/0001300.jpg,voices/id0001/English/Y16ltGEvXzI/00059.wav,faces/id0001/Y16ltGEvXzI
train,id0009,English,gXnUW8OooRk,faces/id0009/gXnUW8OooRk/0000275.jpg,voices/id0009/English/gXnUW8OooRk/00015.wav,faces/id0009/gXnUW8OooRk
train,id0003,English,COiUHZ_xbO4,faces/id0003/COiUHZ_xbO4/0000600.jpg,voices/id0003/English/COiUHZ_xbO4/00000.wav,faces/id0003/COiUHZ_xbO4
train,id0060,English,11_JiPr1pEk,faces/id0060/11_JiPr1pEk/0000325.jpg,voices/id0060/English/11_JiPr1pEk/00003.wav,faces/id0060/11_JiPr1pEk
train,id0049,English,Ba427Ry5-Og,faces/id0049/Ba427Ry5-Og/0000225.jpg,voices/id0049/English/Ba427Ry5-Og/00001.wav,faces/id0049/Ba427Ry5-Og
train,id0055,English,8fShKg7xrtI,faces/id0055/8fShKg7xrtI/0000450.jpg,voices/id0055/English/8fShKg7xrtI/00009.wav,faces/id0055/8fShKg7xrtI
train,id0055,English,ygbDcr4pHtk,faces/id0055/ygbDcr4pHtk/0000175.jpg,voices/id0055/English/ygbDcr4pHtk/00009.wav,faces/id0055/ygbDcr4pHtk
train,id0059,English,Nqcoz0iuxEk,faces/id0059/Nqcoz0iuxEk/0002250.jpg,voices/id0059/English/Nqcoz0iuxEk/00010.wav,faces/id0059/Nqcoz0iuxEk
train,id0048,English,dpd_s0t0geM,faces/id0048/dpd_s0t0geM/0002900.jpg,voices/id0048/English/dpd_s0t0geM/00018.wav,faces/id0048/dpd_s0t0geM
train,id0001,English,Y16ltGEvXzI,faces/id0001/Y16ltGEvXzI/0001300.jpg,voices/id0001/English/Y16ltGEvXzI/00101.wav,faces/id0001/Y16ltGEvXzI
train,id0056,English,uhqXPuUaGZ8,faces/id0056/uhqXPuUaGZ8/0001750.jpg,voices/id0056/English/uhqXPuUaGZ8/00012.wav,faces/id0056/uhqXPuUaGZ8
train,id0049,English,bQXzC47izaE,faces/id0049/bQXzC47izaE/0001525.jpg,voices/id0049/English/bQXzC47izaE/00000.wav,faces/id0049/bQXzC47izaE
train,id0025,English,VlFa0S-juA0,faces/id0025/VlFa0S-juA0/0000000.jpg,voices/id0025/English/VlFa0S-juA0/00033.wav,faces/id0025/VlFa0S-juA0
train,id0006,English,caVRuzpMDNE,faces/id0006/caVRuzpMDNE/0000375.jpg,voices/id0006/English/caVRuzpMDNE/00004.wav,faces/id0006/caVRuzpMDNE
train,id0050,English,VryIsSpFp4k,faces/id0050/VryIsSpFp4k/0000025.jpg,voices/id0050/English/VryIsSpFp4k/00006.wav,faces/id0050/VryIsSpFp4k
train,id0059,English,Nqcoz0iuxEk,faces/id0059/Nqcoz0iuxEk/0002250.jpg,voices/id0059/English/Nqcoz0iuxEk/00015.wav,faces/id0059/Nqcoz0iuxEk
train,id0009,English,gXnUW8OooRk,faces/id0009/gXnUW8OooRk/0000275.jpg,voices/id0009/English/gXnUW8OooRk/00009.wav,faces/id0009/gXnUW8OooRk
train,id0024,English,dtA2eON1fJA,faces/id0024/dtA2eON1fJA/0005525.jpg,voices/id0024/English/dtA2eON1fJA/00007.wav,faces/id0024/dtA2eON1fJA
train,id0025,English,h0Xu0h8Ry8c,faces/id0025/h0Xu0h8Ry8c/0000050.jpg,voices/id0025/English/h0Xu0h8Ry8c/00002.wav,faces/id0025/h0Xu0h8Ry8c
train,id0005,English,aT4fcH93Fxw,faces/id0005/aT4fcH93Fxw/0004250.jpg,voices/id0005/English/aT4fcH93Fxw/00013.wav,faces/id0005/aT4fcH93Fxw
train,id0040,English,hJHGUoPB3Ws,faces/id0040/hJHGUoPB3Ws/0000075.jpg,voices/id0040/English/hJHGUoPB3Ws/00009.wav,faces/id0040/hJHGUoPB3Ws
train,id0009,English,ODh-79Lk63g,faces/id0009/ODh-79Lk63g/0000325.jpg,voices/id0009/English/ODh-79Lk63g/00006.wav,faces/id0009/ODh-79Lk63g
train,id0010,English,YA3TA8K8CPM,faces/id0010/YA3TA8K8CPM/0000200.jpg,voices/id0010/English/YA3TA8K8CPM/00013.wav,faces/id0010/YA3TA8K8CPM
train,id0015,English,EcLTj9YAYjQ,faces/id0015/EcLTj9YAYjQ/0000275.jpg,voices/id0015/English/EcLTj9YAYjQ/00000.wav,faces/id0015/EcLTj9YAYjQ
train,id0039,English,vKiGkbyfHPA,faces/id0039/vKiGkbyfHPA/0000025.jpg,voices/id0039/English/vKiGkbyfHPA/00080.wav,faces/id0039/vKiGkbyfHPA
train,id0041,English,igda3vF6SuI,faces/id0041/igda3vF6SuI/0001950.jpg,voices/id0041/English/igda3vF6SuI/00028.wav,faces/id0041/igda3vF6SuI
train,id0044,English,vYJc6nLFq40,faces/id0044/vYJc6nLFq40/0000625.jpg,voices/id0044/English/vYJc6nLFq40/00013.wav,faces/id0044/vYJc6nLFq40
train,id0011,English,de7oVYjfT3Y,faces/id0011/de7oVYjfT3Y/0000050.jpg,voices/id0011/English/de7oVYjfT3Y/00022.wav,faces/id0011/de7oVYjfT3Y
train,id0001,English,wiIZUuya6tM,faces/id0001/wiIZUuya6tM/0000800.jpg,voices/id0001/English/wiIZUuya6tM/00001.wav,faces/id0001/wiIZUuya6tM
train,id0046,English,wvNCshp5114,faces/id0046/wvNCshp5114/0000100.jpg,voices/id0046/English/wvNCshp5114/00004.wav,faces/id0046/wvNCshp5114
train,id0056,English,1_a3Y6LGpAA,faces/id0056/1_a3Y6LGpAA/0000825.jpg,voices/id0056/English/1_a3Y6LGpAA/00056.wav,faces/id0056/1_a3Y6LGpAA
train,id0056,English,1_a3Y6LGpAA,faces/id0056/1_a3Y6LGpAA/0000825.jpg,voices/id0056/English/1_a3Y6LGpAA/00043.wav,faces/id0056/1_a3Y6LGpAA
train,id0006,English,c0qE9UlV38c,faces/id0006/c0qE9UlV38c/0000150.jpg,voices/id0006/English/c0qE9UlV38c/00032.wav,faces/id0006/c0qE9UlV38c
train,id0050,English,68s,faces/id0050/68s/0000025.jpg,voices/id0050/English/68s/00014.wav,faces/id0050/68s
train,id0009,English,CbMvPV-JKew,faces/id0009/CbMvPV-JKew/0001075.jpg,voices/id0009/English/CbMvPV-JKew/00074.wav,faces/id0009/CbMvPV-JKew
train,id0001,English,sBBhXKlC4dA,faces/id0001/sBBhXKlC4dA/0000075.jpg,voices/id0001/English/sBBhXKlC4dA/00012.wav,faces/id0001/sBBhXKlC4dA
train,id0024,English,1yPfpl6daG0,faces/id0024/1yPfpl6daG0/0005250.jpg,voices/id0024/English/1yPfpl6daG0/00013.wav,faces/id0024/1yPfpl6daG0
train,id0044,English,vYJc6nLFq40,faces/id0044/vYJc6nLFq40/0000625.jpg,voices/id0044/English/vYJc6nLFq40/00039.wav,faces/id0044/vYJc6nLFq40
train,id0018,English,4FamrqoER0A,faces/id0018/4FamrqoER0A/0000725.jpg,voices/id0018/English/4FamrqoER0A/00005.wav,faces/id0018/4FamrqoER0A
train,id0065,English,aDRUp-LbiH4,faces/id0065/aDRUp-LbiH4/0014500.jpg,voices/id0065/English/aDRUp-LbiH4/00008.wav,faces/id0065/aDRUp-LbiH4
train,id0054,English,2Z3VFOAuNXI,faces/id0054/2Z3VFOAuNXI/0000025.jpg,voices/id0054/English/2Z3VFOAuNXI/00000.wav,faces/id0054/2Z3VFOAuNXI
train,id0043,English,6hf-RQmsLTg,faces/id0043/6hf-RQmsLTg/0002050.jpg,voices/id0043/English/6hf-RQmsLTg/00007.wav,faces/id0043/6hf-RQmsLTg
train,id0009,English,Vx6_0RMT3jw,faces/id0009/Vx6_0RMT3jw/0000600.jpg,voices/id0009/English/Vx6_0RMT3jw/00008.wav,faces/id0009/Vx6_0RMT3jw
train,id0050,English,VryIsSpFp4k,faces/id0050/VryIsSpFp4k/0000025.jpg,voices/id0050/English/VryIsSpFp4k/00002.wav,faces/id0050/VryIsSpFp4k
train,id0012,English,Nw6OPCHmZYc,faces/id0012/Nw6OPCHmZYc/0008300.jpg,voices/id0012/English/Nw6OPCHmZYc/00002.wav,faces/id0012/Nw6OPCHmZYc
train,id0032,English,VeOK09y1z7g,faces/id0032/VeOK09y1z7g/0000125.jpg,voices/id0032/English/VeOK09y1z7g/00001.wav,faces/id0032/VeOK09y1z7g
train,id0052,English,uX3Q8CzGyVk,faces/id0052/uX3Q8CzGyVk/0000025.jpg,voices/id0052/English/uX3Q8CzGyVk/00051.wav,faces/id0052/uX3Q8CzGyVk
train,id0022,English,cIaJasZFQ94,faces/id0022/cIaJasZFQ94/0002650.jpg,voices/id0022/English/cIaJasZFQ94/00039.wav,faces/id0022/cIaJasZFQ94
train,id0028,English,ghJA8nG4w2s,faces/id0028/ghJA8nG4w2s/0001550.jpg,voices/id0028/English/ghJA8nG4w2s/00000.wav,faces/id0028/ghJA8nG4w2s
train,id0029,English,52M95d6dSTo,faces/id0029/52M95d6dSTo/0000550.jpg,voices/id0029/English/52M95d6dSTo/00004.wav,faces/id0029/52M95d6dSTo
train,id0044,English,7YmXFcprqQI,faces/id0044/7YmXFcprqQI/0000000.jpg,voices/id0044/English/7YmXFcprqQI/00001.wav,faces/id0044/7YmXFcprqQI
train,id0001,English,SpfaJtrTMfc,faces/id0001/SpfaJtrTMfc/0002475.jpg,voices/id0001/English/SpfaJtrTMfc/00017.wav,faces/id0001/SpfaJtrTMfc
train,id0025,English,VlFa0S-juA0,faces/id0025/VlFa0S-juA0/0000000.jpg,voices/id0025/English/VlFa0S-juA0/00059.wav,faces/id0025/VlFa0S-juA0
train,id0039,English,vKiGkbyfHPA,faces/id0039/vKiGkbyfHPA/0000025.jpg,voices/id0039/English/vKiGkbyfHPA/00029.wav,faces/id0039/vKiGkbyfHPA
train,id0017,English,iNzFuVDC0vE,faces/id0017/iNzFuVDC0vE/0001325.jpg,voices/id0017/English/iNzFuVDC0vE/00033.wav,faces/id0017/iNzFuVDC0vE
train,id0041,English,7m4O_-EO16E,faces/id0041/7m4O_-EO16E/0000050.jpg,voices/id0041/English/7m4O_-EO16E/00025.wav,faces/id0041/7m4O_-EO16E
train,id0028,English,9jcHcByYp_s,faces/id0028/9jcHcByYp_s/0000625.jpg,voices/id0028/English/9jcHcByYp_s/00101.wav,faces/id0028/9jcHcByYp_s
train,id0001,English,wiIZUuya6tM,faces/id0001/wiIZUuya6tM/0000800.jpg,voices/id0001/English/wiIZUuya6tM/00012.wav,faces/id0001/wiIZUuya6tM
train,id0025,English,VlFa0S-juA0,faces/id0025/VlFa0S-juA0/0000000.jpg,voices/id0025/English/VlFa0S-juA0/00005.wav,faces/id0025/VlFa0S-juA0
train,id0045,English,QjPkuA2BoX4,faces/id0045/QjPkuA2BoX4/0001625.jpg,voices/id0045/English/QjPkuA2BoX4/00027.wav,faces/id0045/QjPkuA2BoX4
train,id0045,English,Erq4Y9TVf4o,faces/id0045/Erq4Y9TVf4o/0001125.jpg,voices/id0045/English/Erq4Y9TVf4o/00013.wav,faces/id0045/Erq4Y9TVf4o
train,id0054,English,npX324mAtR0,faces/id0054/npX324mAtR0/0000025.jpg,voices/id0054/English/npX324mAtR0/00000.wav,faces/id0054/npX324mAtR0
train,id0024,English,27T3pMqtDG8,faces/id0024/27T3pMqtDG8/0003225.jpg,voices/id0024/English/27T3pMqtDG8/00027.wav,faces/id0024/27T3pMqtDG8
train,id0039,English,vKiGkbyfHPA,faces/id0039/vKiGkbyfHPA/0000025.jpg,voices/id0039/English/vKiGkbyfHPA/00115.wav,faces/id0039/vKiGkbyfHPA
train,id0026,English,tw64B8AMGcs,faces/id0026/tw64B8AMGcs/0002275.jpg,voices/id0026/English/tw64B8AMGcs/00001.wav,faces/id0026/tw64B8AMGcs
train,id0006,English,c0qE9UlV38c,faces/id0006/c0qE9UlV38c/0000150.jpg,voices/id0006/English/c0qE9UlV38c/00020.wav,faces/id0006/c0qE9UlV38c
train,id0039,English,qyZ004QI6Iw,faces/id0039/qyZ004QI6Iw/0000025.jpg,voices/id0039/English/qyZ004QI6Iw/00149.wav,faces/id0039/qyZ004QI6Iw
train,id0057,English,ibr4dXajSJ8,faces/id0057/ibr4dXajSJ8/0000225.jpg,voices/id0057/English/ibr4dXajSJ8/00001.wav,faces/id0057/ibr4dXajSJ8
train,id0046,English,HDK2xWJnVAg,faces/id0046/HDK2xWJnVAg/0013075.jpg,voices/id0046/English/HDK2xWJnVAg/00001.wav,faces/id0046/HDK2xWJnVAg
train,id0012,English,ERAJ_QXo-oY,faces/id0012/ERAJ_QXo-oY/0002775.jpg,voices/id0012/English/ERAJ_QXo-oY/00014.wav,faces/id0012/ERAJ_QXo-oY
train,id0044,English,vYJc6nLFq40,faces/id0044/vYJc6nLFq40/0000625.jpg,voices/id0044/English/vYJc6nLFq40/00053.wav,faces/id0044/vYJc6nLFq40
train,id0044,English,vYJc6nLFq40,faces/id0044/vYJc6nLFq40/0000625.jpg,voices/id0044/English/vYJc6nLFq40/00057.wav,faces/id0044/vYJc6nLFq40
train,id0052,English,bxObwwjdMnY,faces/id0052/bxObwwjdMnY/0000025.jpg,voices/id0052/English/bxObwwjdMnY/00031.wav,faces/id0052/bxObwwjdMnY
train,id0018,English,KQrdbivDg9E,faces/id0018/KQrdbivDg9E/0000000.jpg,voices/id0018/English/KQrdbivDg9E/00053.wav,faces/id0018/KQrdbivDg9E
train,id0066,English,eX-1HKOXZ3A,faces/id0066/eX-1HKOXZ3A/0000150.jpg,voices/id0066/English/eX-1HKOXZ3A/00005.wav,faces/id0066/eX-1HKOXZ3A
train,id0054,English,McA3qp0Rt6o,faces/id0054/McA3qp0Rt6o/0000425.jpg,voices/id0054/English/McA3qp0Rt6o/00000.wav,faces/id0054/McA3qp0Rt6o
train,id0013,English,CbHAv1DqVtA,faces/id0013/CbHAv1DqVtA/0000450.jpg,voices/id0013/English/CbHAv1DqVtA/00009.wav,faces/id0013/CbHAv1DqVtA
train,id0039,English,Aq57LMnhilM,faces/id0039/Aq57LMnhilM/0000000.jpg,voices/id0039/English/Aq57LMnhilM/00009.wav,faces/id0039/Aq57LMnhilM
train,id0009,English,gXnUW8OooRk,faces/id0009/gXnUW8OooRk/0000275.jpg,voices/id0009/English/gXnUW8OooRk/00071.wav,faces/id0009/gXnUW8OooRk
train,id0001,English,sA-fO6ZI75M,faces/id0001/sA-fO6ZI75M/0000075.jpg,voices/id0001/English/sA-fO6ZI75M/00000.wav,faces/id0001/sA-fO6ZI75M
train,id0028,English,ghJA8nG4w2s,faces/id0028/ghJA8nG4w2s/0001550.jpg,voices/id0028/English/ghJA8nG4w2s/00007.wav,faces/id0028/ghJA8nG4w2s
train,id0009,English,ACwVcpt8MFA,faces/id0009/ACwVcpt8MFA/0004675.jpg,voices/id0009/English/ACwVcpt8MFA/00003.wav,faces/id0009/ACwVcpt8MFA
train,id0066,English,Z11MbuMakyI,faces/id0066/Z11MbuMakyI/0000400.jpg,voices/id0066/English/Z11MbuMakyI/00012.wav,faces/id0066/Z11MbuMakyI
train,id0054,English,cTcgPLwmetk,faces/id0054/cTcgPLwmetk/0000000.jpg,voices/id0054/English/cTcgPLwmetk/00002.wav,faces/id0054/cTcgPLwmetk
train,id0067,English,aGdUenA305A,faces/id0067/aGdUenA305A/0000025.jpg,voices/id0067/English/aGdUenA305A/00056.wav,faces/id0067/aGdUenA305A
train,id0006,English,FhVHqeWKXvM,faces/id0006/FhVHqeWKXvM/0000325.jpg,voices/id0006/English/FhVHqeWKXvM/00000.wav,faces/id0006/FhVHqeWKXvM
train,id0054,English,0FnebXK4Dp8,faces/id0054/0FnebXK4Dp8/0000025.jpg,voices/id0054/English/0FnebXK4Dp8/00002.wav,faces/id0054/0FnebXK4Dp8
train,id0033,English,02L6RPzTSoI,faces/id0033/02L6RPzTSoI/0001475.jpg,voices/id0033/English/02L6RPzTSoI/00010.wav,faces/id0033/02L6RPzTSoI
train,id0037,English,HiFhlkZ8VTM,faces/id0037/HiFhlkZ8VTM/0003400.jpg,voices/id0037/English/HiFhlkZ8VTM/00005.wav,faces/id0037/HiFhlkZ8VTM
train,id0022,English,vHzoWDUboWA,faces/id0022/vHzoWDUboWA/0000900.jpg,voices/id0022/English/vHzoWDUboWA/00000.wav,faces/id0022/vHzoWDUboWA
train,id0038,English,apQLBNbBzZU,faces/id0038/apQLBNbBzZU/0000100.jpg,voices/id0038/English/apQLBNbBzZU/00005.wav,faces/id0038/apQLBNbBzZU
train,id0018,English,KQrdbivDg9E,faces/id0018/KQrdbivDg9E/0000000.jpg,voices/id0018/English/KQrdbivDg9E/00008.wav,faces/id0018/KQrdbivDg9E
train,id0011,English,de7oVYjfT3Y,faces/id0011/de7oVYjfT3Y/0000050.jpg,voices/id0011/English/de7oVYjfT3Y/00006.wav,faces/id0011/de7oVYjfT3Y
train,id0039,English,qyZ004QI6Iw,faces/id0039/qyZ004QI6Iw/0000025.jpg,voices/id0039/English/qyZ004QI6Iw/00036.wav,faces/id0039/qyZ004QI6Iw
train,id0039,English,vKiGkbyfHPA,faces/id0039/vKiGkbyfHPA/0000025.jpg,voices/id0039/English/vKiGkbyfHPA/00022.wav,faces/id0039/vKiGkbyfHPA
train,id0033,English,Bd_fr4OC_pk,faces/id0033/Bd_fr4OC_pk/0000525.jpg,voices/id0033/English/Bd_fr4OC_pk/00009.wav,faces/id0033/Bd_fr4OC_pk
train,id0047,English,EN3qQZhg6FA,faces/id0047/EN3qQZhg6FA/0000350.jpg,voices/id0047/English/EN3qQZhg6FA/00001.wav,faces/id0047/EN3qQZhg6FA
train,id0062,English,SK8nrapRgqQ,faces/id0062/SK8nrapRgqQ/0001575.jpg,voices/id0062/English/SK8nrapRgqQ/00053.wav,faces/id0062/SK8nrapRgqQ
train,id0064,English,-IdCGsKL8KE,faces/id0064/-IdCGsKL8KE/0004200.jpg,voices/id0064/English/-IdCGsKL8KE/00013.wav,faces/id0064/-IdCGsKL8KE
train,id0025,English,VlFa0S-juA0,faces/id0025/VlFa0S-juA0/0000000.jpg,voices/id0025/English/VlFa0S-juA0/00010.wav,faces/id0025/VlFa0S-juA0
train,id0029,English,Zq6M_N4rZ44,faces/id0029/Zq6M_N4rZ44/0000000.jpg,voices/id0029/English/Zq6M_N4rZ44/00004.wav,faces/id0029/Zq6M_N4rZ44
train,id0052,English,Bk-cX342Faw,faces/id0052/Bk-cX342Faw/0000025.jpg,voices/id0052/English/Bk-cX342Faw/00023.wav,faces/id0052/Bk-cX342Faw
train,id0060,English,QHdn7Zte9MU,faces/id0060/QHdn7Zte9MU/0000225.jpg,voices/id0060/English/QHdn7Zte9MU/00011.wav,faces/id0060/QHdn7Zte9MU
train,id0050,English,4v8-g5ByMh4,faces/id0050/4v8-g5ByMh4/0000025.jpg,voices/id0050/English/4v8-g5ByMh4/00017.wav,faces/id0050/4v8-g5ByMh4
train,id0039,English,FfXTPqi0BVU,faces/id0039/FfXTPqi0BVU/0001975.jpg,voices/id0039/English/FfXTPqi0BVU/00024.wav,faces/id0039/FfXTPqi0BVU
train,id0039,English,qyZ004QI6Iw,faces/id0039/qyZ004QI6Iw/0000025.jpg,voices/id0039/English/qyZ004QI6Iw/00147.wav,faces/id0039/qyZ004QI6Iw
train,id0032,English,J6tj_dnS-20,faces/id0032/J6tj_dnS-20/0000675.jpg,voices/id0032/English/J6tj_dnS-20/00006.wav,faces/id0032/J6tj_dnS-20
train,id0009,English,gXnUW8OooRk,faces/id0009/gXnUW8OooRk/0000275.jpg,voices/id0009/English/gXnUW8OooRk/00088.wav,faces/id0009/gXnUW8OooRk
train,id0033,English,Bd_fr4OC_pk,faces/id0033/Bd_fr4OC_pk/0000525.jpg,voices/id0033/English/Bd_fr4OC_pk/00008.wav,faces/id0033/Bd_fr4OC_pk
train,id0012,English,fD-bx1O1Lp4,faces/id0012/fD-bx1O1Lp4/0001300.jpg,voices/id0012/English/fD-bx1O1Lp4/00011.wav,faces/id0012/fD-bx1O1Lp4
train,id0022,English,cIaJasZFQ94,faces/id0022/cIaJasZFQ94/0002650.jpg,voices/id0022/English/cIaJasZFQ94/00038.wav,faces/id0022/cIaJasZFQ94
train,id0011,English,ymgOryA8uUQ,faces/id0011/ymgOryA8uUQ/0000100.jpg,voices/id0011/English/ymgOryA8uUQ/00002.wav,faces/id0011/ymgOryA8uUQ
train,id0009,English,gXnUW8OooRk,faces/id0009/gXnUW8OooRk/0000275.jpg,voices/id0009/English/gXnUW8OooRk/00081.wav,faces/id0009/gXnUW8OooRk
train,id0037,English,S-nO5aAXYJQ,faces/id0037/S-nO5aAXYJQ/0000000.jpg,voices/id0037/English/S-nO5aAXYJQ/00000.wav,faces/id0037/S-nO5aAXYJQ
train,id0006,English,3YdCvOC-kI0,faces/id0006/3YdCvOC-kI0/0002650.jpg,voices/id0006/English/3YdCvOC-kI0/00004.wav,faces/id0006/3YdCvOC-kI0
train,id0054,English,F7C87RNgnK4,faces/id0054/F7C87RNgnK4/0000150.jpg,voices/id0054/English/F7C87RNgnK4/00005.wav,faces/id0054/F7C87RNgnK4
train,id0053,English,tvj1NTn9mLs,faces/id0053/tvj1NTn9mLs/0000275.jpg,voices/id0053/English/tvj1NTn9mLs/00000.wav,faces/id0053/tvj1NTn9mLs
train,id0009,English,CbMvPV-JKew,faces/id0009/CbMvPV-JKew/0001075.jpg,voices/id0009/English/CbMvPV-JKew/00005.wav,faces/id0009/CbMvPV-JKew
train,id0039,English,FfXTPqi0BVU,faces/id0039/FfXTPqi0BVU/0001975.jpg,voices/id0039/English/FfXTPqi0BVU/00006.wav,faces/id0039/FfXTPqi0BVU
train,id0059,English,qt_kFlB1m4I,faces/id0059/qt_kFlB1m4I/0003775.jpg,voices/id0059/English/qt_kFlB1m4I/00005.wav,faces/id0059/qt_kFlB1m4I
train,id0018,English,fV7clNE9P7k,faces/id0018/fV7clNE9P7k/0002200.jpg,voices/id0018/English/fV7clNE9P7k/00069.wav,faces/id0018/fV7clNE9P7k
train,id0052,English,Bk-cX342Faw,faces/id0052/Bk-cX342Faw/0000025.jpg,voices/id0052/English/Bk-cX342Faw/00005.wav,faces/id0052/Bk-cX342Faw
train,id0015,English,EcLTj9YAYjQ,faces/id0015/EcLTj9YAYjQ/0000275.jpg,voices/id0015/English/EcLTj9YAYjQ/00004.wav,faces/id0015/EcLTj9YAYjQ
train,id0018,English,fV7clNE9P7k,faces/id0018/fV7clNE9P7k/0002200.jpg,voices/id0018/English/fV7clNE9P7k/00066.wav,faces/id0018/fV7clNE9P7k
train,id0052,English,oKKSSoDfquA,faces/id0052/oKKSSoDfquA/0000025.jpg,voices/id0052/English/oKKSSoDfquA/00071.wav,faces/id0052/oKKSSoDfquA
train,id0056,English,70s,faces/id0056/70s/0000200.jpg,voices/id0056/English/70s/00006.wav,faces/id0056/70s
train,id0018,English,KQrdbivDg9E,faces/id0018/KQrdbivDg9E/0000000.jpg,voices/id0018/English/KQrdbivDg9E/00013.wav,faces/id0018/KQrdbivDg9E
train,id0062,English,SK8nrapRgqQ,faces/id0062/SK8nrapRgqQ/0001575.jpg,voices/id0062/English/SK8nrapRgqQ/00024.wav,faces/id0062/SK8nrapRgqQ
train,id0010,English,YA3TA8K8CPM,faces/id0010/YA3TA8K8CPM/0000200.jpg,voices/id0010/English/YA3TA8K8CPM/00003.wav,faces/id0010/YA3TA8K8CPM
train,id0039,English,qyZ004QI6Iw,faces/id0039/qyZ004QI6Iw/0000025.jpg,voices/id0039/English/qyZ004QI6Iw/00092.wav,faces/id0039/qyZ004QI6Iw
train,id0001,English,SpfaJtrTMfc,faces/id0001/SpfaJtrTMfc/0002475.jpg,voices/id0001/English/SpfaJtrTMfc/00039.wav,faces/id0001/SpfaJtrTMfc
train,id0050,English,4v8-g5ByMh4,faces/id0050/4v8-g5ByMh4/0000025.jpg,voices/id0050/English/4v8-g5ByMh4/00004.wav,faces/id0050/4v8-g5ByMh4
train,id0002,English,R3Esg-J-Btg,faces/id0002/R3Esg-J-Btg/0000000.jpg,voices/id0002/English/R3Esg-J-Btg/00008.wav,faces/id0002/R3Esg-J-Btg
train,id0052,English,m_2TipjC5pw,faces/id0052/m_2TipjC5pw/0000025.jpg,voices/id0052/English/m_2TipjC5pw/00033.wav,faces/id0052/m_2TipjC5pw
train,id0042,English,QKZNY_Tfz38,faces/id0042/QKZNY_Tfz38/0000000.jpg,voices/id0042/English/QKZNY_Tfz38/00011.wav,faces/id0042/QKZNY_Tfz38
train,id0060,English,WyInmhVL3Ok,faces/id0060/WyInmhVL3Ok/0002575.jpg,voices/id0060/English/WyInmhVL3Ok/00002.wav,faces/id0060/WyInmhVL3Ok
train,id0024,English,l_0BFvm_rBc,faces/id0024/l_0BFvm_rBc/0005200.jpg,voices/id0024/English/l_0BFvm_rBc/00017.wav,faces/id0024/l_0BFvm_rBc
train,id0001,English,Y16ltGEvXzI,faces/id0001/Y16ltGEvXzI/0001300.jpg,voices/id0001/English/Y16ltGEvXzI/00030.wav,faces/id0001/Y16ltGEvXzI
train,id0001,English,sBBhXKlC4dA,faces/id0001/sBBhXKlC4dA/0000075.jpg,voices/id0001/English/sBBhXKlC4dA/00013.wav,faces/id0001/sBBhXKlC4dA
train,id0062,English,SK8nrapRgqQ,faces/id0062/SK8nrapRgqQ/0001575.jpg,voices/id0062/English/SK8nrapRgqQ/00018.wav,faces/id0062/SK8nrapRgqQ
train,id0033,English,02L6RPzTSoI,faces/id0033/02L6RPzTSoI/0001475.jpg,voices/id0033/English/02L6RPzTSoI/00020.wav,faces/id0033/02L6RPzTSoI
train,id0025,English,JBGHwJ7o_I8,faces/id0025/JBGHwJ7o_I8/0000375.jpg,voices/id0025/English/JBGHwJ7o_I8/00010.wav,faces/id0025/JBGHwJ7o_I8
train,id0045,English,QjPkuA2BoX4,faces/id0045/QjPkuA2BoX4/0001625.jpg,voices/id0045/English/QjPkuA2BoX4/00040.wav,faces/id0045/QjPkuA2BoX4
train,id0048,English,R0UMqq9U6wg,faces/id0048/R0UMqq9U6wg/0000625.jpg,voices/id0048/English/R0UMqq9U6wg/00014.wav,faces/id0048/R0UMqq9U6wg
train,id0060,English,4v8ORoykFSQ,faces/id0060/4v8ORoykFSQ/0009650.jpg,voices/id0060/English/4v8ORoykFSQ/00000.wav,faces/id0060/4v8ORoykFSQ
train,id0001,English,Y16ltGEvXzI,faces/id0001/Y16ltGEvXzI/0001300.jpg,voices/id0001/English/Y16ltGEvXzI/00038.wav,faces/id0001/Y16ltGEvXzI
train,id0037,English,GVM-bO_Kr9Y,faces/id0037/GVM-bO_Kr9Y/0000125.jpg,voices/id0037/English/GVM-bO_Kr9Y/00002.wav,faces/id0037/GVM-bO_Kr9Y
train,id0011,English,zH9gdUqT7Hs,faces/id0011/zH9gdUqT7Hs/0000000.jpg,voices/id0011/English/zH9gdUqT7Hs/00013.wav,faces/id0011/zH9gdUqT7Hs
train,id0052,English,Bk-cX342Faw,faces/id0052/Bk-cX342Faw/0000025.jpg,voices/id0052/English/Bk-cX342Faw/00021.wav,faces/id0052/Bk-cX342Faw
train,id0002,English,R3Esg-J-Btg,faces/id0002/R3Esg-J-Btg/0000000.jpg,voices/id0002/English/R3Esg-J-Btg/00007.wav,faces/id0002/R3Esg-J-Btg
train,id0055,English,ygbDcr4pHtk,faces/id0055/ygbDcr4pHtk/0000175.jpg,voices/id0055/English/ygbDcr4pHtk/00015.wav,faces/id0055/ygbDcr4pHtk
train,id0016,English,8JDCjoGMly8,faces/id0016/8JDCjoGMly8/0001350.jpg,voices/id0016/English/8JDCjoGMly8/00018.wav,faces/id0016/8JDCjoGMly8
train,id0003,English,PFHTzgQ_Bxg,faces/id0003/PFHTzgQ_Bxg/0006175.jpg,voices/id0003/English/PFHTzgQ_Bxg/00001.wav,faces/id0003/PFHTzgQ_Bxg
train,id0001,English,Y16ltGEvXzI,faces/id0001/Y16ltGEvXzI/0001300.jpg,voices/id0001/English/Y16ltGEvXzI/00092.wav,faces/id0001/Y16ltGEvXzI
train,id0051,English,CVRK0vEqDno,faces/id0051/CVRK0vEqDno/0000450.jpg,voices/id0051/English/CVRK0vEqDno/00005.wav,faces/id0051/CVRK0vEqDno
train,id0040,English,lHoa7f6VuY4,faces/id0040/lHoa7f6VuY4/0000775.jpg,voices/id0040/English/lHoa7f6VuY4/00005.wav,faces/id0040/lHoa7f6VuY4
train,id0067,English,aGdUenA305A,faces/id0067/aGdUenA305A/0000025.jpg,voices/id0067/English/aGdUenA305A/00065.wav,faces/id0067/aGdUenA305A
train,id0022,English,PoMGgCakSb0,faces/id0022/PoMGgCakSb0/0000000.jpg,voices/id0022/English/PoMGgCakSb0/00003.wav,faces/id0022/PoMGgCakSb0
train,id0001,English,sBBhXKlC4dA,faces/id0001/sBBhXKlC4dA/0000075.jpg,voices/id0001/English/sBBhXKlC4dA/00009.wav,faces/id0001/sBBhXKlC4dA
train,id0061,English,D1y3bdSAfqg,faces/id0061/D1y3bdSAfqg/0000450.jpg,voices/id0061/English/D1y3bdSAfqg/00000.wav,faces/id0061/D1y3bdSAfqg
train,id0053,English,dkXt56_1NuM,faces/id0053/dkXt56_1NuM/0000100.jpg,voices/id0053/English/dkXt56_1NuM/00000.wav,faces/id0053/dkXt56_1NuM
train,id0041,English,igda3vF6SuI,faces/id0041/igda3vF6SuI/0001950.jpg,voices/id0041/English/igda3vF6SuI/00058.wav,faces/id0041/igda3vF6SuI
train,id0012,English,k-f3Nnd5n8A,faces/id0012/k-f3Nnd5n8A/0000000.jpg,voices/id0012/English/k-f3Nnd5n8A/00052.wav,faces/id0012/k-f3Nnd5n8A
train,id0012,English,Nw6OPCHmZYc,faces/id0012/Nw6OPCHmZYc/0008300.jpg,voices/id0012/English/Nw6OPCHmZYc/00001.wav,faces/id0012/Nw6OPCHmZYc
train,id0010,English,turCcuNH2jc,faces/id0010/turCcuNH2jc/0011275.jpg,voices/id0010/English/turCcuNH2jc/00009.wav,faces/id0010/turCcuNH2jc
train,id0055,English,1E2M_GJQpfc,faces/id0055/1E2M_GJQpfc/0004125.jpg,voices/id0055/English/1E2M_GJQpfc/00015.wav,faces/id0055/1E2M_GJQpfc
train,id0069,English,BNvjmBk5psM,faces/id0069/BNvjmBk5psM/0000400.jpg,voices/id0069/English/BNvjmBk5psM/00015.wav,faces/id0069/BNvjmBk5psM
train,id0054,English,L1lsne6_YtE,faces/id0054/L1lsne6_YtE/0000025.jpg,voices/id0054/English/L1lsne6_YtE/00014.wav,faces/id0054/L1lsne6_YtE
train,id0039,English,qyZ004QI6Iw,faces/id0039/qyZ004QI6Iw/0000025.jpg,voices/id0039/English/qyZ004QI6Iw/00030.wav,faces/id0039/qyZ004QI6Iw
train,id0060,English,11_JiPr1pEk,faces/id0060/11_JiPr1pEk/0000325.jpg,voices/id0060/English/11_JiPr1pEk/00008.wav,faces/id0060/11_JiPr1pEk
train,id0052,English,oKKSSoDfquA,faces/id0052/oKKSSoDfquA/0000025.jpg,voices/id0052/English/oKKSSoDfquA/00025.wav,faces/id0052/oKKSSoDfquA
train,id0053,English,oO1YLLuj52g,faces/id0053/oO1YLLuj52g/0000250.jpg,voices/id0053/English/oO1YLLuj52g/00013.wav,faces/id0053/oO1YLLuj52g
train,id0039,English,vKiGkbyfHPA,faces/id0039/vKiGkbyfHPA/0000025.jpg,voices/id0039/English/vKiGkbyfHPA/00023.wav,faces/id0039/vKiGkbyfHPA
train,id0048,English,dpd_s0t0geM,faces/id0048/dpd_s0t0geM/0002900.jpg,voices/id0048/English/dpd_s0t0geM/00021.wav,faces/id0048/dpd_s0t0geM
train,id0019,English,u2eClpoLbb4,faces/id0019/u2eClpoLbb4/0002750.jpg,voices/id0019/English/u2eClpoLbb4/00003.wav,faces/id0019/u2eClpoLbb4
train,id0052,English,Bk-cX342Faw,faces/id0052/Bk-cX342Faw/0000025.jpg,voices/id0052/English/Bk-cX342Faw/00020.wav,faces/id0052/Bk-cX342Faw
train,id0024,English,27T3pMqtDG8,faces/id0024/27T3pMqtDG8/0003225.jpg,voices/id0024/English/27T3pMqtDG8/00037.wav,faces/id0024/27T3pMqtDG8
train,id0018,English,KQrdbivDg9E,faces/id0018/KQrdbivDg9E/0000000.jpg,voices/id0018/English/KQrdbivDg9E/00000.wav,faces/id0018/KQrdbivDg9E
train,id0011,English,CsnMSIZg04A,faces/id0011/CsnMSIZg04A/0000075.jpg,voices/id0011/English/CsnMSIZg04A/00018.wav,faces/id0011/CsnMSIZg04A
train,id0045,English,QjPkuA2BoX4,faces/id0045/QjPkuA2BoX4/0001625.jpg,voices/id0045/English/QjPkuA2BoX4/00095.wav,faces/id0045/QjPkuA2BoX4
train,id0061,English,D1y3bdSAfqg,faces/id0061/D1y3bdSAfqg/0000450.jpg,voices/id0061/English/D1y3bdSAfqg/00006.wav,faces/id0061/D1y3bdSAfqg
train,id0054,English,L1lsne6_YtE,faces/id0054/L1lsne6_YtE/0000025.jpg,voices/id0054/English/L1lsne6_YtE/00038.wav,faces/id0054/L1lsne6_YtE
train,id0009,English,gXnUW8OooRk,faces/id0009/gXnUW8OooRk/0000275.jpg,voices/id0009/English/gXnUW8OooRk/00036.wav,faces/id0009/gXnUW8OooRk
train,id0045,English,QjPkuA2BoX4,faces/id0045/QjPkuA2BoX4/0001625.jpg,voices/id0045/English/QjPkuA2BoX4/00096.wav,faces/id0045/QjPkuA2BoX4
train,id0028,English,SxPxjK1j_CY,faces/id0028/SxPxjK1j_CY/0000325.jpg,voices/id0028/English/SxPxjK1j_CY/00029.wav,faces/id0028/SxPxjK1j_CY
train,id0039,English,Aq57LMnhilM,faces/id0039/Aq57LMnhilM/0000000.jpg,voices/id0039/English/Aq57LMnhilM/00004.wav,faces/id0039/Aq57LMnhilM
train,id0025,English,VlFa0S-juA0,faces/id0025/VlFa0S-juA0/0000000.jpg,voices/id0025/English/VlFa0S-juA0/00035.wav,faces/id0025/VlFa0S-juA0
train,id0061,English,qXhXigw8GU8,faces/id0061/qXhXigw8GU8/0000000.jpg,voices/id0061/English/qXhXigw8GU8/00003.wav,faces/id0061/qXhXigw8GU8
train,id0010,English,YA3TA8K8CPM,faces/id0010/YA3TA8K8CPM/0000200.jpg,voices/id0010/English/YA3TA8K8CPM/00015.wav,faces/id0010/YA3TA8K8CPM
train,id0040,English,lHoa7f6VuY4,faces/id0040/lHoa7f6VuY4/0000775.jpg,voices/id0040/English/lHoa7f6VuY4/00002.wav,faces/id0040/lHoa7f6VuY4
train,id0015,English,0R531JwP45k,faces/id0015/0R531JwP45k/0000950.jpg,voices/id0015/English/0R531JwP45k/00001.wav,faces/id0015/0R531JwP45k
train,id0052,English,bxObwwjdMnY,faces/id0052/bxObwwjdMnY/0000025.jpg,voices/id0052/English/bxObwwjdMnY/00011.wav,faces/id0052/bxObwwjdMnY
train,id0025,English,VlFa0S-juA0,faces/id0025/VlFa0S-juA0/0000000.jpg,voices/id0025/English/VlFa0S-juA0/00063.wav,faces/id0025/VlFa0S-juA0
train,id0045,English,QjPkuA2BoX4,faces/id0045/QjPkuA2BoX4/0001625.jpg,voices/id0045/English/QjPkuA2BoX4/00055.wav,faces/id0045/QjPkuA2BoX4
train,id0044,English,vYJc6nLFq40,faces/id0044/vYJc6nLFq40/0000625.jpg,voices/id0044/English/vYJc6nLFq40/00002.wav,faces/id0044/vYJc6nLFq40
train,id0028,English,REIQ9Vlh0Lk,faces/id0028/REIQ9Vlh0Lk/0000000.jpg,voices/id0028/English/REIQ9Vlh0Lk/00067.wav,faces/id0028/REIQ9Vlh0Lk
train,id0048,English,dpd_s0t0geM,faces/id0048/dpd_s0t0geM/0002900.jpg,voices/id0048/English/dpd_s0t0geM/00035.wav,faces/id0048/dpd_s0t0geM
train,id0052,English,bxObwwjdMnY,faces/id0052/bxObwwjdMnY/0000025.jpg,voices/id0052/English/bxObwwjdMnY/00029.wav,faces/id0052/bxObwwjdMnY
train,id0009,English,CbMvPV-JKew,faces/id0009/CbMvPV-JKew/0001075.jpg,voices/id0009/English/CbMvPV-JKew/00080.wav,faces/id0009/CbMvPV-JKew
train,id0052,English,bxObwwjdMnY,faces/id0052/bxObwwjdMnY/0000025.jpg,voices/id0052/English/bxObwwjdMnY/00002.wav,faces/id0052/bxObwwjdMnY
train,id0044,English,vYJc6nLFq40,faces/id0044/vYJc6nLFq40/0000625.jpg,voices/id0044/English/vYJc6nLFq40/00034.wav,faces/id0044/vYJc6nLFq40
train,id0011,English,zH9gdUqT7Hs,faces/id0011/zH9gdUqT7Hs/0000000.jpg,voices/id0011/English/zH9gdUqT7Hs/00030.wav,faces/id0011/zH9gdUqT7Hs
train,id0039,English,vKiGkbyfHPA,faces/id0039/vKiGkbyfHPA/0000025.jpg,voices/id0039/English/vKiGkbyfHPA/00123.wav,faces/id0039/vKiGkbyfHPA
train,id0028,English,dxqN3FoMml8,faces/id0028/dxqN3FoMml8/0002125.jpg,voices/id0028/English/dxqN3FoMml8/00042.wav,faces/id0028/dxqN3FoMml8
train,id0013,English,O4f7_5Mv_5c,faces/id0013/O4f7_5Mv_5c/0000400.jpg,voices/id0013/English/O4f7_5Mv_5c/00000.wav,faces/id0013/O4f7_5Mv_5c
train,id0035,English,QRaVk8buFOA,faces/id0035/QRaVk8buFOA/0000350.jpg,voices/id0035/English/QRaVk8buFOA/00007.wav,faces/id0035/QRaVk8buFOA
train,id0003,English,sHbyLrzEByw,faces/id0003/sHbyLrzEByw/0000975.jpg,voices/id0003/English/sHbyLrzEByw/00031.wav,faces/id0003/sHbyLrzEByw
train,id0009,English,CbMvPV-JKew,faces/id0009/CbMvPV-JKew/0001075.jpg,voices/id0009/English/CbMvPV-JKew/00006.wav,faces/id0009/CbMvPV-JKew
train,id0029,English,52M95d6dSTo,faces/id0029/52M95d6dSTo/0000550.jpg,voices/id0029/English/52M95d6dSTo/00014.wav,faces/id0029/52M95d6dSTo
train,id0039,English,qyZ004QI6Iw,faces/id0039/qyZ004QI6Iw/0000025.jpg,voices/id0039/English/qyZ004QI6Iw/00107.wav,faces/id0039/qyZ004QI6Iw
train,id0009,English,CbMvPV-JKew,faces/id0009/CbMvPV-JKew/0001075.jpg,voices/id0009/English/CbMvPV-JKew/00044.wav,faces/id0009/CbMvPV-JKew
train,id0032,English,P4049PTO0EY,faces/id0032/P4049PTO0EY/0000000.jpg,voices/id0032/English/P4049PTO0EY/00005.wav,faces/id0032/P4049PTO0EY
train,id0048,English,dpd_s0t0geM,faces/id0048/dpd_s0t0geM/0002900.jpg,voices/id0048/English/dpd_s0t0geM/00102.wav,faces/id0048/dpd_s0t0geM
train,id0022,English,cIaJasZFQ94,faces/id0022/cIaJasZFQ94/0002650.jpg,voices/id0022/English/cIaJasZFQ94/00033.wav,faces/id0022/cIaJasZFQ94
train,id0041,English,7m4O_-EO16E,faces/id0041/7m4O_-EO16E/0000050.jpg,voices/id0041/English/7m4O_-EO16E/00012.wav,faces/id0041/7m4O_-EO16E
train,id0054,English,L1lsne6_YtE,faces/id0054/L1lsne6_YtE/0000025.jpg,voices/id0054/English/L1lsne6_YtE/00012.wav,faces/id0054/L1lsne6_YtE
train,id0024,English,27T3pMqtDG8,faces/id0024/27T3pMqtDG8/0003225.jpg,voices/id0024/English/27T3pMqtDG8/00015.wav,faces/id0024/27T3pMqtDG8
train,id0056,English,1_a3Y6LGpAA,faces/id0056/1_a3Y6LGpAA/0000825.jpg,voices/id0056/English/1_a3Y6LGpAA/00020.wav,faces/id0056/1_a3Y6LGpAA
train,id0039,English,FfXTPqi0BVU,faces/id0039/FfXTPqi0BVU/0001975.jpg,voices/id0039/English/FfXTPqi0BVU/00022.wav,faces/id0039/FfXTPqi0BVU
train,id0001,English,A8Ch7gJalls,faces/id0001/A8Ch7gJalls/0000075.jpg,voices/id0001/English/A8Ch7gJalls/00000.wav,faces/id0001/A8Ch7gJalls
train,id0039,English,vKiGkbyfHPA,faces/id0039/vKiGkbyfHPA/0000025.jpg,voices/id0039/English/vKiGkbyfHPA/00062.wav,faces/id0039/vKiGkbyfHPA
train,id0039,English,vKiGkbyfHPA,faces/id0039/vKiGkbyfHPA/0000025.jpg,voices/id0039/English/vKiGkbyfHPA/00083.wav,faces/id0039/vKiGkbyfHPA
train,id0012,English,k-f3Nnd5n8A,faces/id0012/k-f3Nnd5n8A/0000000.jpg,voices/id0012/English/k-f3Nnd5n8A/00054.wav,faces/id0012/k-f3Nnd5n8A
train,id0009,English,gXnUW8OooRk,faces/id0009/gXnUW8OooRk/0000275.jpg,voices/id0009/English/gXnUW8OooRk/00077.wav,faces/id0009/gXnUW8OooRk
train,id0051,English,CVRK0vEqDno,faces/id0051/CVRK0vEqDno/0000450.jpg,voices/id0051/English/CVRK0vEqDno/00000.wav,faces/id0051/CVRK0vEqDno
train,id0001,English,Y16ltGEvXzI,faces/id0001/Y16ltGEvXzI/0001300.jpg,voices/id0001/English/Y16ltGEvXzI/00081.wav,faces/id0001/Y16ltGEvXzI
train,id0045,English,QjPkuA2BoX4,faces/id0045/QjPkuA2BoX4/0001625.jpg,voices/id0045/English/QjPkuA2BoX4/00051.wav,faces/id0045/QjPkuA2BoX4
train,id0015,English,BupAovo40Uc,faces/id0015/BupAovo40Uc/0000250.jpg,voices/id0015/English/BupAovo40Uc/00005.wav,faces/id0015/BupAovo40Uc
train,id0052,English,uX3Q8CzGyVk,faces/id0052/uX3Q8CzGyVk/0000025.jpg,voices/id0052/English/uX3Q8CzGyVk/00027.wav,faces/id0052/uX3Q8CzGyVk
train,id0029,English,52M95d6dSTo,faces/id0029/52M95d6dSTo/0000550.jpg,voices/id0029/English/52M95d6dSTo/00034.wav,faces/id0029/52M95d6dSTo
train,id0028,English,9jcHcByYp_s,faces/id0028/9jcHcByYp_s/0000625.jpg,voices/id0028/English/9jcHcByYp_s/00017.wav,faces/id0028/9jcHcByYp_s
train,id0001,English,AFNIYBFMQPc,faces/id0001/AFNIYBFMQPc/0000200.jpg,voices/id0001/English/AFNIYBFMQPc/00000.wav,faces/id0001/AFNIYBFMQPc
train,id0041,English,igda3vF6SuI,faces/id0041/igda3vF6SuI/0001950.jpg,voices/id0041/English/igda3vF6SuI/00002.wav,faces/id0041/igda3vF6SuI
train,id0027,English,Pmd64Lm2bKg,faces/id0027/Pmd64Lm2bKg/0000125.jpg,voices/id0027/English/Pmd64Lm2bKg/00009.wav,faces/id0027/Pmd64Lm2bKg
train,id0013,English,hlzQirEpr-0,faces/id0013/hlzQirEpr-0/0000000.jpg,voices/id0013/English/hlzQirEpr-0/00000.wav,faces/id0013/hlzQirEpr-0
train,id0041,English,7m4O_-EO16E,faces/id0041/7m4O_-EO16E/0000050.jpg,voices/id0041/English/7m4O_-EO16E/00026.wav,faces/id0041/7m4O_-EO16E
train,id0055,English,ygbDcr4pHtk,faces/id0055/ygbDcr4pHtk/0000175.jpg,voices/id0055/English/ygbDcr4pHtk/00007.wav,faces/id0055/ygbDcr4pHtk
train,id0028,English,7vkCG4Yzfzo,faces/id0028/7vkCG4Yzfzo/0000075.jpg,voices/id0028/English/7vkCG4Yzfzo/00005.wav,faces/id0028/7vkCG4Yzfzo
train,id0033,English,4qW3aevy548,faces/id0033/4qW3aevy548/0001825.jpg,voices/id0033/English/4qW3aevy548/00013.wav,faces/id0033/4qW3aevy548
train,id0063,English,CeNF8cAxWSI,faces/id0063/CeNF8cAxWSI/0000125.jpg,voices/id0063/English/CeNF8cAxWSI/00008.wav,faces/id0063/CeNF8cAxWSI
train,id0050,English,68s,faces/id0050/68s/0000025.jpg,voices/id0050/English/68s/00008.wav,faces/id0050/68s
train,id0048,English,dpd_s0t0geM,faces/id0048/dpd_s0t0geM/0002900.jpg,voices/id0048/English/dpd_s0t0geM/00007.wav,faces/id0048/dpd_s0t0geM
train,id0016,English,8JDCjoGMly8,faces/id0016/8JDCjoGMly8/0001350.jpg,voices/id0016/English/8JDCjoGMly8/00001.wav,faces/id0016/8JDCjoGMly8
train,id0053,English,tvj1NTn9mLs,faces/id0053/tvj1NTn9mLs/0000275.jpg,voices/id0053/English/tvj1NTn9mLs/00002.wav,faces/id0053/tvj1NTn9mLs
train,id0059,English,Nqcoz0iuxEk,faces/id0059/Nqcoz0iuxEk/0002250.jpg,voices/id0059/English/Nqcoz0iuxEk/00022.wav,faces/id0059/Nqcoz0iuxEk
train,id0011,English,zH9gdUqT7Hs,faces/id0011/zH9gdUqT7Hs/0000000.jpg,voices/id0011/English/zH9gdUqT7Hs/00000.wav,faces/id0011/zH9gdUqT7Hs
train,id0009,English,Vx6_0RMT3jw,faces/id0009/Vx6_0RMT3jw/0000600.jpg,voices/id0009/English/Vx6_0RMT3jw/00013.wav,faces/id0009/Vx6_0RMT3jw
train,id0047,English,_CYmYRbUo50,faces/id0047/_CYmYRbUo50/0000150.jpg,voices/id0047/English/_CYmYRbUo50/00003.wav,faces/id0047/_CYmYRbUo50
train,id0005,English,YETolXZneZA,faces/id0005/YETolXZneZA/0000000.jpg,voices/id0005/English/YETolXZneZA/00023.wav,faces/id0005/YETolXZneZA
train,id0015,English,0R531JwP45k,faces/id0015/0R531JwP45k/0000950.jpg,voices/id0015/English/0R531JwP45k/00009.wav,faces/id0015/0R531JwP45k
train,id0029,English,52M95d6dSTo,faces/id0029/52M95d6dSTo/0000550.jpg,voices/id0029/English/52M95d6dSTo/00027.wav,faces/id0029/52M95d6dSTo
train,id0052,English,Bk-cX342Faw,faces/id0052/Bk-cX342Faw/0000025.jpg,voices/id0052/English/Bk-cX342Faw/00017.wav,faces/id0052/Bk-cX342Faw
train,id0018,English,KQrdbivDg9E,faces/id0018/KQrdbivDg9E/0000000.jpg,voices/id0018/English/KQrdbivDg9E/00023.wav,faces/id0018/KQrdbivDg9E
train,id0050,English,VryIsSpFp4k,faces/id0050/VryIsSpFp4k/0000025.jpg,voices/id0050/English/VryIsSpFp4k/00000.wav,faces/id0050/VryIsSpFp4k
train,id0062,English,SK8nrapRgqQ,faces/id0062/SK8nrapRgqQ/0001575.jpg,voices/id0062/English/SK8nrapRgqQ/00010.wav,faces/id0062/SK8nrapRgqQ
train,id0017,English,iNzFuVDC0vE,faces/id0017/iNzFuVDC0vE/0001325.jpg,voices/id0017/English/iNzFuVDC0vE/00014.wav,faces/id0017/iNzFuVDC0vE
train,id0012,English,k-f3Nnd5n8A,faces/id0012/k-f3Nnd5n8A/0000000.jpg,voices/id0012/English/k-f3Nnd5n8A/00051.wav,faces/id0012/k-f3Nnd5n8A
train,id0048,English,R0UMqq9U6wg,faces/id0048/R0UMqq9U6wg/0000625.jpg,voices/id0048/English/R0UMqq9U6wg/00017.wav,faces/id0048/R0UMqq9U6wg
train,id0003,English,s4eWJQjHB0I,faces/id0003/s4eWJQjHB0I/0001275.jpg,voices/id0003/English/s4eWJQjHB0I/00023.wav,faces/id0003/s4eWJQjHB0I
train,id0050,English,VryIsSpFp4k,faces/id0050/VryIsSpFp4k/0000025.jpg,voices/id0050/English/VryIsSpFp4k/00003.wav,faces/id0050/VryIsSpFp4k
train,id0052,English,oKKSSoDfquA,faces/id0052/oKKSSoDfquA/0000025.jpg,voices/id0052/English/oKKSSoDfquA/00084.wav,faces/id0052/oKKSSoDfquA
train,id0056,English,uhqXPuUaGZ8,faces/id0056/uhqXPuUaGZ8/0001750.jpg,voices/id0056/English/uhqXPuUaGZ8/00003.wav,faces/id0056/uhqXPuUaGZ8
train,id0002,English,a8YwLpyHArc,faces/id0002/a8YwLpyHArc/0000075.jpg,voices/id0002/English/a8YwLpyHArc/00026.wav,faces/id0002/a8YwLpyHArc
train,id0044,English,vYJc6nLFq40,faces/id0044/vYJc6nLFq40/0000625.jpg,voices/id0044/English/vYJc6nLFq40/00066.wav,faces/id0044/vYJc6nLFq40
train,id0028,English,9jcHcByYp_s,faces/id0028/9jcHcByYp_s/0000625.jpg,voices/id0028/English/9jcHcByYp_s/00000.wav,faces/id0028/9jcHcByYp_s
train,id0059,English,Nqcoz0iuxEk,faces/id0059/Nqcoz0iuxEk/0002250.jpg,voices/id0059/English/Nqcoz0iuxEk/00003.wav,faces/id0059/Nqcoz0iuxEk
train,id0067,English,cricket-world-cup-1225942,faces/id0067/cricket-world-cup-1225942/0000000.jpg,voices/id0067/English/cricket-world-cup-1225942/00000.wav,faces/id0067/cricket-world-cup-1225942
train,id0039,English,vKiGkbyfHPA,faces/id0039/vKiGkbyfHPA/0000025.jpg,voices/id0039/English/vKiGkbyfHPA/00104.wav,faces/id0039/vKiGkbyfHPA
train,id0039,English,vKiGkbyfHPA,faces/id0039/vKiGkbyfHPA/0000025.jpg,voices/id0039/English/vKiGkbyfHPA/00060.wav,faces/id0039/vKiGkbyfHPA
train,id0006,English,c0qE9UlV38c,faces/id0006/c0qE9UlV38c/0000150.jpg,voices/id0006/English/c0qE9UlV38c/00023.wav,faces/id0006/c0qE9UlV38c
train,id0066,English,6lJjLlJj4OU,faces/id0066/6lJjLlJj4OU/0000300.jpg,voices/id0066/English/6lJjLlJj4OU/00008.wav,faces/id0066/6lJjLlJj4OU
train,id0039,English,Aq57LMnhilM,faces/id0039/Aq57LMnhilM/0000000.jpg,voices/id0039/English/Aq57LMnhilM/00021.wav,faces/id0039/Aq57LMnhilM
train,id0050,English,4v8-g5ByMh4,faces/id0050/4v8-g5ByMh4/0000025.jpg,voices/id0050/English/4v8-g5ByMh4/00007.wav,faces/id0050/4v8-g5ByMh4
train,id0015,English,0R531JwP45k,faces/id0015/0R531JwP45k/0000950.jpg,voices/id0015/English/0R531JwP45k/00021.wav,faces/id0015/0R531JwP45k
train,id0001,English,mg8ST-ymYv0,faces/id0001/mg8ST-ymYv0/0030925.jpg,voices/id0001/English/mg8ST-ymYv0/00000.wav,faces/id0001/mg8ST-ymYv0
train,id0002,English,a8YwLpyHArc,faces/id0002/a8YwLpyHArc/0000075.jpg,voices/id0002/English/a8YwLpyHArc/00006.wav,faces/id0002/a8YwLpyHArc
train,id0067,English,aGdUenA305A,faces/id0067/aGdUenA305A/0000025.jpg,voices/id0067/English/aGdUenA305A/00036.wav,faces/id0067/aGdUenA305A
train,id0003,English,PFHTzgQ_Bxg,faces/id0003/PFHTzgQ_Bxg/0006175.jpg,voices/id0003/English/PFHTzgQ_Bxg/00008.wav,faces/id0003/PFHTzgQ_Bxg
train,id0013,English,O4f7_5Mv_5c,faces/id0013/O4f7_5Mv_5c/0000400.jpg,voices/id0013/English/O4f7_5Mv_5c/00009.wav,faces/id0013/O4f7_5Mv_5c
train,id0012,English,fvt3f_xZZl0,faces/id0012/fvt3f_xZZl0/0004750.jpg,voices/id0012/English/fvt3f_xZZl0/00011.wav,faces/id0012/fvt3f_xZZl0
train,id0046,English,HDK2xWJnVAg,faces/id0046/HDK2xWJnVAg/0013075.jpg,voices/id0046/English/HDK2xWJnVAg/00003.wav,faces/id0046/HDK2xWJnVAg
train,id0056,English,1_a3Y6LGpAA,faces/id0056/1_a3Y6LGpAA/0000825.jpg,voices/id0056/English/1_a3Y6LGpAA/00006.wav,faces/id0056/1_a3Y6LGpAA
train,id0024,English,4BN5mp6Sz00,faces/id0024/4BN5mp6Sz00/0000100.jpg,voices/id0024/English/4BN5mp6Sz00/00000.wav,faces/id0024/4BN5mp6Sz00
train,id0009,English,ACwVcpt8MFA,faces/id0009/ACwVcpt8MFA/0004675.jpg,voices/id0009/English/ACwVcpt8MFA/00004.wav,faces/id0009/ACwVcpt8MFA
train,id0017,English,iNzFuVDC0vE,faces/id0017/iNzFuVDC0vE/0001325.jpg,voices/id0017/English/iNzFuVDC0vE/00013.wav,faces/id0017/iNzFuVDC0vE
train,id0001,English,Y16ltGEvXzI,faces/id0001/Y16ltGEvXzI/0001300.jpg,voices/id0001/English/Y16ltGEvXzI/00016.wav,faces/id0001/Y16ltGEvXzI
train,id0052,English,ZMNSULUqiRk,faces/id0052/ZMNSULUqiRk/0000475.jpg,voices/id0052/English/ZMNSULUqiRk/00001.wav,faces/id0052/ZMNSULUqiRk
train,id0009,English,CbMvPV-JKew,faces/id0009/CbMvPV-JKew/0001075.jpg,voices/id0009/English/CbMvPV-JKew/00067.wav,faces/id0009/CbMvPV-JKew
train,id0064,English,-IdCGsKL8KE,faces/id0064/-IdCGsKL8KE/0004200.jpg,voices/id0064/English/-IdCGsKL8KE/00019.wav,faces/id0064/-IdCGsKL8KE
train,id0060,English,QHdn7Zte9MU,faces/id0060/QHdn7Zte9MU/0000225.jpg,voices/id0060/English/QHdn7Zte9MU/00013.wav,faces/id0060/QHdn7Zte9MU
train,id0054,English,L1lsne6_YtE,faces/id0054/L1lsne6_YtE/0000025.jpg,voices/id0054/English/L1lsne6_YtE/00004.wav,faces/id0054/L1lsne6_YtE
train,id0028,English,REIQ9Vlh0Lk,faces/id0028/REIQ9Vlh0Lk/0000000.jpg,voices/id0028/English/REIQ9Vlh0Lk/00018.wav,faces/id0028/REIQ9Vlh0Lk
train,id0006,English,FhVHqeWKXvM,faces/id0006/FhVHqeWKXvM/0000325.jpg,voices/id0006/English/FhVHqeWKXvM/00005.wav,faces/id0006/FhVHqeWKXvM
train,id0022,English,vHzoWDUboWA,faces/id0022/vHzoWDUboWA/0000900.jpg,voices/id0022/English/vHzoWDUboWA/00031.wav,faces/id0022/vHzoWDUboWA
train,id0012,English,k-f3Nnd5n8A,faces/id0012/k-f3Nnd5n8A/0000000.jpg,voices/id0012/English/k-f3Nnd5n8A/00000.wav,faces/id0012/k-f3Nnd5n8A
train,id0043,English,6hf-RQmsLTg,faces/id0043/6hf-RQmsLTg/0002050.jpg,voices/id0043/English/6hf-RQmsLTg/00015.wav,faces/id0043/6hf-RQmsLTg
train,id0017,English,iNzFuVDC0vE,faces/id0017/iNzFuVDC0vE/0001325.jpg,voices/id0017/English/iNzFuVDC0vE/00046.wav,faces/id0017/iNzFuVDC0vE
train,id0043,English,BcP6EKeHE4U,faces/id0043/BcP6EKeHE4U/0000425.jpg,voices/id0043/English/BcP6EKeHE4U/00001.wav,faces/id0043/BcP6EKeHE4U
train,id0033,English,4qW3aevy548,faces/id0033/4qW3aevy548/0001825.jpg,voices/id0033/English/4qW3aevy548/00015.wav,faces/id0033/4qW3aevy548
train,id0039,English,qyZ004QI6Iw,faces/id0039/qyZ004QI6Iw/0000025.jpg,voices/id0039/English/qyZ004QI6Iw/00014.wav,faces/id0039/qyZ004QI6Iw
train,id0003,English,sHbyLrzEByw,faces/id0003/sHbyLrzEByw/0000975.jpg,voices/id0003/English/sHbyLrzEByw/00014.wav,faces/id0003/sHbyLrzEByw
train,id0011,English,de7oVYjfT3Y,faces/id0011/de7oVYjfT3Y/0000050.jpg,voices/id0011/English/de7oVYjfT3Y/00010.wav,faces/id0011/de7oVYjfT3Y
train,id0051,English,CVRK0vEqDno,faces/id0051/CVRK0vEqDno/0000450.jpg,voices/id0051/English/CVRK0vEqDno/00009.wav,faces/id0051/CVRK0vEqDno
train,id0052,English,ZMFntWRg8LY,faces/id0052/ZMFntWRg8LY/0002375.jpg,voices/id0052/English/ZMFntWRg8LY/00011.wav,faces/id0052/ZMFntWRg8LY
train,id0001,English,Y16ltGEvXzI,faces/id0001/Y16ltGEvXzI/0001300.jpg,voices/id0001/English/Y16ltGEvXzI/00075.wav,faces/id0001/Y16ltGEvXzI
train,id0001,English,Y16ltGEvXzI,faces/id0001/Y16ltGEvXzI/0001300.jpg,voices/id0001/English/Y16ltGEvXzI/00071.wav,faces/id0001/Y16ltGEvXzI
train,id0024,English,27T3pMqtDG8,faces/id0024/27T3pMqtDG8/0003225.jpg,voices/id0024/English/27T3pMqtDG8/00026.wav,faces/id0024/27T3pMqtDG8
train,id0024,English,J_YDMmqyHDE,faces/id0024/J_YDMmqyHDE/0000275.jpg,voices/id0024/English/J_YDMmqyHDE/00003.wav,faces/id0024/J_YDMmqyHDE
train,id0009,English,ACwVcpt8MFA,faces/id0009/ACwVcpt8MFA/0004675.jpg,voices/id0009/English/ACwVcpt8MFA/00014.wav,faces/id0009/ACwVcpt8MFA
train,id0015,English,0R531JwP45k,faces/id0015/0R531JwP45k/0000950.jpg,voices/id0015/English/0R531JwP45k/00026.wav,faces/id0015/0R531JwP45k
train,id0049,English,bQXzC47izaE,faces/id0049/bQXzC47izaE/0001525.jpg,voices/id0049/English/bQXzC47izaE/00019.wav,faces/id0049/bQXzC47izaE
train,id0054,English,XZhRQgDQ1j4,faces/id0054/XZhRQgDQ1j4/0000125.jpg,voices/id0054/English/XZhRQgDQ1j4/00006.wav,faces/id0054/XZhRQgDQ1j4
train,id0015,English,Mj6i2IZno7U,faces/id0015/Mj6i2IZno7U/0000175.jpg,voices/id0015/English/Mj6i2IZno7U/00001.wav,faces/id0015/Mj6i2IZno7U
train,id0052,English,oKKSSoDfquA,faces/id0052/oKKSSoDfquA/0000025.jpg,voices/id0052/English/oKKSSoDfquA/00085.wav,faces/id0052/oKKSSoDfquA
train,id0006,English,caVRuzpMDNE,faces/id0006/caVRuzpMDNE/0000375.jpg,voices/id0006/English/caVRuzpMDNE/00032.wav,faces/id0006/caVRuzpMDNE
train,id0053,English,oO1YLLuj52g,faces/id0053/oO1YLLuj52g/0000250.jpg,voices/id0053/English/oO1YLLuj52g/00005.wav,faces/id0053/oO1YLLuj52g
train,id0022,English,vHzoWDUboWA,faces/id0022/vHzoWDUboWA/0000900.jpg,voices/id0022/English/vHzoWDUboWA/00004.wav,faces/id0022/vHzoWDUboWA
train,id0014,English,4HS4dZrpe-M,faces/id0014/4HS4dZrpe-M/0000425.jpg,voices/id0014/English/4HS4dZrpe-M/00010.wav,faces/id0014/4HS4dZrpe-M
train,id0070,English,2dSKek-xst8,faces/id0070/2dSKek-xst8/0007725.jpg,voices/id0070/English/2dSKek-xst8/00001.wav,faces/id0070/2dSKek-xst8
train,id0068,English,wtd-fRHS4UU,faces/id0068/wtd-fRHS4UU/0000000.jpg,voices/id0068/English/wtd-fRHS4UU/00005.wav,faces/id0068/wtd-fRHS4UU
train,id0006,English,c0qE9UlV38c,faces/id0006/c0qE9UlV38c/0000150.jpg,voices/id0006/English/c0qE9UlV38c/00022.wav,faces/id0006/c0qE9UlV38c
train,id0042,English,QKZNY_Tfz38,faces/id0042/QKZNY_Tfz38/0000000.jpg,voices/id0042/English/QKZNY_Tfz38/00002.wav,faces/id0042/QKZNY_Tfz38
train,id0053,English,p4VrOiTqD3A,faces/id0053/p4VrOiTqD3A/0013075.jpg,voices/id0053/English/p4VrOiTqD3A/00001.wav,faces/id0053/p4VrOiTqD3A
train,id0045,English,h7A9ToTEKQA,faces/id0045/h7A9ToTEKQA/0000750.jpg,voices/id0045/English/h7A9ToTEKQA/00024.wav,faces/id0045/h7A9ToTEKQA
train,id0057,English,ibr4dXajSJ8,faces/id0057/ibr4dXajSJ8/0000225.jpg,voices/id0057/English/ibr4dXajSJ8/00022.wav,faces/id0057/ibr4dXajSJ8
train,id0039,English,qyZ004QI6Iw,faces/id0039/qyZ004QI6Iw/0000025.jpg,voices/id0039/English/qyZ004QI6Iw/00106.wav,faces/id0039/qyZ004QI6Iw
train,id0060,English,11_JiPr1pEk,faces/id0060/11_JiPr1pEk/0000325.jpg,voices/id0060/English/11_JiPr1pEk/00006.wav,faces/id0060/11_JiPr1pEk
train,id0022,English,vHzoWDUboWA,faces/id0022/vHzoWDUboWA/0000900.jpg,voices/id0022/English/vHzoWDUboWA/00029.wav,faces/id0022/vHzoWDUboWA
train,id0013,English,hlzQirEpr-0,faces/id0013/hlzQirEpr-0/0000000.jpg,voices/id0013/English/hlzQirEpr-0/00012.wav,faces/id0013/hlzQirEpr-0
train,id0024,English,27T3pMqtDG8,faces/id0024/27T3pMqtDG8/0003225.jpg,voices/id0024/English/27T3pMqtDG8/00013.wav,faces/id0024/27T3pMqtDG8
train,id0052,English,bxObwwjdMnY,faces/id0052/bxObwwjdMnY/0000025.jpg,voices/id0052/English/bxObwwjdMnY/00036.wav,faces/id0052/bxObwwjdMnY
train,id0015,English,BupAovo40Uc,faces/id0015/BupAovo40Uc/0000250.jpg,voices/id0015/English/BupAovo40Uc/00011.wav,faces/id0015/BupAovo40Uc
train,id0045,English,QjPkuA2BoX4,faces/id0045/QjPkuA2BoX4/0001625.jpg,voices/id0045/English/QjPkuA2BoX4/00021.wav,faces/id0045/QjPkuA2BoX4
train,id0012,English,ERAJ_QXo-oY,faces/id0012/ERAJ_QXo-oY/0002775.jpg,voices/id0012/English/ERAJ_QXo-oY/00009.wav,faces/id0012/ERAJ_QXo-oY
train,id0010,English,nnQb0PVW9Zc,faces/id0010/nnQb0PVW9Zc/0000175.jpg,voices/id0010/English/nnQb0PVW9Zc/00018.wav,faces/id0010/nnQb0PVW9Zc
train,id0051,English,w_c9WOoaAJ8,faces/id0051/w_c9WOoaAJ8/0000200.jpg,voices/id0051/English/w_c9WOoaAJ8/00008.wav,faces/id0051/w_c9WOoaAJ8
train,id0052,English,Bk-cX342Faw,faces/id0052/Bk-cX342Faw/0000025.jpg,voices/id0052/English/Bk-cX342Faw/00012.wav,faces/id0052/Bk-cX342Faw
train,id0045,English,QjPkuA2BoX4,faces/id0045/QjPkuA2BoX4/0001625.jpg,voices/id0045/English/QjPkuA2BoX4/00014.wav,faces/id0045/QjPkuA2BoX4
train,id0037,English,RvS7RB4PYqg,faces/id0037/RvS7RB4PYqg/0000000.jpg,voices/id0037/English/RvS7RB4PYqg/00008.wav,faces/id0037/RvS7RB4PYqg
train,id0013,English,hlzQirEpr-0,faces/id0013/hlzQirEpr-0/0000000.jpg,voices/id0013/English/hlzQirEpr-0/00009.wav,faces/id0013/hlzQirEpr-0
train,id0045,English,Erq4Y9TVf4o,faces/id0045/Erq4Y9TVf4o/0001125.jpg,voices/id0045/English/Erq4Y9TVf4o/00011.wav,faces/id0045/Erq4Y9TVf4o
train,id0023,English,PnP8RB8Tx2I,faces/id0023/PnP8RB8Tx2I/0005700.jpg,voices/id0023/English/PnP8RB8Tx2I/00000.wav,faces/id0023/PnP8RB8Tx2I
train,id0024,English,l_0BFvm_rBc,faces/id0024/l_0BFvm_rBc/0005200.jpg,voices/id0024/English/l_0BFvm_rBc/00022.wav,faces/id0024/l_0BFvm_rBc
train,id0052,English,uX3Q8CzGyVk,faces/id0052/uX3Q8CzGyVk/0000025.jpg,voices/id0052/English/uX3Q8CzGyVk/00035.wav,faces/id0052/uX3Q8CzGyVk
train,id0012,English,k-f3Nnd5n8A,faces/id0012/k-f3Nnd5n8A/0000000.jpg,voices/id0012/English/k-f3Nnd5n8A/00040.wav,faces/id0012/k-f3Nnd5n8A
train,id0029,English,52M95d6dSTo,faces/id0029/52M95d6dSTo/0000550.jpg,voices/id0029/English/52M95d6dSTo/00032.wav,faces/id0029/52M95d6dSTo
train,id0052,English,oKKSSoDfquA,faces/id0052/oKKSSoDfquA/0000025.jpg,voices/id0052/English/oKKSSoDfquA/00074.wav,faces/id0052/oKKSSoDfquA
train,id0064,English,-IdCGsKL8KE,faces/id0064/-IdCGsKL8KE/0004200.jpg,voices/id0064/English/-IdCGsKL8KE/00007.wav,faces/id0064/-IdCGsKL8KE
train,id0066,English,6lJjLlJj4OU,faces/id0066/6lJjLlJj4OU/0000300.jpg,voices/id0066/English/6lJjLlJj4OU/00003.wav,faces/id0066/6lJjLlJj4OU
train,id0038,English,ePuTjFlzREA,faces/id0038/ePuTjFlzREA/0000075.jpg,voices/id0038/English/ePuTjFlzREA/00014.wav,faces/id0038/ePuTjFlzREA
train,id0059,English,Nqcoz0iuxEk,faces/id0059/Nqcoz0iuxEk/0002250.jpg,voices/id0059/English/Nqcoz0iuxEk/00035.wav,faces/id0059/Nqcoz0iuxEk
train,id0029,English,52M95d6dSTo,faces/id0029/52M95d6dSTo/0000550.jpg,voices/id0029/English/52M95d6dSTo/00035.wav,faces/id0029/52M95d6dSTo
train,id0015,English,0R531JwP45k,faces/id0015/0R531JwP45k/0000950.jpg,voices/id0015/English/0R531JwP45k/00042.wav,faces/id0015/0R531JwP45k
train,id0001,English,Y16ltGEvXzI,faces/id0001/Y16ltGEvXzI/0001300.jpg,voices/id0001/English/Y16ltGEvXzI/00004.wav,faces/id0001/Y16ltGEvXzI
train,id0014,English,8EkiwaWYds8,faces/id0014/8EkiwaWYds8/0001450.jpg,voices/id0014/English/8EkiwaWYds8/00005.wav,faces/id0014/8EkiwaWYds8
train,id0040,English,6YMUgzYERQs,faces/id0040/6YMUgzYERQs/0000250.jpg,voices/id0040/English/6YMUgzYERQs/00005.wav,faces/id0040/6YMUgzYERQs
train,id0019,English,u2eClpoLbb4,faces/id0019/u2eClpoLbb4/0002750.jpg,voices/id0019/English/u2eClpoLbb4/00015.wav,faces/id0019/u2eClpoLbb4
train,id0028,English,dxqN3FoMml8,faces/id0028/dxqN3FoMml8/0002125.jpg,voices/id0028/English/dxqN3FoMml8/00024.wav,faces/id0028/dxqN3FoMml8
train,id0012,English,fD-bx1O1Lp4,faces/id0012/fD-bx1O1Lp4/0001300.jpg,voices/id0012/English/fD-bx1O1Lp4/00012.wav,faces/id0012/fD-bx1O1Lp4
train,id0060,English,11_JiPr1pEk,faces/id0060/11_JiPr1pEk/0000325.jpg,voices/id0060/English/11_JiPr1pEk/00000.wav,faces/id0060/11_JiPr1pEk
train,id0054,English,2Z3VFOAuNXI,faces/id0054/2Z3VFOAuNXI/0000025.jpg,voices/id0054/English/2Z3VFOAuNXI/00003.wav,faces/id0054/2Z3VFOAuNXI
train,id0020,English,eJbUxNrtE70,faces/id0020/eJbUxNrtE70/0001900.jpg,voices/id0020/English/eJbUxNrtE70/00002.wav,faces/id0020/eJbUxNrtE70
train,id0039,English,qyZ004QI6Iw,faces/id0039/qyZ004QI6Iw/0000025.jpg,voices/id0039/English/qyZ004QI6Iw/00151.wav,faces/id0039/qyZ004QI6Iw
train,id0018,English,KQrdbivDg9E,faces/id0018/KQrdbivDg9E/0000000.jpg,voices/id0018/English/KQrdbivDg9E/00032.wav,faces/id0018/KQrdbivDg9E
train,id0039,English,vKiGkbyfHPA,faces/id0039/vKiGkbyfHPA/0000025.jpg,voices/id0039/English/vKiGkbyfHPA/00051.wav,faces/id0039/vKiGkbyfHPA
train,id0012,English,k-f3Nnd5n8A,faces/id0012/k-f3Nnd5n8A/0000000.jpg,voices/id0012/English/k-f3Nnd5n8A/00037.wav,faces/id0012/k-f3Nnd5n8A
train,id0062,English,SK8nrapRgqQ,faces/id0062/SK8nrapRgqQ/0001575.jpg,voices/id0062/English/SK8nrapRgqQ/00059.wav,faces/id0062/SK8nrapRgqQ
train,id0028,English,REIQ9Vlh0Lk,faces/id0028/REIQ9Vlh0Lk/0000000.jpg,voices/id0028/English/REIQ9Vlh0Lk/00071.wav,faces/id0028/REIQ9Vlh0Lk
train,id0010,English,nnQb0PVW9Zc,faces/id0010/nnQb0PVW9Zc/0000175.jpg,voices/id0010/English/nnQb0PVW9Zc/00003.wav,faces/id0010/nnQb0PVW9Zc
train,id0001,English,Y16ltGEvXzI,faces/id0001/Y16ltGEvXzI/0001300.jpg,voices/id0001/English/Y16ltGEvXzI/00069.wav,faces/id0001/Y16ltGEvXzI
train,id0012,English,fD-bx1O1Lp4,faces/id0012/fD-bx1O1Lp4/0001300.jpg,voices/id0012/English/fD-bx1O1Lp4/00018.wav,faces/id0012/fD-bx1O1Lp4
train,id0017,English,iNzFuVDC0vE,faces/id0017/iNzFuVDC0vE/0001325.jpg,voices/id0017/English/iNzFuVDC0vE/00049.wav,faces/id0017/iNzFuVDC0vE
train,id0037,English,JQXdD8SMjkI,faces/id0037/JQXdD8SMjkI/0001425.jpg,voices/id0037/English/JQXdD8SMjkI/00010.wav,faces/id0037/JQXdD8SMjkI
train,id0006,English,c0qE9UlV38c,faces/id0006/c0qE9UlV38c/0000150.jpg,voices/id0006/English/c0qE9UlV38c/00038.wav,faces/id0006/c0qE9UlV38c
train,id0048,English,MzgfSKySMIU,faces/id0048/MzgfSKySMIU/0000000.jpg,voices/id0048/English/MzgfSKySMIU/00000.wav,faces/id0048/MzgfSKySMIU
train,id0017,English,iNzFuVDC0vE,faces/id0017/iNzFuVDC0vE/0001325.jpg,voices/id0017/English/iNzFuVDC0vE/00002.wav,faces/id0017/iNzFuVDC0vE
train,id0068,English,HqI2vq9xQNc,faces/id0068/HqI2vq9xQNc/0000125.jpg,voices/id0068/English/HqI2vq9xQNc/00002.wav,faces/id0068/HqI2vq9xQNc
train,id0028,English,dxqN3FoMml8,faces/id0028/dxqN3FoMml8/0002125.jpg,voices/id0028/English/dxqN3FoMml8/00008.wav,faces/id0028/dxqN3FoMml8
train,id0047,English,WLBgd5Lhosk,faces/id0047/WLBgd5Lhosk/0000300.jpg,voices/id0047/English/WLBgd5Lhosk/00000.wav,faces/id0047/WLBgd5Lhosk
train,id0039,English,vKiGkbyfHPA,faces/id0039/vKiGkbyfHPA/0000025.jpg,voices/id0039/English/vKiGkbyfHPA/00021.wav,faces/id0039/vKiGkbyfHPA
train,id0067,English,aGdUenA305A,faces/id0067/aGdUenA305A/0000025.jpg,voices/id0067/English/aGdUenA305A/00067.wav,faces/id0067/aGdUenA305A
train,id0043,English,6hf-RQmsLTg,faces/id0043/6hf-RQmsLTg/0002050.jpg,voices/id0043/English/6hf-RQmsLTg/00022.wav,faces/id0043/6hf-RQmsLTg
train,id0027,English,Pmd64Lm2bKg,faces/id0027/Pmd64Lm2bKg/0000125.jpg,voices/id0027/English/Pmd64Lm2bKg/00006.wav,faces/id0027/Pmd64Lm2bKg
train,id0059,English,qt_kFlB1m4I,faces/id0059/qt_kFlB1m4I/0003775.jpg,voices/id0059/English/qt_kFlB1m4I/00006.wav,faces/id0059/qt_kFlB1m4I
train,id0039,English,vKiGkbyfHPA,faces/id0039/vKiGkbyfHPA/0000025.jpg,voices/id0039/English/vKiGkbyfHPA/00108.wav,faces/id0039/vKiGkbyfHPA
train,id0014,English,8EkiwaWYds8,faces/id0014/8EkiwaWYds8/0001450.jpg,voices/id0014/English/8EkiwaWYds8/00008.wav,faces/id0014/8EkiwaWYds8
train,id0023,English,_TCHCsQECzI,faces/id0023/_TCHCsQECzI/0000025.jpg,voices/id0023/English/_TCHCsQECzI/00000.wav,faces/id0023/_TCHCsQECzI
train,id0054,English,L1lsne6_YtE,faces/id0054/L1lsne6_YtE/0000025.jpg,voices/id0054/English/L1lsne6_YtE/00009.wav,faces/id0054/L1lsne6_YtE
train,id0037,English,yIAkeEn42S8,faces/id0037/yIAkeEn42S8/0002425.jpg,voices/id0037/English/yIAkeEn42S8/00002.wav,faces/id0037/yIAkeEn42S8
train,id0050,English,57s,faces/id0050/57s/0002075.jpg,voices/id0050/English/57s/00000.wav,faces/id0050/57s
train,id0018,English,KQrdbivDg9E,faces/id0018/KQrdbivDg9E/0000000.jpg,voices/id0018/English/KQrdbivDg9E/00038.wav,faces/id0018/KQrdbivDg9E
train,id0015,English,0R531JwP45k,faces/id0015/0R531JwP45k/0000950.jpg,voices/id0015/English/0R531JwP45k/00040.wav,faces/id0015/0R531JwP45k
train,id0059,English,fLmv5exbzmg,faces/id0059/fLmv5exbzmg/0001000.jpg,voices/id0059/English/fLmv5exbzmg/00004.wav,faces/id0059/fLmv5exbzmg
train,id0009,English,CbMvPV-JKew,faces/id0009/CbMvPV-JKew/0001075.jpg,voices/id0009/English/CbMvPV-JKew/00034.wav,faces/id0009/CbMvPV-JKew
train,id0003,English,s4eWJQjHB0I,faces/id0003/s4eWJQjHB0I/0001275.jpg,voices/id0003/English/s4eWJQjHB0I/00038.wav,faces/id0003/s4eWJQjHB0I
train,id0006,English,3YdCvOC-kI0,faces/id0006/3YdCvOC-kI0/0002650.jpg,voices/id0006/English/3YdCvOC-kI0/00001.wav,faces/id0006/3YdCvOC-kI0
train,id0001,English,Y16ltGEvXzI,faces/id0001/Y16ltGEvXzI/0001300.jpg,voices/id0001/English/Y16ltGEvXzI/00078.wav,faces/id0001/Y16ltGEvXzI
train,id0005,English,YETolXZneZA,faces/id0005/YETolXZneZA/0000000.jpg,voices/id0005/English/YETolXZneZA/00000.wav,faces/id0005/YETolXZneZA
train,id0001,English,sBBhXKlC4dA,faces/id0001/sBBhXKlC4dA/0000075.jpg,voices/id0001/English/sBBhXKlC4dA/00007.wav,faces/id0001/sBBhXKlC4dA
train,id0063,English,CeNF8cAxWSI,faces/id0063/CeNF8cAxWSI/0000125.jpg,voices/id0063/English/CeNF8cAxWSI/00003.wav,faces/id0063/CeNF8cAxWSI
train,id0028,English,9jcHcByYp_s,faces/id0028/9jcHcByYp_s/0000625.jpg,voices/id0028/English/9jcHcByYp_s/00002.wav,faces/id0028/9jcHcByYp_s
train,id0025,English,JBGHwJ7o_I8,faces/id0025/JBGHwJ7o_I8/0000375.jpg,voices/id0025/English/JBGHwJ7o_I8/00009.wav,faces/id0025/JBGHwJ7o_I8
train,id0003,English,COiUHZ_xbO4,faces/id0003/COiUHZ_xbO4/0000600.jpg,voices/id0003/English/COiUHZ_xbO4/00015.wav,faces/id0003/COiUHZ_xbO4
train,id0003,English,bV2qGq9jc9Y,faces/id0003/bV2qGq9jc9Y/0001275.jpg,voices/id0003/English/bV2qGq9jc9Y/00011.wav,faces/id0003/bV2qGq9jc9Y
train,id0062,English,4BHTy1yc7II,faces/id0062/4BHTy1yc7II/0000250.jpg,voices/id0062/English/4BHTy1yc7II/00017.wav,faces/id0062/4BHTy1yc7II
train,id0033,English,02L6RPzTSoI,faces/id0033/02L6RPzTSoI/0001475.jpg,voices/id0033/English/02L6RPzTSoI/00014.wav,faces/id0033/02L6RPzTSoI
train,id0059,English,Nqcoz0iuxEk,faces/id0059/Nqcoz0iuxEk/0002250.jpg,voices/id0059/English/Nqcoz0iuxEk/00031.wav,faces/id0059/Nqcoz0iuxEk
train,id0024,English,1yPfpl6daG0,faces/id0024/1yPfpl6daG0/0005250.jpg,voices/id0024/English/1yPfpl6daG0/00012.wav,faces/id0024/1yPfpl6daG0
train,id0018,English,KQrdbivDg9E,faces/id0018/KQrdbivDg9E/0000000.jpg,voices/id0018/English/KQrdbivDg9E/00059.wav,faces/id0018/KQrdbivDg9E
train,id0018,English,KQrdbivDg9E,faces/id0018/KQrdbivDg9E/0000000.jpg,voices/id0018/English/KQrdbivDg9E/00061.wav,faces/id0018/KQrdbivDg9E
train,id0048,English,dpd_s0t0geM,faces/id0048/dpd_s0t0geM/0002900.jpg,voices/id0048/English/dpd_s0t0geM/00067.wav,faces/id0048/dpd_s0t0geM
train,id0014,English,4HS4dZrpe-M,faces/id0014/4HS4dZrpe-M/0000425.jpg,voices/id0014/English/4HS4dZrpe-M/00001.wav,faces/id0014/4HS4dZrpe-M
train,id0028,English,9jcHcByYp_s,faces/id0028/9jcHcByYp_s/0000625.jpg,voices/id0028/English/9jcHcByYp_s/00108.wav,faces/id0028/9jcHcByYp_s
train,id0012,English,ERAJ_QXo-oY,faces/id0012/ERAJ_QXo-oY/0002775.jpg,voices/id0012/English/ERAJ_QXo-oY/00003.wav,faces/id0012/ERAJ_QXo-oY
train,id0022,English,PoMGgCakSb0,faces/id0022/PoMGgCakSb0/0000000.jpg,voices/id0022/English/PoMGgCakSb0/00028.wav,faces/id0022/PoMGgCakSb0
train,id0069,English,BNvjmBk5psM,faces/id0069/BNvjmBk5psM/0000400.jpg,voices/id0069/English/BNvjmBk5psM/00018.wav,faces/id0069/BNvjmBk5psM
train,id0005,English,YETolXZneZA,faces/id0005/YETolXZneZA/0000000.jpg,voices/id0005/English/YETolXZneZA/00030.wav,faces/id0005/YETolXZneZA
train,id0039,English,qyZ004QI6Iw,faces/id0039/qyZ004QI6Iw/0000025.jpg,voices/id0039/English/qyZ004QI6Iw/00060.wav,faces/id0039/qyZ004QI6Iw
train,id0024,English,27T3pMqtDG8,faces/id0024/27T3pMqtDG8/0003225.jpg,voices/id0024/English/27T3pMqtDG8/00010.wav,faces/id0024/27T3pMqtDG8
train,id0060,English,QHdn7Zte9MU,faces/id0060/QHdn7Zte9MU/0000225.jpg,voices/id0060/English/QHdn7Zte9MU/00017.wav,faces/id0060/QHdn7Zte9MU
train,id0001,English,Y16ltGEvXzI,faces/id0001/Y16ltGEvXzI/0001300.jpg,voices/id0001/English/Y16ltGEvXzI/00080.wav,faces/id0001/Y16ltGEvXzI
train,id0015,English,0R531JwP45k,faces/id0015/0R531JwP45k/0000950.jpg,voices/id0015/English/0R531JwP45k/00008.wav,faces/id0015/0R531JwP45k
train,id0039,English,vKiGkbyfHPA,faces/id0039/vKiGkbyfHPA/0000025.jpg,voices/id0039/English/vKiGkbyfHPA/00102.wav,faces/id0039/vKiGkbyfHPA
train,id0039,English,vKiGkbyfHPA,faces/id0039/vKiGkbyfHPA/0000025.jpg,voices/id0039/English/vKiGkbyfHPA/00036.wav,faces/id0039/vKiGkbyfHPA
train,id0059,English,Nqcoz0iuxEk,faces/id0059/Nqcoz0iuxEk/0002250.jpg,voices/id0059/English/Nqcoz0iuxEk/00039.wav,faces/id0059/Nqcoz0iuxEk
train,id0053,English,oO1YLLuj52g,faces/id0053/oO1YLLuj52g/0000250.jpg,voices/id0053/English/oO1YLLuj52g/00009.wav,faces/id0053/oO1YLLuj52g
train,id0001,English,SpfaJtrTMfc,faces/id0001/SpfaJtrTMfc/0002475.jpg,voices/id0001/English/SpfaJtrTMfc/00004.wav,faces/id0001/SpfaJtrTMfc
train,id0064,English,9linVJ40euw,faces/id0064/9linVJ40euw/0021675.jpg,voices/id0064/English/9linVJ40euw/00000.wav,faces/id0064/9linVJ40euw
train,id0041,English,igda3vF6SuI,faces/id0041/igda3vF6SuI/0001950.jpg,voices/id0041/English/igda3vF6SuI/00030.wav,faces/id0041/igda3vF6SuI
train,id0005,English,aT4fcH93Fxw,faces/id0005/aT4fcH93Fxw/0004250.jpg,voices/id0005/English/aT4fcH93Fxw/00007.wav,faces/id0005/aT4fcH93Fxw
train,id0066,English,Z11MbuMakyI,faces/id0066/Z11MbuMakyI/0000400.jpg,voices/id0066/English/Z11MbuMakyI/00013.wav,faces/id0066/Z11MbuMakyI
train,id0051,English,w_c9WOoaAJ8,faces/id0051/w_c9WOoaAJ8/0000200.jpg,voices/id0051/English/w_c9WOoaAJ8/00010.wav,faces/id0051/w_c9WOoaAJ8
train,id0038,English,ePuTjFlzREA,faces/id0038/ePuTjFlzREA/0000075.jpg,voices/id0038/English/ePuTjFlzREA/00009.wav,faces/id0038/ePuTjFlzREA
train,id0069,English,BNvjmBk5psM,faces/id0069/BNvjmBk5psM/0000400.jpg,voices/id0069/English/BNvjmBk5psM/00006.wav,faces/id0069/BNvjmBk5psM
train,id0013,English,Sp7QnA99m1E,faces/id0013/Sp7QnA99m1E/0000675.jpg,voices/id0013/English/Sp7QnA99m1E/00001.wav,faces/id0013/Sp7QnA99m1E
train,id0035,English,cDzKMna80Mg,faces/id0035/cDzKMna80Mg/0000000.jpg,voices/id0035/English/cDzKMna80Mg/00003.wav,faces/id0035/cDzKMna80Mg
train,id0044,English,vYJc6nLFq40,faces/id0044/vYJc6nLFq40/0000625.jpg,voices/id0044/English/vYJc6nLFq40/00003.wav,faces/id0044/vYJc6nLFq40
train,id0028,English,REIQ9Vlh0Lk,faces/id0028/REIQ9Vlh0Lk/0000000.jpg,voices/id0028/English/REIQ9Vlh0Lk/00051.wav,faces/id0028/REIQ9Vlh0Lk
train,id0022,English,cIaJasZFQ94,faces/id0022/cIaJasZFQ94/0002650.jpg,voices/id0022/English/cIaJasZFQ94/00004.wav,faces/id0022/cIaJasZFQ94
train,id0001,English,Y16ltGEvXzI,faces/id0001/Y16ltGEvXzI/0001300.jpg,voices/id0001/English/Y16ltGEvXzI/00027.wav,faces/id0001/Y16ltGEvXzI
train,id0032,English,co8amcOfd4g,faces/id0032/co8amcOfd4g/0000000.jpg,voices/id0032/English/co8amcOfd4g/00001.wav,faces/id0032/co8amcOfd4g
train,id0028,English,9jcHcByYp_s,faces/id0028/9jcHcByYp_s/0000625.jpg,voices/id0028/English/9jcHcByYp_s/00042.wav,faces/id0028/9jcHcByYp_s
train,id0062,English,4BHTy1yc7II,faces/id0062/4BHTy1yc7II/0000250.jpg,voices/id0062/English/4BHTy1yc7II/00011.wav,faces/id0062/4BHTy1yc7II
train,id0039,English,qyZ004QI6Iw,faces/id0039/qyZ004QI6Iw/0000025.jpg,voices/id0039/English/qyZ004QI6Iw/00063.wav,faces/id0039/qyZ004QI6Iw
train,id0067,English,aGdUenA305A,faces/id0067/aGdUenA305A/0000025.jpg,voices/id0067/English/aGdUenA305A/00038.wav,faces/id0067/aGdUenA305A
train,id0003,English,sHbyLrzEByw,faces/id0003/sHbyLrzEByw/0000975.jpg,voices/id0003/English/sHbyLrzEByw/00022.wav,faces/id0003/sHbyLrzEByw
train,id0058,English,aV8i5s5971E,faces/id0058/aV8i5s5971E/0000425.jpg,voices/id0058/English/aV8i5s5971E/00003.wav,faces/id0058/aV8i5s5971E
train,id0056,English,1_a3Y6LGpAA,faces/id0056/1_a3Y6LGpAA/0000825.jpg,voices/id0056/English/1_a3Y6LGpAA/00002.wav,faces/id0056/1_a3Y6LGpAA
train,id0042,English,oHqQPhCcVmQ,faces/id0042/oHqQPhCcVmQ/0000350.jpg,voices/id0042/English/oHqQPhCcVmQ/00000.wav,faces/id0042/oHqQPhCcVmQ
train,id0022,English,PoMGgCakSb0,faces/id0022/PoMGgCakSb0/0000000.jpg,voices/id0022/English/PoMGgCakSb0/00034.wav,faces/id0022/PoMGgCakSb0
train,id0044,English,7YmXFcprqQI,faces/id0044/7YmXFcprqQI/0000000.jpg,voices/id0044/English/7YmXFcprqQI/00000.wav,faces/id0044/7YmXFcprqQI
train,id0011,English,zH9gdUqT7Hs,faces/id0011/zH9gdUqT7Hs/0000000.jpg,voices/id0011/English/zH9gdUqT7Hs/00006.wav,faces/id0011/zH9gdUqT7Hs
train,id0028,English,REIQ9Vlh0Lk,faces/id0028/REIQ9Vlh0Lk/0000000.jpg,voices/id0028/English/REIQ9Vlh0Lk/00013.wav,faces/id0028/REIQ9Vlh0Lk
train,id0019,English,Grir2BQ14pY,faces/id0019/Grir2BQ14pY/0000850.jpg,voices/id0019/English/Grir2BQ14pY/00000.wav,faces/id0019/Grir2BQ14pY
train,id0041,English,igda3vF6SuI,faces/id0041/igda3vF6SuI/0001950.jpg,voices/id0041/English/igda3vF6SuI/00044.wav,faces/id0041/igda3vF6SuI
train,id0043,English,6hf-RQmsLTg,faces/id0043/6hf-RQmsLTg/0002050.jpg,voices/id0043/English/6hf-RQmsLTg/00036.wav,faces/id0043/6hf-RQmsLTg
train,id0012,English,k-f3Nnd5n8A,faces/id0012/k-f3Nnd5n8A/0000000.jpg,voices/id0012/English/k-f3Nnd5n8A/00042.wav,faces/id0012/k-f3Nnd5n8A
train,id0059,English,Nqcoz0iuxEk,faces/id0059/Nqcoz0iuxEk/0002250.jpg,voices/id0059/English/Nqcoz0iuxEk/00044.wav,faces/id0059/Nqcoz0iuxEk
train,id0054,English,npX324mAtR0,faces/id0054/npX324mAtR0/0000025.jpg,voices/id0054/English/npX324mAtR0/00017.wav,faces/id0054/npX324mAtR0
train,id0042,English,879NYRQPID8,faces/id0042/879NYRQPID8/0000000.jpg,voices/id0042/English/879NYRQPID8/00006.wav,faces/id0042/879NYRQPID8
train,id0067,English,aGdUenA305A,faces/id0067/aGdUenA305A/0000025.jpg,voices/id0067/English/aGdUenA305A/00047.wav,faces/id0067/aGdUenA305A
train,id0016,English,_SuXYoAlHc8,faces/id0016/_SuXYoAlHc8/0000025.jpg,voices/id0016/English/_SuXYoAlHc8/00000.wav,faces/id0016/_SuXYoAlHc8
train,id0048,English,dpd_s0t0geM,faces/id0048/dpd_s0t0geM/0002900.jpg,voices/id0048/English/dpd_s0t0geM/00049.wav,faces/id0048/dpd_s0t0geM
train,id0041,English,igda3vF6SuI,faces/id0041/igda3vF6SuI/0001950.jpg,voices/id0041/English/igda3vF6SuI/00065.wav,faces/id0041/igda3vF6SuI
train,id0052,English,oKKSSoDfquA,faces/id0052/oKKSSoDfquA/0000025.jpg,voices/id0052/English/oKKSSoDfquA/00054.wav,faces/id0052/oKKSSoDfquA
train,id0012,English,fD-bx1O1Lp4,faces/id0012/fD-bx1O1Lp4/0001300.jpg,voices/id0012/English/fD-bx1O1Lp4/00005.wav,faces/id0012/fD-bx1O1Lp4
train,id0035,English,QRaVk8buFOA,faces/id0035/QRaVk8buFOA/0000350.jpg,voices/id0035/English/QRaVk8buFOA/00006.wav,faces/id0035/QRaVk8buFOA
train,id0009,English,ACwVcpt8MFA,faces/id0009/ACwVcpt8MFA/0004675.jpg,voices/id0009/English/ACwVcpt8MFA/00001.wav,faces/id0009/ACwVcpt8MFA
train,id0028,English,REIQ9Vlh0Lk,faces/id0028/REIQ9Vlh0Lk/0000000.jpg,voices/id0028/English/REIQ9Vlh0Lk/00032.wav,faces/id0028/REIQ9Vlh0Lk
train,id0023,English,_TCHCsQECzI,faces/id0023/_TCHCsQECzI/0000025.jpg,voices/id0023/English/_TCHCsQECzI/00009.wav,faces/id0023/_TCHCsQECzI
train,id0009,English,xbfE-IE7Sho,faces/id0009/xbfE-IE7Sho/0000425.jpg,voices/id0009/English/xbfE-IE7Sho/00001.wav,faces/id0009/xbfE-IE7Sho
train,id0014,English,eZvFT9J80TQ,faces/id0014/eZvFT9J80TQ/0001000.jpg,voices/id0014/English/eZvFT9J80TQ/00002.wav,faces/id0014/eZvFT9J80TQ
train,id0001,English,SpfaJtrTMfc,faces/id0001/SpfaJtrTMfc/0002475.jpg,voices/id0001/English/SpfaJtrTMfc/00005.wav,faces/id0001/SpfaJtrTMfc
train,id0064,English,-IdCGsKL8KE,faces/id0064/-IdCGsKL8KE/0004200.jpg,voices/id0064/English/-IdCGsKL8KE/00012.wav,faces/id0064/-IdCGsKL8KE
train,id0024,English,l_0BFvm_rBc,faces/id0024/l_0BFvm_rBc/0005200.jpg,voices/id0024/English/l_0BFvm_rBc/00024.wav,faces/id0024/l_0BFvm_rBc
train,id0040,English,ZJdxFPQdF7M,faces/id0040/ZJdxFPQdF7M/0000125.jpg,voices/id0040/English/ZJdxFPQdF7M/00004.wav,faces/id0040/ZJdxFPQdF7M
train,id0029,English,52M95d6dSTo,faces/id0029/52M95d6dSTo/0000550.jpg,voices/id0029/English/52M95d6dSTo/00021.wav,faces/id0029/52M95d6dSTo
train,id0015,English,0R531JwP45k,faces/id0015/0R531JwP45k/0000950.jpg,voices/id0015/English/0R531JwP45k/00039.wav,faces/id0015/0R531JwP45k
train,id0070,English,Xu4MTv5wgys,faces/id0070/Xu4MTv5wgys/0000025.jpg,voices/id0070/English/Xu4MTv5wgys/00007.wav,faces/id0070/Xu4MTv5wgys
train,id0018,English,fV7clNE9P7k,faces/id0018/fV7clNE9P7k/0002200.jpg,voices/id0018/English/fV7clNE9P7k/00027.wav,faces/id0018/fV7clNE9P7k
train,id0066,English,6lJjLlJj4OU,faces/id0066/6lJjLlJj4OU/0000300.jpg,voices/id0066/English/6lJjLlJj4OU/00004.wav,faces/id0066/6lJjLlJj4OU
train,id0033,English,4qW3aevy548,faces/id0033/4qW3aevy548/0001825.jpg,voices/id0033/English/4qW3aevy548/00006.wav,faces/id0033/4qW3aevy548
train,id0003,English,COiUHZ_xbO4,faces/id0003/COiUHZ_xbO4/0000600.jpg,voices/id0003/English/COiUHZ_xbO4/00005.wav,faces/id0003/COiUHZ_xbO4
train,id0059,English,Nqcoz0iuxEk,faces/id0059/Nqcoz0iuxEk/0002250.jpg,voices/id0059/English/Nqcoz0iuxEk/00001.wav,faces/id0059/Nqcoz0iuxEk
train,id0025,English,VlFa0S-juA0,faces/id0025/VlFa0S-juA0/0000000.jpg,voices/id0025/English/VlFa0S-juA0/00038.wav,faces/id0025/VlFa0S-juA0
train,id0054,English,0FnebXK4Dp8,faces/id0054/0FnebXK4Dp8/0000025.jpg,voices/id0054/English/0FnebXK4Dp8/00004.wav,faces/id0054/0FnebXK4Dp8
train,id0045,English,QjPkuA2BoX4,faces/id0045/QjPkuA2BoX4/0001625.jpg,voices/id0045/English/QjPkuA2BoX4/00048.wav,faces/id0045/QjPkuA2BoX4
train,id0015,English,eQelxzTGD8Y,faces/id0015/eQelxzTGD8Y/0000775.jpg,voices/id0015/English/eQelxzTGD8Y/00002.wav,faces/id0015/eQelxzTGD8Y
train,id0001,English,wiIZUuya6tM,faces/id0001/wiIZUuya6tM/0000800.jpg,voices/id0001/English/wiIZUuya6tM/00016.wav,faces/id0001/wiIZUuya6tM
train,id0001,English,mg8ST-ymYv0,faces/id0001/mg8ST-ymYv0/0030925.jpg,voices/id0001/English/mg8ST-ymYv0/00004.wav,faces/id0001/mg8ST-ymYv0
train,id0012,English,gFMo-DDs2KY,faces/id0012/gFMo-DDs2KY/0000075.jpg,voices/id0012/English/gFMo-DDs2KY/00001.wav,faces/id0012/gFMo-DDs2KY
train,id0018,English,4FamrqoER0A,faces/id0018/4FamrqoER0A/0000725.jpg,voices/id0018/English/4FamrqoER0A/00004.wav,faces/id0018/4FamrqoER0A
train,id0012,English,k-f3Nnd5n8A,faces/id0012/k-f3Nnd5n8A/0000000.jpg,voices/id0012/English/k-f3Nnd5n8A/00014.wav,faces/id0012/k-f3Nnd5n8A
train,id0018,English,fV7clNE9P7k,faces/id0018/fV7clNE9P7k/0002200.jpg,voices/id0018/English/fV7clNE9P7k/00040.wav,faces/id0018/fV7clNE9P7k
train,id0039,English,qyZ004QI6Iw,faces/id0039/qyZ004QI6Iw/0000025.jpg,voices/id0039/English/qyZ004QI6Iw/00041.wav,faces/id0039/qyZ004QI6Iw
train,id0068,English,HqI2vq9xQNc,faces/id0068/HqI2vq9xQNc/0000125.jpg,voices/id0068/English/HqI2vq9xQNc/00009.wav,faces/id0068/HqI2vq9xQNc
train,id0023,English,65rZBmCnqtE,faces/id0023/65rZBmCnqtE/0000000.jpg,voices/id0023/English/65rZBmCnqtE/00006.wav,faces/id0023/65rZBmCnqtE
train,id0009,English,CbMvPV-JKew,faces/id0009/CbMvPV-JKew/0001075.jpg,voices/id0009/English/CbMvPV-JKew/00060.wav,faces/id0009/CbMvPV-JKew
train,id0014,English,ULjJgUI2Arw,faces/id0014/ULjJgUI2Arw/0003475.jpg,voices/id0014/English/ULjJgUI2Arw/00002.wav,faces/id0014/ULjJgUI2Arw
train,id0058,English,gSa1ltx9rTA,faces/id0058/gSa1ltx9rTA/0000050.jpg,voices/id0058/English/gSa1ltx9rTA/00001.wav,faces/id0058/gSa1ltx9rTA
train,id0013,English,CbHAv1DqVtA,faces/id0013/CbHAv1DqVtA/0000450.jpg,voices/id0013/English/CbHAv1DqVtA/00035.wav,faces/id0013/CbHAv1DqVtA
train,id0039,English,qyZ004QI6Iw,faces/id0039/qyZ004QI6Iw/0000025.jpg,voices/id0039/English/qyZ004QI6Iw/00046.wav,faces/id0039/qyZ004QI6Iw
train,id0027,English,45XvDmnzABk,faces/id0027/45XvDmnzABk/0005075.jpg,voices/id0027/English/45XvDmnzABk/00007.wav,faces/id0027/45XvDmnzABk
train,id0015,English,0R531JwP45k,faces/id0015/0R531JwP45k/0000950.jpg,voices/id0015/English/0R531JwP45k/00041.wav,faces/id0015/0R531JwP45k
train,id0025,English,VlFa0S-juA0,faces/id0025/VlFa0S-juA0/0000000.jpg,voices/id0025/English/VlFa0S-juA0/00009.wav,faces/id0025/VlFa0S-juA0
train,id0002,English,R3Esg-J-Btg,faces/id0002/R3Esg-J-Btg/0000000.jpg,voices/id0002/English/R3Esg-J-Btg/00002.wav,faces/id0002/R3Esg-J-Btg
train,id0068,English,7IxNK3Xa4gs,faces/id0068/7IxNK3Xa4gs/0000000.jpg,voices/id0068/English/7IxNK3Xa4gs/00000.wav,faces/id0068/7IxNK3Xa4gs
train,id0011,English,ymgOryA8uUQ,faces/id0011/ymgOryA8uUQ/0000100.jpg,voices/id0011/English/ymgOryA8uUQ/00003.wav,faces/id0011/ymgOryA8uUQ
train,id0035,English,BbKxP-BW8to,faces/id0035/BbKxP-BW8to/0000000.jpg,voices/id0035/English/BbKxP-BW8to/00001.wav,faces/id0035/BbKxP-BW8to
train,id0028,English,9jcHcByYp_s,faces/id0028/9jcHcByYp_s/0000625.jpg,voices/id0028/English/9jcHcByYp_s/00043.wav,faces/id0028/9jcHcByYp_s
train,id0044,English,vYJc6nLFq40,faces/id0044/vYJc6nLFq40/0000625.jpg,voices/id0044/English/vYJc6nLFq40/00032.wav,faces/id0044/vYJc6nLFq40
train,id0015,English,eQelxzTGD8Y,faces/id0015/eQelxzTGD8Y/0000775.jpg,voices/id0015/English/eQelxzTGD8Y/00004.wav,faces/id0015/eQelxzTGD8Y
train,id0054,English,McA3qp0Rt6o,faces/id0054/McA3qp0Rt6o/0000425.jpg,voices/id0054/English/McA3qp0Rt6o/00005.wav,faces/id0054/McA3qp0Rt6o
train,id0048,English,dpd_s0t0geM,faces/id0048/dpd_s0t0geM/0002900.jpg,voices/id0048/English/dpd_s0t0geM/00087.wav,faces/id0048/dpd_s0t0geM
train,id0054,English,0FnebXK4Dp8,faces/id0054/0FnebXK4Dp8/0000025.jpg,voices/id0054/English/0FnebXK4Dp8/00001.wav,faces/id0054/0FnebXK4Dp8
train,id0037,English,JQXdD8SMjkI,faces/id0037/JQXdD8SMjkI/0001425.jpg,voices/id0037/English/JQXdD8SMjkI/00017.wav,faces/id0037/JQXdD8SMjkI
train,id0025,English,9UKSten91H4,faces/id0025/9UKSten91H4/0000025.jpg,voices/id0025/English/9UKSten91H4/00014.wav,faces/id0025/9UKSten91H4
train,id0068,English,wtd-fRHS4UU,faces/id0068/wtd-fRHS4UU/0000000.jpg,voices/id0068/English/wtd-fRHS4UU/00004.wav,faces/id0068/wtd-fRHS4UU
train,id0028,English,9jcHcByYp_s,faces/id0028/9jcHcByYp_s/0000625.jpg,voices/id0028/English/9jcHcByYp_s/00074.wav,faces/id0028/9jcHcByYp_s
train,id0003,English,s4eWJQjHB0I,faces/id0003/s4eWJQjHB0I/0001275.jpg,voices/id0003/English/s4eWJQjHB0I/00025.wav,faces/id0003/s4eWJQjHB0I
train,id0006,English,c0qE9UlV38c,faces/id0006/c0qE9UlV38c/0000150.jpg,voices/id0006/English/c0qE9UlV38c/00003.wav,faces/id0006/c0qE9UlV38c
train,id0062,English,SK8nrapRgqQ,faces/id0062/SK8nrapRgqQ/0001575.jpg,voices/id0062/English/SK8nrapRgqQ/00043.wav,faces/id0062/SK8nrapRgqQ
train,id0022,English,vHzoWDUboWA,faces/id0022/vHzoWDUboWA/0000900.jpg,voices/id0022/English/vHzoWDUboWA/00002.wav,faces/id0022/vHzoWDUboWA
train,id0005,English,ffgGqDAHcjQ,faces/id0005/ffgGqDAHcjQ/0000625.jpg,voices/id0005/English/ffgGqDAHcjQ/00005.wav,faces/id0005/ffgGqDAHcjQ
train,id0052,English,uX3Q8CzGyVk,faces/id0052/uX3Q8CzGyVk/0000025.jpg,voices/id0052/English/uX3Q8CzGyVk/00031.wav,faces/id0052/uX3Q8CzGyVk
train,id0039,English,vKiGkbyfHPA,faces/id0039/vKiGkbyfHPA/0000025.jpg,voices/id0039/English/vKiGkbyfHPA/00067.wav,faces/id0039/vKiGkbyfHPA
train,id0001,English,SpfaJtrTMfc,faces/id0001/SpfaJtrTMfc/0002475.jpg,voices/id0001/English/SpfaJtrTMfc/00031.wav,faces/id0001/SpfaJtrTMfc
train,id0044,English,vYJc6nLFq40,faces/id0044/vYJc6nLFq40/0000625.jpg,voices/id0044/English/vYJc6nLFq40/00064.wav,faces/id0044/vYJc6nLFq40
train,id0055,English,ygbDcr4pHtk,faces/id0055/ygbDcr4pHtk/0000175.jpg,voices/id0055/English/ygbDcr4pHtk/00013.wav,faces/id0055/ygbDcr4pHtk
train,id0062,English,4BHTy1yc7II,faces/id0062/4BHTy1yc7II/0000250.jpg,voices/id0062/English/4BHTy1yc7II/00022.wav,faces/id0062/4BHTy1yc7II
train,id0028,English,9jcHcByYp_s,faces/id0028/9jcHcByYp_s/0000625.jpg,voices/id0028/English/9jcHcByYp_s/00057.wav,faces/id0028/9jcHcByYp_s
train,id0009,English,Vx6_0RMT3jw,faces/id0009/Vx6_0RMT3jw/0000600.jpg,voices/id0009/English/Vx6_0RMT3jw/00024.wav,faces/id0009/Vx6_0RMT3jw
train,id0024,English,27T3pMqtDG8,faces/id0024/27T3pMqtDG8/0003225.jpg,voices/id0024/English/27T3pMqtDG8/00008.wav,faces/id0024/27T3pMqtDG8
train,id0018,English,fV7clNE9P7k,faces/id0018/fV7clNE9P7k/0002200.jpg,voices/id0018/English/fV7clNE9P7k/00045.wav,faces/id0018/fV7clNE9P7k
train,id0064,English,EwbbCMlWCyk,faces/id0064/EwbbCMlWCyk/0004275.jpg,voices/id0064/English/EwbbCMlWCyk/00009.wav,faces/id0064/EwbbCMlWCyk
train,id0006,English,3YdCvOC-kI0,faces/id0006/3YdCvOC-kI0/0002650.jpg,voices/id0006/English/3YdCvOC-kI0/00010.wav,faces/id0006/3YdCvOC-kI0
train,id0064,English,EwbbCMlWCyk,faces/id0064/EwbbCMlWCyk/0004275.jpg,voices/id0064/English/EwbbCMlWCyk/00005.wav,faces/id0064/EwbbCMlWCyk
train,id0052,English,bxObwwjdMnY,faces/id0052/bxObwwjdMnY/0000025.jpg,voices/id0052/English/bxObwwjdMnY/00009.wav,faces/id0052/bxObwwjdMnY
train,id0055,English,mvPkO0InuOk,faces/id0055/mvPkO0InuOk/0000050.jpg,voices/id0055/English/mvPkO0InuOk/00001.wav,faces/id0055/mvPkO0InuOk
train,id0013,English,hlzQirEpr-0,faces/id0013/hlzQirEpr-0/0000000.jpg,voices/id0013/English/hlzQirEpr-0/00015.wav,faces/id0013/hlzQirEpr-0
train,id0018,English,fV7clNE9P7k,faces/id0018/fV7clNE9P7k/0002200.jpg,voices/id0018/English/fV7clNE9P7k/00046.wav,faces/id0018/fV7clNE9P7k
train,id0038,English,ePuTjFlzREA,faces/id0038/ePuTjFlzREA/0000075.jpg,voices/id0038/English/ePuTjFlzREA/00013.wav,faces/id0038/ePuTjFlzREA
train,id0001,English,sBBhXKlC4dA,faces/id0001/sBBhXKlC4dA/0000075.jpg,voices/id0001/English/sBBhXKlC4dA/00000.wav,faces/id0001/sBBhXKlC4dA
train,id0063,English,e4viFF_N14E,faces/id0063/e4viFF_N14E/0001375.jpg,voices/id0063/English/e4viFF_N14E/00004.wav,faces/id0063/e4viFF_N14E
train,id0001,English,Y16ltGEvXzI,faces/id0001/Y16ltGEvXzI/0001300.jpg,voices/id0001/English/Y16ltGEvXzI/00006.wav,faces/id0001/Y16ltGEvXzI
train,id0020,English,eJbUxNrtE70,faces/id0020/eJbUxNrtE70/0001900.jpg,voices/id0020/English/eJbUxNrtE70/00005.wav,faces/id0020/eJbUxNrtE70
train,id0039,English,qyZ004QI6Iw,faces/id0039/qyZ004QI6Iw/0000025.jpg,voices/id0039/English/qyZ004QI6Iw/00038.wav,faces/id0039/qyZ004QI6Iw
train,id0037,English,7,faces/id0037/7/0000000.jpg,voices/id0037/English/7/00002.wav,faces/id0037/7
train,id0050,English,QDoC9o2ArtE,faces/id0050/QDoC9o2ArtE/0000225.jpg,voices/id0050/English/QDoC9o2ArtE/00002.wav,faces/id0050/QDoC9o2ArtE
train,id0059,English,fLmv5exbzmg,faces/id0059/fLmv5exbzmg/0001000.jpg,voices/id0059/English/fLmv5exbzmg/00007.wav,faces/id0059/fLmv5exbzmg
train,id0014,English,fHlaCvlVhoM,faces/id0014/fHlaCvlVhoM/0000000.jpg,voices/id0014/English/fHlaCvlVhoM/00000.wav,faces/id0014/fHlaCvlVhoM
train,id0048,English,dpd_s0t0geM,faces/id0048/dpd_s0t0geM/0002900.jpg,voices/id0048/English/dpd_s0t0geM/00036.wav,faces/id0048/dpd_s0t0geM
train,id0044,English,vYJc6nLFq40,faces/id0044/vYJc6nLFq40/0000625.jpg,voices/id0044/English/vYJc6nLFq40/00008.wav,faces/id0044/vYJc6nLFq40
train,id0038,English,t41gm9IBVPs,faces/id0038/t41gm9IBVPs/0004000.jpg,voices/id0038/English/t41gm9IBVPs/00000.wav,faces/id0038/t41gm9IBVPs
train,id0028,English,SxPxjK1j_CY,faces/id0028/SxPxjK1j_CY/0000325.jpg,voices/id0028/English/SxPxjK1j_CY/00031.wav,faces/id0028/SxPxjK1j_CY
train,id0048,English,dpd_s0t0geM,faces/id0048/dpd_s0t0geM/0002900.jpg,voices/id0048/English/dpd_s0t0geM/00097.wav,faces/id0048/dpd_s0t0geM
train,id0024,English,27T3pMqtDG8,faces/id0024/27T3pMqtDG8/0003225.jpg,voices/id0024/English/27T3pMqtDG8/00020.wav,faces/id0024/27T3pMqtDG8
train,id0045,English,QjPkuA2BoX4,faces/id0045/QjPkuA2BoX4/0001625.jpg,voices/id0045/English/QjPkuA2BoX4/00085.wav,faces/id0045/QjPkuA2BoX4
train,id0067,English,aGdUenA305A,faces/id0067/aGdUenA305A/0000025.jpg,voices/id0067/English/aGdUenA305A/00068.wav,faces/id0067/aGdUenA305A
train,id0011,English,YwozNG5iuSY,faces/id0011/YwozNG5iuSY/0001125.jpg,voices/id0011/English/YwozNG5iuSY/00008.wav,faces/id0011/YwozNG5iuSY
train,id0012,English,ERAJ_QXo-oY,faces/id0012/ERAJ_QXo-oY/0002775.jpg,voices/id0012/English/ERAJ_QXo-oY/00026.wav,faces/id0012/ERAJ_QXo-oY
train,id0033,English,02L6RPzTSoI,faces/id0033/02L6RPzTSoI/0001475.jpg,voices/id0033/English/02L6RPzTSoI/00005.wav,faces/id0033/02L6RPzTSoI
train,id0039,English,qyZ004QI6Iw,faces/id0039/qyZ004QI6Iw/0000025.jpg,voices/id0039/English/qyZ004QI6Iw/00130.wav,faces/id0039/qyZ004QI6Iw
train,id0053,English,f3LgAvRhY5Q,faces/id0053/f3LgAvRhY5Q/0000000.jpg,voices/id0053/English/f3LgAvRhY5Q/00002.wav,faces/id0053/f3LgAvRhY5Q
train,id0010,English,rhUJh-U6LX0,faces/id0010/rhUJh-U6LX0/0001475.jpg,voices/id0010/English/rhUJh-U6LX0/00001.wav,faces/id0010/rhUJh-U6LX0
train,id0066,English,eX-1HKOXZ3A,faces/id0066/eX-1HKOXZ3A/0000150.jpg,voices/id0066/English/eX-1HKOXZ3A/00004.wav,faces/id0066/eX-1HKOXZ3A
train,id0052,English,oKKSSoDfquA,faces/id0052/oKKSSoDfquA/0000025.jpg,voices/id0052/English/oKKSSoDfquA/00036.wav,faces/id0052/oKKSSoDfquA
train,id0015,English,n_36IOGVhMY,faces/id0015/n_36IOGVhMY/0000325.jpg,voices/id0015/English/n_36IOGVhMY/00002.wav,faces/id0015/n_36IOGVhMY
train,id0047,English,EN3qQZhg6FA,faces/id0047/EN3qQZhg6FA/0000350.jpg,voices/id0047/English/EN3qQZhg6FA/00013.wav,faces/id0047/EN3qQZhg6FA
train,id0032,English,R94FJ76YAbg,faces/id0032/R94FJ76YAbg/0000250.jpg,voices/id0032/English/R94FJ76YAbg/00001.wav,faces/id0032/R94FJ76YAbg
train,id0045,English,Erq4Y9TVf4o,faces/id0045/Erq4Y9TVf4o/0001125.jpg,voices/id0045/English/Erq4Y9TVf4o/00016.wav,faces/id0045/Erq4Y9TVf4o
train,id0048,English,dpd_s0t0geM,faces/id0048/dpd_s0t0geM/0002900.jpg,voices/id0048/English/dpd_s0t0geM/00033.wav,faces/id0048/dpd_s0t0geM
train,id0048,English,dpd_s0t0geM,faces/id0048/dpd_s0t0geM/0002900.jpg,voices/id0048/English/dpd_s0t0geM/00052.wav,faces/id0048/dpd_s0t0geM
train,id0066,English,6lJjLlJj4OU,faces/id0066/6lJjLlJj4OU/0000300.jpg,voices/id0066/English/6lJjLlJj4OU/00002.wav,faces/id0066/6lJjLlJj4OU
train,id0001,English,M4apuT0lOAk,faces/id0001/M4apuT0lOAk/0004775.jpg,voices/id0001/English/M4apuT0lOAk/00000.wav,faces/id0001/M4apuT0lOAk
train,id0053,English,f3LgAvRhY5Q,faces/id0053/f3LgAvRhY5Q/0000000.jpg,voices/id0053/English/f3LgAvRhY5Q/00008.wav,faces/id0053/f3LgAvRhY5Q
train,id0054,English,0FnebXK4Dp8,faces/id0054/0FnebXK4Dp8/0000025.jpg,voices/id0054/English/0FnebXK4Dp8/00017.wav,faces/id0054/0FnebXK4Dp8
train,id0032,English,9Zq9lVPWIUQ,faces/id0032/9Zq9lVPWIUQ/0000250.jpg,voices/id0032/English/9Zq9lVPWIUQ/00001.wav,faces/id0032/9Zq9lVPWIUQ
train,id0059,English,fLmv5exbzmg,faces/id0059/fLmv5exbzmg/0001000.jpg,voices/id0059/English/fLmv5exbzmg/00009.wav,faces/id0059/fLmv5exbzmg
train,id0062,English,SK8nrapRgqQ,faces/id0062/SK8nrapRgqQ/0001575.jpg,voices/id0062/English/SK8nrapRgqQ/00013.wav,faces/id0062/SK8nrapRgqQ
train,id0015,English,EcLTj9YAYjQ,faces/id0015/EcLTj9YAYjQ/0000275.jpg,voices/id0015/English/EcLTj9YAYjQ/00001.wav,faces/id0015/EcLTj9YAYjQ
train,id0003,English,s4eWJQjHB0I,faces/id0003/s4eWJQjHB0I/0001275.jpg,voices/id0003/English/s4eWJQjHB0I/00035.wav,faces/id0003/s4eWJQjHB0I
train,id0039,English,qyZ004QI6Iw,faces/id0039/qyZ004QI6Iw/0000025.jpg,voices/id0039/English/qyZ004QI6Iw/00083.wav,faces/id0039/qyZ004QI6Iw
train,id0052,English,uX3Q8CzGyVk,faces/id0052/uX3Q8CzGyVk/0000025.jpg,voices/id0052/English/uX3Q8CzGyVk/00024.wav,faces/id0052/uX3Q8CzGyVk
train,id0006,English,c0qE9UlV38c,faces/id0006/c0qE9UlV38c/0000150.jpg,voices/id0006/English/c0qE9UlV38c/00011.wav,faces/id0006/c0qE9UlV38c
train,id0001,English,Y16ltGEvXzI,faces/id0001/Y16ltGEvXzI/0001300.jpg,voices/id0001/English/Y16ltGEvXzI/00018.wav,faces/id0001/Y16ltGEvXzI
train,id0050,English,364s,faces/id0050/364s/0000025.jpg,voices/id0050/English/364s/00002.wav,faces/id0050/364s
train,id0003,English,O_wAm_ewgz4,faces/id0003/O_wAm_ewgz4/0000350.jpg,voices/id0003/English/O_wAm_ewgz4/00006.wav,faces/id0003/O_wAm_ewgz4
train,id0048,English,dpd_s0t0geM,faces/id0048/dpd_s0t0geM/0002900.jpg,voices/id0048/English/dpd_s0t0geM/00025.wav,faces/id0048/dpd_s0t0geM
train,id0023,English,GHgwBNsPsfo,faces/id0023/GHgwBNsPsfo/0000400.jpg,voices/id0023/English/GHgwBNsPsfo/00000.wav,faces/id0023/GHgwBNsPsfo
train,id0003,English,s4eWJQjHB0I,faces/id0003/s4eWJQjHB0I/0001275.jpg,voices/id0003/English/s4eWJQjHB0I/00006.wav,faces/id0003/s4eWJQjHB0I
train,id0024,English,Zh1mPZ-UuSA,faces/id0024/Zh1mPZ-UuSA/0000400.jpg,voices/id0024/English/Zh1mPZ-UuSA/00007.wav,faces/id0024/Zh1mPZ-UuSA
train,id0013,English,CbHAv1DqVtA,faces/id0013/CbHAv1DqVtA/0000450.jpg,voices/id0013/English/CbHAv1DqVtA/00030.wav,faces/id0013/CbHAv1DqVtA
train,id0014,English,eZvFT9J80TQ,faces/id0014/eZvFT9J80TQ/0001000.jpg,voices/id0014/English/eZvFT9J80TQ/00012.wav,faces/id0014/eZvFT9J80TQ
train,id0056,English,1_a3Y6LGpAA,faces/id0056/1_a3Y6LGpAA/0000825.jpg,voices/id0056/English/1_a3Y6LGpAA/00025.wav,faces/id0056/1_a3Y6LGpAA
train,id0022,English,cIaJasZFQ94,faces/id0022/cIaJasZFQ94/0002650.jpg,voices/id0022/English/cIaJasZFQ94/00027.wav,faces/id0022/cIaJasZFQ94
train,id0048,English,dpd_s0t0geM,faces/id0048/dpd_s0t0geM/0002900.jpg,voices/id0048/English/dpd_s0t0geM/00002.wav,faces/id0048/dpd_s0t0geM
train,id0012,English,fD-bx1O1Lp4,faces/id0012/fD-bx1O1Lp4/0001300.jpg,voices/id0012/English/fD-bx1O1Lp4/00013.wav,faces/id0012/fD-bx1O1Lp4
train,id0052,English,bxObwwjdMnY,faces/id0052/bxObwwjdMnY/0000025.jpg,voices/id0052/English/bxObwwjdMnY/00019.wav,faces/id0052/bxObwwjdMnY
train,id0015,English,BupAovo40Uc,faces/id0015/BupAovo40Uc/0000250.jpg,voices/id0015/English/BupAovo40Uc/00009.wav,faces/id0015/BupAovo40Uc
train,id0003,English,s4eWJQjHB0I,faces/id0003/s4eWJQjHB0I/0001275.jpg,voices/id0003/English/s4eWJQjHB0I/00028.wav,faces/id0003/s4eWJQjHB0I
train,id0067,English,aGdUenA305A,faces/id0067/aGdUenA305A/0000025.jpg,voices/id0067/English/aGdUenA305A/00033.wav,faces/id0067/aGdUenA305A
train,id0013,English,CbHAv1DqVtA,faces/id0013/CbHAv1DqVtA/0000450.jpg,voices/id0013/English/CbHAv1DqVtA/00024.wav,faces/id0013/CbHAv1DqVtA
train,id0003,English,PFHTzgQ_Bxg,faces/id0003/PFHTzgQ_Bxg/0006175.jpg,voices/id0003/English/PFHTzgQ_Bxg/00003.wav,faces/id0003/PFHTzgQ_Bxg
train,id0025,English,VlFa0S-juA0,faces/id0025/VlFa0S-juA0/0000000.jpg,voices/id0025/English/VlFa0S-juA0/00057.wav,faces/id0025/VlFa0S-juA0
train,id0001,English,Y16ltGEvXzI,faces/id0001/Y16ltGEvXzI/0001300.jpg,voices/id0001/English/Y16ltGEvXzI/00034.wav,faces/id0001/Y16ltGEvXzI
train,id0005,English,aT4fcH93Fxw,faces/id0005/aT4fcH93Fxw/0004250.jpg,voices/id0005/English/aT4fcH93Fxw/00008.wav,faces/id0005/aT4fcH93Fxw
train,id0006,English,caVRuzpMDNE,faces/id0006/caVRuzpMDNE/0000375.jpg,voices/id0006/English/caVRuzpMDNE/00000.wav,faces/id0006/caVRuzpMDNE
train,id0037,English,JQXdD8SMjkI,faces/id0037/JQXdD8SMjkI/0001425.jpg,voices/id0037/English/JQXdD8SMjkI/00007.wav,faces/id0037/JQXdD8SMjkI
train,id0003,English,COiUHZ_xbO4,faces/id0003/COiUHZ_xbO4/0000600.jpg,voices/id0003/English/COiUHZ_xbO4/00009.wav,faces/id0003/COiUHZ_xbO4
train,id0005,English,ffgGqDAHcjQ,faces/id0005/ffgGqDAHcjQ/0000625.jpg,voices/id0005/English/ffgGqDAHcjQ/00007.wav,faces/id0005/ffgGqDAHcjQ
train,id0001,English,SpfaJtrTMfc,faces/id0001/SpfaJtrTMfc/0002475.jpg,voices/id0001/English/SpfaJtrTMfc/00046.wav,faces/id0001/SpfaJtrTMfc
train,id0012,English,k-f3Nnd5n8A,faces/id0012/k-f3Nnd5n8A/0000000.jpg,voices/id0012/English/k-f3Nnd5n8A/00020.wav,faces/id0012/k-f3Nnd5n8A
train,id0052,English,oKKSSoDfquA,faces/id0052/oKKSSoDfquA/0000025.jpg,voices/id0052/English/oKKSSoDfquA/00038.wav,faces/id0052/oKKSSoDfquA
train,id0052,English,oKKSSoDfquA,faces/id0052/oKKSSoDfquA/0000025.jpg,voices/id0052/English/oKKSSoDfquA/00023.wav,faces/id0052/oKKSSoDfquA
train,id0039,English,vKiGkbyfHPA,faces/id0039/vKiGkbyfHPA/0000025.jpg,voices/id0039/English/vKiGkbyfHPA/00016.wav,faces/id0039/vKiGkbyfHPA
train,id0028,English,9jcHcByYp_s,faces/id0028/9jcHcByYp_s/0000625.jpg,voices/id0028/English/9jcHcByYp_s/00007.wav,faces/id0028/9jcHcByYp_s
train,id0045,English,QjPkuA2BoX4,faces/id0045/QjPkuA2BoX4/0001625.jpg,voices/id0045/English/QjPkuA2BoX4/00053.wav,faces/id0045/QjPkuA2BoX4
train,id0051,English,w_c9WOoaAJ8,faces/id0051/w_c9WOoaAJ8/0000200.jpg,voices/id0051/English/w_c9WOoaAJ8/00012.wav,faces/id0051/w_c9WOoaAJ8
train,id0038,English,apQLBNbBzZU,faces/id0038/apQLBNbBzZU/0000100.jpg,voices/id0038/English/apQLBNbBzZU/00004.wav,faces/id0038/apQLBNbBzZU
train,id0045,English,QjPkuA2BoX4,faces/id0045/QjPkuA2BoX4/0001625.jpg,voices/id0045/English/QjPkuA2BoX4/00001.wav,faces/id0045/QjPkuA2BoX4
train,id0015,English,eQelxzTGD8Y,faces/id0015/eQelxzTGD8Y/0000775.jpg,voices/id0015/English/eQelxzTGD8Y/00003.wav,faces/id0015/eQelxzTGD8Y
train,id0041,English,igda3vF6SuI,faces/id0041/igda3vF6SuI/0001950.jpg,voices/id0041/English/igda3vF6SuI/00026.wav,faces/id0041/igda3vF6SuI
train,id0060,English,QHdn7Zte9MU,faces/id0060/QHdn7Zte9MU/0000225.jpg,voices/id0060/English/QHdn7Zte9MU/00026.wav,faces/id0060/QHdn7Zte9MU
train,id0054,English,L1lsne6_YtE,faces/id0054/L1lsne6_YtE/0000025.jpg,voices/id0054/English/L1lsne6_YtE/00017.wav,faces/id0054/L1lsne6_YtE
train,id0039,English,vKiGkbyfHPA,faces/id0039/vKiGkbyfHPA/0000025.jpg,voices/id0039/English/vKiGkbyfHPA/00124.wav,faces/id0039/vKiGkbyfHPA
train,id0012,English,k-f3Nnd5n8A,faces/id0012/k-f3Nnd5n8A/0000000.jpg,voices/id0012/English/k-f3Nnd5n8A/00055.wav,faces/id0012/k-f3Nnd5n8A
train,id0011,English,de7oVYjfT3Y,faces/id0011/de7oVYjfT3Y/0000050.jpg,voices/id0011/English/de7oVYjfT3Y/00025.wav,faces/id0011/de7oVYjfT3Y
train,id0009,English,gXnUW8OooRk,faces/id0009/gXnUW8OooRk/0000275.jpg,voices/id0009/English/gXnUW8OooRk/00067.wav,faces/id0009/gXnUW8OooRk
train,id0054,English,L1lsne6_YtE,faces/id0054/L1lsne6_YtE/0000025.jpg,voices/id0054/English/L1lsne6_YtE/00040.wav,faces/id0054/L1lsne6_YtE
train,id0045,English,Erq4Y9TVf4o,faces/id0045/Erq4Y9TVf4o/0001125.jpg,voices/id0045/English/Erq4Y9TVf4o/00012.wav,faces/id0045/Erq4Y9TVf4o
train,id0041,English,7m4O_-EO16E,faces/id0041/7m4O_-EO16E/0000050.jpg,voices/id0041/English/7m4O_-EO16E/00038.wav,faces/id0041/7m4O_-EO16E
train,id0039,English,vKiGkbyfHPA,faces/id0039/vKiGkbyfHPA/0000025.jpg,voices/id0039/English/vKiGkbyfHPA/00152.wav,faces/id0039/vKiGkbyfHPA
train,id0052,English,m_2TipjC5pw,faces/id0052/m_2TipjC5pw/0000025.jpg,voices/id0052/English/m_2TipjC5pw/00012.wav,faces/id0052/m_2TipjC5pw
train,id0044,English,vYJc6nLFq40,faces/id0044/vYJc6nLFq40/0000625.jpg,voices/id0044/English/vYJc6nLFq40/00009.wav,faces/id0044/vYJc6nLFq40
train,id0044,English,vYJc6nLFq40,faces/id0044/vYJc6nLFq40/0000625.jpg,voices/id0044/English/vYJc6nLFq40/00056.wav,faces/id0044/vYJc6nLFq40
train,id0052,English,oKKSSoDfquA,faces/id0052/oKKSSoDfquA/0000025.jpg,voices/id0052/English/oKKSSoDfquA/00016.wav,faces/id0052/oKKSSoDfquA
train,id0015,English,BupAovo40Uc,faces/id0015/BupAovo40Uc/0000250.jpg,voices/id0015/English/BupAovo40Uc/00013.wav,faces/id0015/BupAovo40Uc
train,id0022,English,cIaJasZFQ94,faces/id0022/cIaJasZFQ94/0002650.jpg,voices/id0022/English/cIaJasZFQ94/00034.wav,faces/id0022/cIaJasZFQ94
train,id0028,English,9jcHcByYp_s,faces/id0028/9jcHcByYp_s/0000625.jpg,voices/id0028/English/9jcHcByYp_s/00027.wav,faces/id0028/9jcHcByYp_s
train,id0001,English,Y16ltGEvXzI,faces/id0001/Y16ltGEvXzI/0001300.jpg,voices/id0001/English/Y16ltGEvXzI/00058.wav,faces/id0001/Y16ltGEvXzI
train,id0024,English,27T3pMqtDG8,faces/id0024/27T3pMqtDG8/0003225.jpg,voices/id0024/English/27T3pMqtDG8/00040.wav,faces/id0024/27T3pMqtDG8
train,id0013,English,CbHAv1DqVtA,faces/id0013/CbHAv1DqVtA/0000450.jpg,voices/id0013/English/CbHAv1DqVtA/00034.wav,faces/id0013/CbHAv1DqVtA
train,id0010,English,NTXcPXIL7FM,faces/id0010/NTXcPXIL7FM/0000000.jpg,voices/id0010/English/NTXcPXIL7FM/00001.wav,faces/id0010/NTXcPXIL7FM
train,id0015,English,hU5pLzIixjw,faces/id0015/hU5pLzIixjw/0000975.jpg,voices/id0015/English/hU5pLzIixjw/00026.wav,faces/id0015/hU5pLzIixjw
train,id0068,English,HqI2vq9xQNc,faces/id0068/HqI2vq9xQNc/0000125.jpg,voices/id0068/English/HqI2vq9xQNc/00005.wav,faces/id0068/HqI2vq9xQNc
train,id0049,English,Ba427Ry5-Og,faces/id0049/Ba427Ry5-Og/0000225.jpg,voices/id0049/English/Ba427Ry5-Og/00006.wav,faces/id0049/Ba427Ry5-Og
train,id0001,English,Y16ltGEvXzI,faces/id0001/Y16ltGEvXzI/0001300.jpg,voices/id0001/English/Y16ltGEvXzI/00065.wav,faces/id0001/Y16ltGEvXzI
train,id0016,English,8JDCjoGMly8,faces/id0016/8JDCjoGMly8/0001350.jpg,voices/id0016/English/8JDCjoGMly8/00011.wav,faces/id0016/8JDCjoGMly8
train,id0054,English,XZhRQgDQ1j4,faces/id0054/XZhRQgDQ1j4/0000125.jpg,voices/id0054/English/XZhRQgDQ1j4/00005.wav,faces/id0054/XZhRQgDQ1j4
train,id0011,English,ymgOryA8uUQ,faces/id0011/ymgOryA8uUQ/0000100.jpg,voices/id0011/English/ymgOryA8uUQ/00007.wav,faces/id0011/ymgOryA8uUQ
train,id0056,English,1_a3Y6LGpAA,faces/id0056/1_a3Y6LGpAA/0000825.jpg,voices/id0056/English/1_a3Y6LGpAA/00015.wav,faces/id0056/1_a3Y6LGpAA
train,id0012,English,k-f3Nnd5n8A,faces/id0012/k-f3Nnd5n8A/0000000.jpg,voices/id0012/English/k-f3Nnd5n8A/00053.wav,faces/id0012/k-f3Nnd5n8A
train,id0050,English,68s,faces/id0050/68s/0000025.jpg,voices/id0050/English/68s/00001.wav,faces/id0050/68s
train,id0011,English,CsnMSIZg04A,faces/id0011/CsnMSIZg04A/0000075.jpg,voices/id0011/English/CsnMSIZg04A/00015.wav,faces/id0011/CsnMSIZg04A
train,id0018,English,KQrdbivDg9E,faces/id0018/KQrdbivDg9E/0000000.jpg,voices/id0018/English/KQrdbivDg9E/00005.wav,faces/id0018/KQrdbivDg9E
train,id0039,English,vKiGkbyfHPA,faces/id0039/vKiGkbyfHPA/0000025.jpg,voices/id0039/English/vKiGkbyfHPA/00020.wav,faces/id0039/vKiGkbyfHPA
train,id0044,English,OdUCFZTx9xs,faces/id0044/OdUCFZTx9xs/0000750.jpg,voices/id0044/English/OdUCFZTx9xs/00018.wav,faces/id0044/OdUCFZTx9xs
train,id0039,English,Aq57LMnhilM,faces/id0039/Aq57LMnhilM/0000000.jpg,voices/id0039/English/Aq57LMnhilM/00033.wav,faces/id0039/Aq57LMnhilM
train,id0039,English,vKiGkbyfHPA,faces/id0039/vKiGkbyfHPA/0000025.jpg,voices/id0039/English/vKiGkbyfHPA/00064.wav,faces/id0039/vKiGkbyfHPA
train,id0066,English,Z11MbuMakyI,faces/id0066/Z11MbuMakyI/0000400.jpg,voices/id0066/English/Z11MbuMakyI/00010.wav,faces/id0066/Z11MbuMakyI
train,id0011,English,ymgOryA8uUQ,faces/id0011/ymgOryA8uUQ/0000100.jpg,voices/id0011/English/ymgOryA8uUQ/00008.wav,faces/id0011/ymgOryA8uUQ
train,id0033,English,02L6RPzTSoI,faces/id0033/02L6RPzTSoI/0001475.jpg,voices/id0033/English/02L6RPzTSoI/00016.wav,faces/id0033/02L6RPzTSoI
train,id0009,English,xbfE-IE7Sho,faces/id0009/xbfE-IE7Sho/0000425.jpg,voices/id0009/English/xbfE-IE7Sho/00018.wav,faces/id0009/xbfE-IE7Sho
train,id0028,English,REIQ9Vlh0Lk,faces/id0028/REIQ9Vlh0Lk/0000000.jpg,voices/id0028/English/REIQ9Vlh0Lk/00024.wav,faces/id0028/REIQ9Vlh0Lk
train,id0054,English,L1lsne6_YtE,faces/id0054/L1lsne6_YtE/0000025.jpg,voices/id0054/English/L1lsne6_YtE/00042.wav,faces/id0054/L1lsne6_YtE
train,id0001,English,SpfaJtrTMfc,faces/id0001/SpfaJtrTMfc/0002475.jpg,voices/id0001/English/SpfaJtrTMfc/00002.wav,faces/id0001/SpfaJtrTMfc
train,id0037,English,JQXdD8SMjkI,faces/id0037/JQXdD8SMjkI/0001425.jpg,voices/id0037/English/JQXdD8SMjkI/00023.wav,faces/id0037/JQXdD8SMjkI
train,id0002,English,a8YwLpyHArc,faces/id0002/a8YwLpyHArc/0000075.jpg,voices/id0002/English/a8YwLpyHArc/00011.wav,faces/id0002/a8YwLpyHArc
train,id0062,English,SK8nrapRgqQ,faces/id0062/SK8nrapRgqQ/0001575.jpg,voices/id0062/English/SK8nrapRgqQ/00070.wav,faces/id0062/SK8nrapRgqQ
train,id0009,English,CbMvPV-JKew,faces/id0009/CbMvPV-JKew/0001075.jpg,voices/id0009/English/CbMvPV-JKew/00021.wav,faces/id0009/CbMvPV-JKew
train,id0018,English,KQrdbivDg9E,faces/id0018/KQrdbivDg9E/0000000.jpg,voices/id0018/English/KQrdbivDg9E/00036.wav,faces/id0018/KQrdbivDg9E
train,id0041,English,igda3vF6SuI,faces/id0041/igda3vF6SuI/0001950.jpg,voices/id0041/English/igda3vF6SuI/00008.wav,faces/id0041/igda3vF6SuI
train,id0028,English,9jcHcByYp_s,faces/id0028/9jcHcByYp_s/0000625.jpg,voices/id0028/English/9jcHcByYp_s/00040.wav,faces/id0028/9jcHcByYp_s
train,id0064,English,_dIfZzcdpN0,faces/id0064/_dIfZzcdpN0/0001125.jpg,voices/id0064/English/_dIfZzcdpN0/00001.wav,faces/id0064/_dIfZzcdpN0
train,id0011,English,zH9gdUqT7Hs,faces/id0011/zH9gdUqT7Hs/0000000.jpg,voices/id0011/English/zH9gdUqT7Hs/00005.wav,faces/id0011/zH9gdUqT7Hs
train,id0022,English,cIaJasZFQ94,faces/id0022/cIaJasZFQ94/0002650.jpg,voices/id0022/English/cIaJasZFQ94/00012.wav,faces/id0022/cIaJasZFQ94
train,id0067,English,aGdUenA305A,faces/id0067/aGdUenA305A/0000025.jpg,voices/id0067/English/aGdUenA305A/00042.wav,faces/id0067/aGdUenA305A
train,id0029,English,52M95d6dSTo,faces/id0029/52M95d6dSTo/0000550.jpg,voices/id0029/English/52M95d6dSTo/00013.wav,faces/id0029/52M95d6dSTo
train,id0044,English,vYJc6nLFq40,faces/id0044/vYJc6nLFq40/0000625.jpg,voices/id0044/English/vYJc6nLFq40/00028.wav,faces/id0044/vYJc6nLFq40
train,id0022,English,cIaJasZFQ94,faces/id0022/cIaJasZFQ94/0002650.jpg,voices/id0022/English/cIaJasZFQ94/00025.wav,faces/id0022/cIaJasZFQ94
train,id0043,English,6hf-RQmsLTg,faces/id0043/6hf-RQmsLTg/0002050.jpg,voices/id0043/English/6hf-RQmsLTg/00019.wav,faces/id0043/6hf-RQmsLTg
train,id0003,English,bV2qGq9jc9Y,faces/id0003/bV2qGq9jc9Y/0001275.jpg,voices/id0003/English/bV2qGq9jc9Y/00021.wav,faces/id0003/bV2qGq9jc9Y
train,id0013,English,CbHAv1DqVtA,faces/id0013/CbHAv1DqVtA/0000450.jpg,voices/id0013/English/CbHAv1DqVtA/00006.wav,faces/id0013/CbHAv1DqVtA
train,id0001,English,Y16ltGEvXzI,faces/id0001/Y16ltGEvXzI/0001300.jpg,voices/id0001/English/Y16ltGEvXzI/00041.wav,faces/id0001/Y16ltGEvXzI
train,id0013,English,CbHAv1DqVtA,faces/id0013/CbHAv1DqVtA/0000450.jpg,voices/id0013/English/CbHAv1DqVtA/00032.wav,faces/id0013/CbHAv1DqVtA
train,id0025,English,9UKSten91H4,faces/id0025/9UKSten91H4/0000025.jpg,voices/id0025/English/9UKSten91H4/00009.wav,faces/id0025/9UKSten91H4
train,id0039,English,qyZ004QI6Iw,faces/id0039/qyZ004QI6Iw/0000025.jpg,voices/id0039/English/qyZ004QI6Iw/00009.wav,faces/id0039/qyZ004QI6Iw
train,id0052,English,oKKSSoDfquA,faces/id0052/oKKSSoDfquA/0000025.jpg,voices/id0052/English/oKKSSoDfquA/00030.wav,faces/id0052/oKKSSoDfquA
train,id0062,English,SK8nrapRgqQ,faces/id0062/SK8nrapRgqQ/0001575.jpg,voices/id0062/English/SK8nrapRgqQ/00001.wav,faces/id0062/SK8nrapRgqQ
train,id0039,English,qyZ004QI6Iw,faces/id0039/qyZ004QI6Iw/0000025.jpg,voices/id0039/English/qyZ004QI6Iw/00002.wav,faces/id0039/qyZ004QI6Iw
train,id0041,English,igda3vF6SuI,faces/id0041/igda3vF6SuI/0001950.jpg,voices/id0041/English/igda3vF6SuI/00024.wav,faces/id0041/igda3vF6SuI
train,id0061,English,iv5Yiyr-rqU,faces/id0061/iv5Yiyr-rqU/0000150.jpg,voices/id0061/English/iv5Yiyr-rqU/00007.wav,faces/id0061/iv5Yiyr-rqU
train,id0025,English,VlFa0S-juA0,faces/id0025/VlFa0S-juA0/0000000.jpg,voices/id0025/English/VlFa0S-juA0/00061.wav,faces/id0025/VlFa0S-juA0
train,id0055,English,8fShKg7xrtI,faces/id0055/8fShKg7xrtI/0000450.jpg,voices/id0055/English/8fShKg7xrtI/00016.wav,faces/id0055/8fShKg7xrtI
train,id0062,English,HVf8Sd11R5k,faces/id0062/HVf8Sd11R5k/0000000.jpg,voices/id0062/English/HVf8Sd11R5k/00005.wav,faces/id0062/HVf8Sd11R5k
train,id0048,English,dpd_s0t0geM,faces/id0048/dpd_s0t0geM/0002900.jpg,voices/id0048/English/dpd_s0t0geM/00032.wav,faces/id0048/dpd_s0t0geM
train,id0048,English,dpd_s0t0geM,faces/id0048/dpd_s0t0geM/0002900.jpg,voices/id0048/English/dpd_s0t0geM/00023.wav,faces/id0048/dpd_s0t0geM
train,id0066,English,6lJjLlJj4OU,faces/id0066/6lJjLlJj4OU/0000300.jpg,voices/id0066/English/6lJjLlJj4OU/00000.wav,faces/id0066/6lJjLlJj4OU
train,id0043,English,6hf-RQmsLTg,faces/id0043/6hf-RQmsLTg/0002050.jpg,voices/id0043/English/6hf-RQmsLTg/00028.wav,faces/id0043/6hf-RQmsLTg
train,id0068,English,HqI2vq9xQNc,faces/id0068/HqI2vq9xQNc/0000125.jpg,voices/id0068/English/HqI2vq9xQNc/00012.wav,faces/id0068/HqI2vq9xQNc
train,id0040,English,hJHGUoPB3Ws,faces/id0040/hJHGUoPB3Ws/0000075.jpg,voices/id0040/English/hJHGUoPB3Ws/00004.wav,faces/id0040/hJHGUoPB3Ws
train,id0056,English,uhqXPuUaGZ8,faces/id0056/uhqXPuUaGZ8/0001750.jpg,voices/id0056/English/uhqXPuUaGZ8/00014.wav,faces/id0056/uhqXPuUaGZ8
train,id0039,English,qyZ004QI6Iw,faces/id0039/qyZ004QI6Iw/0000025.jpg,voices/id0039/English/qyZ004QI6Iw/00065.wav,faces/id0039/qyZ004QI6Iw
train,id0028,English,dxqN3FoMml8,faces/id0028/dxqN3FoMml8/0002125.jpg,voices/id0028/English/dxqN3FoMml8/00031.wav,faces/id0028/dxqN3FoMml8
train,id0052,English,oKKSSoDfquA,faces/id0052/oKKSSoDfquA/0000025.jpg,voices/id0052/English/oKKSSoDfquA/00004.wav,faces/id0052/oKKSSoDfquA
train,id0046,English,l3B08ddiu50,faces/id0046/l3B08ddiu50/0000375.jpg,voices/id0046/English/l3B08ddiu50/00000.wav,faces/id0046/l3B08ddiu50
train,id0026,English,OPXOtcHTP0A,faces/id0026/OPXOtcHTP0A/0002500.jpg,voices/id0026/English/OPXOtcHTP0A/00004.wav,faces/id0026/OPXOtcHTP0A
train,id0047,English,EN3qQZhg6FA,faces/id0047/EN3qQZhg6FA/0000350.jpg,voices/id0047/English/EN3qQZhg6FA/00000.wav,faces/id0047/EN3qQZhg6FA
train,id0028,English,9jcHcByYp_s,faces/id0028/9jcHcByYp_s/0000625.jpg,voices/id0028/English/9jcHcByYp_s/00033.wav,faces/id0028/9jcHcByYp_s
train,id0029,English,52M95d6dSTo,faces/id0029/52M95d6dSTo/0000550.jpg,voices/id0029/English/52M95d6dSTo/00000.wav,faces/id0029/52M95d6dSTo
train,id0048,English,dpd_s0t0geM,faces/id0048/dpd_s0t0geM/0002900.jpg,voices/id0048/English/dpd_s0t0geM/00059.wav,faces/id0048/dpd_s0t0geM
train,id0067,English,aGdUenA305A,faces/id0067/aGdUenA305A/0000025.jpg,voices/id0067/English/aGdUenA305A/00016.wav,faces/id0067/aGdUenA305A
train,id0025,English,VlFa0S-juA0,faces/id0025/VlFa0S-juA0/0000000.jpg,voices/id0025/English/VlFa0S-juA0/00045.wav,faces/id0025/VlFa0S-juA0
train,id0005,English,YETolXZneZA,faces/id0005/YETolXZneZA/0000000.jpg,voices/id0005/English/YETolXZneZA/00024.wav,faces/id0005/YETolXZneZA
train,id0069,English,9K0_Ba3uRQ8,faces/id0069/9K0_Ba3uRQ8/0000525.jpg,voices/id0069/English/9K0_Ba3uRQ8/00029.wav,faces/id0069/9K0_Ba3uRQ8
train,id0025,English,VlFa0S-juA0,faces/id0025/VlFa0S-juA0/0000000.jpg,voices/id0025/English/VlFa0S-juA0/00049.wav,faces/id0025/VlFa0S-juA0
train,id0045,English,h7A9ToTEKQA,faces/id0045/h7A9ToTEKQA/0000750.jpg,voices/id0045/English/h7A9ToTEKQA/00000.wav,faces/id0045/h7A9ToTEKQA
train,id0015,English,BupAovo40Uc,faces/id0015/BupAovo40Uc/0000250.jpg,voices/id0015/English/BupAovo40Uc/00022.wav,faces/id0015/BupAovo40Uc
train,id0021,English,M7smcdBePQA,faces/id0021/M7smcdBePQA/0001175.jpg,voices/id0021/English/M7smcdBePQA/00002.wav,faces/id0021/M7smcdBePQA
train,id0013,English,CbHAv1DqVtA,faces/id0013/CbHAv1DqVtA/0000450.jpg,voices/id0013/English/CbHAv1DqVtA/00020.wav,faces/id0013/CbHAv1DqVtA
train,id0028,English,9jcHcByYp_s,faces/id0028/9jcHcByYp_s/0000625.jpg,voices/id0028/English/9jcHcByYp_s/00091.wav,faces/id0028/9jcHcByYp_s
train,id0029,English,07mOlveC3kM,faces/id0029/07mOlveC3kM/0000000.jpg,voices/id0029/English/07mOlveC3kM/00002.wav,faces/id0029/07mOlveC3kM
train,id0015,English,0R531JwP45k,faces/id0015/0R531JwP45k/0000950.jpg,voices/id0015/English/0R531JwP45k/00006.wav,faces/id0015/0R531JwP45k
train,id0056,English,70s,faces/id0056/70s/0000200.jpg,voices/id0056/English/70s/00016.wav,faces/id0056/70s
train,id0001,English,Y16ltGEvXzI,faces/id0001/Y16ltGEvXzI/0001300.jpg,voices/id0001/English/Y16ltGEvXzI/00087.wav,faces/id0001/Y16ltGEvXzI
train,id0003,English,bV2qGq9jc9Y,faces/id0003/bV2qGq9jc9Y/0001275.jpg,voices/id0003/English/bV2qGq9jc9Y/00031.wav,faces/id0003/bV2qGq9jc9Y
train,id0039,English,vKiGkbyfHPA,faces/id0039/vKiGkbyfHPA/0000025.jpg,voices/id0039/English/vKiGkbyfHPA/00030.wav,faces/id0039/vKiGkbyfHPA
train,id0067,English,910VR2VJABs,faces/id0067/910VR2VJABs/0000025.jpg,voices/id0067/English/910VR2VJABs/00001.wav,faces/id0067/910VR2VJABs
train,id0052,English,oKKSSoDfquA,faces/id0052/oKKSSoDfquA/0000025.jpg,voices/id0052/English/oKKSSoDfquA/00024.wav,faces/id0052/oKKSSoDfquA
train,id0043,English,ImeJKRoLlQ0,faces/id0043/ImeJKRoLlQ0/0000225.jpg,voices/id0043/English/ImeJKRoLlQ0/00003.wav,faces/id0043/ImeJKRoLlQ0
train,id0003,English,s4eWJQjHB0I,faces/id0003/s4eWJQjHB0I/0001275.jpg,voices/id0003/English/s4eWJQjHB0I/00013.wav,faces/id0003/s4eWJQjHB0I
train,id0039,English,qyZ004QI6Iw,faces/id0039/qyZ004QI6Iw/0000025.jpg,voices/id0039/English/qyZ004QI6Iw/00080.wav,faces/id0039/qyZ004QI6Iw
train,id0012,English,k-f3Nnd5n8A,faces/id0012/k-f3Nnd5n8A/0000000.jpg,voices/id0012/English/k-f3Nnd5n8A/00047.wav,faces/id0012/k-f3Nnd5n8A
train,id0018,English,KQrdbivDg9E,faces/id0018/KQrdbivDg9E/0000000.jpg,voices/id0018/English/KQrdbivDg9E/00021.wav,faces/id0018/KQrdbivDg9E
train,id0048,English,dpd_s0t0geM,faces/id0048/dpd_s0t0geM/0002900.jpg,voices/id0048/English/dpd_s0t0geM/00070.wav,faces/id0048/dpd_s0t0geM
train,id0039,English,Aq57LMnhilM,faces/id0039/Aq57LMnhilM/0000000.jpg,voices/id0039/English/Aq57LMnhilM/00029.wav,faces/id0039/Aq57LMnhilM
train,id0050,English,68s,faces/id0050/68s/0000025.jpg,voices/id0050/English/68s/00011.wav,faces/id0050/68s
train,id0022,English,PoMGgCakSb0,faces/id0022/PoMGgCakSb0/0000000.jpg,voices/id0022/English/PoMGgCakSb0/00038.wav,faces/id0022/PoMGgCakSb0
train,id0009,English,gXnUW8OooRk,faces/id0009/gXnUW8OooRk/0000275.jpg,voices/id0009/English/gXnUW8OooRk/00014.wav,faces/id0009/gXnUW8OooRk
train,id0039,English,vKiGkbyfHPA,faces/id0039/vKiGkbyfHPA/0000025.jpg,voices/id0039/English/vKiGkbyfHPA/00149.wav,faces/id0039/vKiGkbyfHPA
train,id0001,English,sBBhXKlC4dA,faces/id0001/sBBhXKlC4dA/0000075.jpg,voices/id0001/English/sBBhXKlC4dA/00016.wav,faces/id0001/sBBhXKlC4dA
train,id0053,English,oO1YLLuj52g,faces/id0053/oO1YLLuj52g/0000250.jpg,voices/id0053/English/oO1YLLuj52g/00008.wav,faces/id0053/oO1YLLuj52g
train,id0029,English,SnVpb830XpQ,faces/id0029/SnVpb830XpQ/0000025.jpg,voices/id0029/English/SnVpb830XpQ/00004.wav,faces/id0029/SnVpb830XpQ
train,id0018,English,fV7clNE9P7k,faces/id0018/fV7clNE9P7k/0002200.jpg,voices/id0018/English/fV7clNE9P7k/00035.wav,faces/id0018/fV7clNE9P7k
train,id0019,English,Grir2BQ14pY,faces/id0019/Grir2BQ14pY/0000850.jpg,voices/id0019/English/Grir2BQ14pY/00007.wav,faces/id0019/Grir2BQ14pY
train,id0047,English,EN3qQZhg6FA,faces/id0047/EN3qQZhg6FA/0000350.jpg,voices/id0047/English/EN3qQZhg6FA/00007.wav,faces/id0047/EN3qQZhg6FA
train,id0052,English,uX3Q8CzGyVk,faces/id0052/uX3Q8CzGyVk/0000025.jpg,voices/id0052/English/uX3Q8CzGyVk/00052.wav,faces/id0052/uX3Q8CzGyVk
train,id0067,English,aGdUenA305A,faces/id0067/aGdUenA305A/0000025.jpg,voices/id0067/English/aGdUenA305A/00023.wav,faces/id0067/aGdUenA305A
train,id0056,English,uhzP5FBium0,faces/id0056/uhzP5FBium0/0000500.jpg,voices/id0056/English/uhzP5FBium0/00006.wav,faces/id0056/uhzP5FBium0
train,id0058,English,UJKbF1ddkuE,faces/id0058/UJKbF1ddkuE/0000950.jpg,voices/id0058/English/UJKbF1ddkuE/00005.wav,faces/id0058/UJKbF1ddkuE
train,id0012,English,fvt3f_xZZl0,faces/id0012/fvt3f_xZZl0/0004750.jpg,voices/id0012/English/fvt3f_xZZl0/00009.wav,faces/id0012/fvt3f_xZZl0
train,id0005,English,GuO4KvXh7Js,faces/id0005/GuO4KvXh7Js/0000000.jpg,voices/id0005/English/GuO4KvXh7Js/00010.wav,faces/id0005/GuO4KvXh7Js
train,id0032,English,lqk87yRJeCA,faces/id0032/lqk87yRJeCA/0000850.jpg,voices/id0032/English/lqk87yRJeCA/00007.wav,faces/id0032/lqk87yRJeCA
train,id0039,English,qyZ004QI6Iw,faces/id0039/qyZ004QI6Iw/0000025.jpg,voices/id0039/English/qyZ004QI6Iw/00004.wav,faces/id0039/qyZ004QI6Iw
train,id0006,English,c0qE9UlV38c,faces/id0006/c0qE9UlV38c/0000150.jpg,voices/id0006/English/c0qE9UlV38c/00006.wav,faces/id0006/c0qE9UlV38c
train,id0009,English,CbMvPV-JKew,faces/id0009/CbMvPV-JKew/0001075.jpg,voices/id0009/English/CbMvPV-JKew/00036.wav,faces/id0009/CbMvPV-JKew
train,id0025,English,VlFa0S-juA0,faces/id0025/VlFa0S-juA0/0000000.jpg,voices/id0025/English/VlFa0S-juA0/00032.wav,faces/id0025/VlFa0S-juA0
train,id0066,English,Z11MbuMakyI,faces/id0066/Z11MbuMakyI/0000400.jpg,voices/id0066/English/Z11MbuMakyI/00015.wav,faces/id0066/Z11MbuMakyI
train,id0057,English,CkhXmrKN5A8,faces/id0057/CkhXmrKN5A8/0004325.jpg,voices/id0057/English/CkhXmrKN5A8/00007.wav,faces/id0057/CkhXmrKN5A8
train,id0035,English,QRaVk8buFOA,faces/id0035/QRaVk8buFOA/0000350.jpg,voices/id0035/English/QRaVk8buFOA/00001.wav,faces/id0035/QRaVk8buFOA
train,id0056,English,1_a3Y6LGpAA,faces/id0056/1_a3Y6LGpAA/0000825.jpg,voices/id0056/English/1_a3Y6LGpAA/00005.wav,faces/id0056/1_a3Y6LGpAA
train,id0039,English,FfXTPqi0BVU,faces/id0039/FfXTPqi0BVU/0001975.jpg,voices/id0039/English/FfXTPqi0BVU/00002.wav,faces/id0039/FfXTPqi0BVU
train,id0061,English,iv5Yiyr-rqU,faces/id0061/iv5Yiyr-rqU/0000150.jpg,voices/id0061/English/iv5Yiyr-rqU/00002.wav,faces/id0061/iv5Yiyr-rqU
train,id0059,English,Nqcoz0iuxEk,faces/id0059/Nqcoz0iuxEk/0002250.jpg,voices/id0059/English/Nqcoz0iuxEk/00032.wav,faces/id0059/Nqcoz0iuxEk
train,id0043,English,BcP6EKeHE4U,faces/id0043/BcP6EKeHE4U/0000425.jpg,voices/id0043/English/BcP6EKeHE4U/00017.wav,faces/id0043/BcP6EKeHE4U
train,id0053,English,oO1YLLuj52g,faces/id0053/oO1YLLuj52g/0000250.jpg,voices/id0053/English/oO1YLLuj52g/00024.wav,faces/id0053/oO1YLLuj52g
train,id0049,English,Ba427Ry5-Og,faces/id0049/Ba427Ry5-Og/0000225.jpg,voices/id0049/English/Ba427Ry5-Og/00002.wav,faces/id0049/Ba427Ry5-Og
train,id0037,English,7,faces/id0037/7/0000000.jpg,voices/id0037/English/7/00008.wav,faces/id0037/7
train,id0041,English,igda3vF6SuI,faces/id0041/igda3vF6SuI/0001950.jpg,voices/id0041/English/igda3vF6SuI/00068.wav,faces/id0041/igda3vF6SuI
train,id0041,English,Upt0nCuiOo8,faces/id0041/Upt0nCuiOo8/0000125.jpg,voices/id0041/English/Upt0nCuiOo8/00013.wav,faces/id0041/Upt0nCuiOo8
train,id0017,English,iNzFuVDC0vE,faces/id0017/iNzFuVDC0vE/0001325.jpg,voices/id0017/English/iNzFuVDC0vE/00038.wav,faces/id0017/iNzFuVDC0vE
train,id0003,English,s4eWJQjHB0I,faces/id0003/s4eWJQjHB0I/0001275.jpg,voices/id0003/English/s4eWJQjHB0I/00015.wav,faces/id0003/s4eWJQjHB0I
train,id0060,English,4v8ORoykFSQ,faces/id0060/4v8ORoykFSQ/0009650.jpg,voices/id0060/English/4v8ORoykFSQ/00006.wav,faces/id0060/4v8ORoykFSQ
train,id0019,English,lVGggaZMHwA,faces/id0019/lVGggaZMHwA/0012625.jpg,voices/id0019/English/lVGggaZMHwA/00001.wav,faces/id0019/lVGggaZMHwA
train,id0066,English,eX-1HKOXZ3A,faces/id0066/eX-1HKOXZ3A/0000150.jpg,voices/id0066/English/eX-1HKOXZ3A/00008.wav,faces/id0066/eX-1HKOXZ3A
train,id0022,English,cIaJasZFQ94,faces/id0022/cIaJasZFQ94/0002650.jpg,voices/id0022/English/cIaJasZFQ94/00016.wav,faces/id0022/cIaJasZFQ94
train,id0039,English,vKiGkbyfHPA,faces/id0039/vKiGkbyfHPA/0000025.jpg,voices/id0039/English/vKiGkbyfHPA/00049.wav,faces/id0039/vKiGkbyfHPA
train,id0009,English,CbMvPV-JKew,faces/id0009/CbMvPV-JKew/0001075.jpg,voices/id0009/English/CbMvPV-JKew/00068.wav,faces/id0009/CbMvPV-JKew
train,id0003,English,O_wAm_ewgz4,faces/id0003/O_wAm_ewgz4/0000350.jpg,voices/id0003/English/O_wAm_ewgz4/00011.wav,faces/id0003/O_wAm_ewgz4
train,id0048,English,R0UMqq9U6wg,faces/id0048/R0UMqq9U6wg/0000625.jpg,voices/id0048/English/R0UMqq9U6wg/00011.wav,faces/id0048/R0UMqq9U6wg
train,id0059,English,Nqcoz0iuxEk,faces/id0059/Nqcoz0iuxEk/0002250.jpg,voices/id0059/English/Nqcoz0iuxEk/00062.wav,faces/id0059/Nqcoz0iuxEk
train,id0017,English,iNzFuVDC0vE,faces/id0017/iNzFuVDC0vE/0001325.jpg,voices/id0017/English/iNzFuVDC0vE/00043.wav,faces/id0017/iNzFuVDC0vE
train,id0067,English,aGdUenA305A,faces/id0067/aGdUenA305A/0000025.jpg,voices/id0067/English/aGdUenA305A/00062.wav,faces/id0067/aGdUenA305A
train,id0059,English,qt_kFlB1m4I,faces/id0059/qt_kFlB1m4I/0003775.jpg,voices/id0059/English/qt_kFlB1m4I/00001.wav,faces/id0059/qt_kFlB1m4I
train,id0025,English,VlFa0S-juA0,faces/id0025/VlFa0S-juA0/0000000.jpg,voices/id0025/English/VlFa0S-juA0/00056.wav,faces/id0025/VlFa0S-juA0
train,id0013,English,hlzQirEpr-0,faces/id0013/hlzQirEpr-0/0000000.jpg,voices/id0013/English/hlzQirEpr-0/00007.wav,faces/id0013/hlzQirEpr-0
train,id0018,English,fV7clNE9P7k,faces/id0018/fV7clNE9P7k/0002200.jpg,voices/id0018/English/fV7clNE9P7k/00060.wav,faces/id0018/fV7clNE9P7k
train,id0039,English,FfXTPqi0BVU,faces/id0039/FfXTPqi0BVU/0001975.jpg,voices/id0039/English/FfXTPqi0BVU/00004.wav,faces/id0039/FfXTPqi0BVU
train,id0018,English,fV7clNE9P7k,faces/id0018/fV7clNE9P7k/0002200.jpg,voices/id0018/English/fV7clNE9P7k/00031.wav,faces/id0018/fV7clNE9P7k
train,id0001,English,M4apuT0lOAk,faces/id0001/M4apuT0lOAk/0004775.jpg,voices/id0001/English/M4apuT0lOAk/00013.wav,faces/id0001/M4apuT0lOAk
train,id0068,English,7IxNK3Xa4gs,faces/id0068/7IxNK3Xa4gs/0000000.jpg,voices/id0068/English/7IxNK3Xa4gs/00001.wav,faces/id0068/7IxNK3Xa4gs
train,id0048,English,R0UMqq9U6wg,faces/id0048/R0UMqq9U6wg/0000625.jpg,voices/id0048/English/R0UMqq9U6wg/00018.wav,faces/id0048/R0UMqq9U6wg
train,id0022,English,vHzoWDUboWA,faces/id0022/vHzoWDUboWA/0000900.jpg,voices/id0022/English/vHzoWDUboWA/00011.wav,faces/id0022/vHzoWDUboWA
train,id0031,English,NLJmOGa0A8Q,faces/id0031/NLJmOGa0A8Q/0001700.jpg,voices/id0031/English/NLJmOGa0A8Q/00002.wav,faces/id0031/NLJmOGa0A8Q
train,id0010,English,nnQb0PVW9Zc,faces/id0010/nnQb0PVW9Zc/0000175.jpg,voices/id0010/English/nnQb0PVW9Zc/00021.wav,faces/id0010/nnQb0PVW9Zc
train,id0024,English,1yPfpl6daG0,faces/id0024/1yPfpl6daG0/0005250.jpg,voices/id0024/English/1yPfpl6daG0/00003.wav,faces/id0024/1yPfpl6daG0
train,id0029,English,6Afm15o4tqw,faces/id0029/6Afm15o4tqw/0000325.jpg,voices/id0029/English/6Afm15o4tqw/00009.wav,faces/id0029/6Afm15o4tqw
train,id0043,English,6hf-RQmsLTg,faces/id0043/6hf-RQmsLTg/0002050.jpg,voices/id0043/English/6hf-RQmsLTg/00010.wav,faces/id0043/6hf-RQmsLTg
train,id0023,English,65rZBmCnqtE,faces/id0023/65rZBmCnqtE/0000000.jpg,voices/id0023/English/65rZBmCnqtE/00004.wav,faces/id0023/65rZBmCnqtE
train,id0039,English,qyZ004QI6Iw,faces/id0039/qyZ004QI6Iw/0000025.jpg,voices/id0039/English/qyZ004QI6Iw/00050.wav,faces/id0039/qyZ004QI6Iw
train,id0012,English,i2ajDycYLFQ,faces/id0012/i2ajDycYLFQ/0001800.jpg,voices/id0012/English/i2ajDycYLFQ/00004.wav,faces/id0012/i2ajDycYLFQ
train,id0044,English,vYJc6nLFq40,faces/id0044/vYJc6nLFq40/0000625.jpg,voices/id0044/English/vYJc6nLFq40/00054.wav,faces/id0044/vYJc6nLFq40
train,id0050,English,VryIsSpFp4k,faces/id0050/VryIsSpFp4k/0000025.jpg,voices/id0050/English/VryIsSpFp4k/00009.wav,faces/id0050/VryIsSpFp4k
train,id0039,English,Aq57LMnhilM,faces/id0039/Aq57LMnhilM/0000000.jpg,voices/id0039/English/Aq57LMnhilM/00019.wav,faces/id0039/Aq57LMnhilM
train,id0064,English,-IdCGsKL8KE,faces/id0064/-IdCGsKL8KE/0004200.jpg,voices/id0064/English/-IdCGsKL8KE/00023.wav,faces/id0064/-IdCGsKL8KE
train,id0022,English,PoMGgCakSb0,faces/id0022/PoMGgCakSb0/0000000.jpg,voices/id0022/English/PoMGgCakSb0/00022.wav,faces/id0022/PoMGgCakSb0
train,id0041,English,igda3vF6SuI,faces/id0041/igda3vF6SuI/0001950.jpg,voices/id0041/English/igda3vF6SuI/00054.wav,faces/id0041/igda3vF6SuI
train,id0027,English,Pmd64Lm2bKg,faces/id0027/Pmd64Lm2bKg/0000125.jpg,voices/id0027/English/Pmd64Lm2bKg/00012.wav,faces/id0027/Pmd64Lm2bKg
train,id0002,English,a8YwLpyHArc,faces/id0002/a8YwLpyHArc/0000075.jpg,voices/id0002/English/a8YwLpyHArc/00013.wav,faces/id0002/a8YwLpyHArc
train,id0061,English,cOPwZX2_gR4,faces/id0061/cOPwZX2_gR4/0000025.jpg,voices/id0061/English/cOPwZX2_gR4/00008.wav,faces/id0061/cOPwZX2_gR4
train,id0070,English,Xu4MTv5wgys,faces/id0070/Xu4MTv5wgys/0000025.jpg,voices/id0070/English/Xu4MTv5wgys/00009.wav,faces/id0070/Xu4MTv5wgys
train,id0032,English,J6tj_dnS-20,faces/id0032/J6tj_dnS-20/0000675.jpg,voices/id0032/English/J6tj_dnS-20/00001.wav,faces/id0032/J6tj_dnS-20
train,id0044,English,vYJc6nLFq40,faces/id0044/vYJc6nLFq40/0000625.jpg,voices/id0044/English/vYJc6nLFq40/00021.wav,faces/id0044/vYJc6nLFq40
train,id0028,English,REIQ9Vlh0Lk,faces/id0028/REIQ9Vlh0Lk/0000000.jpg,voices/id0028/English/REIQ9Vlh0Lk/00064.wav,faces/id0028/REIQ9Vlh0Lk
train,id0012,English,k-f3Nnd5n8A,faces/id0012/k-f3Nnd5n8A/0000000.jpg,voices/id0012/English/k-f3Nnd5n8A/00049.wav,faces/id0012/k-f3Nnd5n8A
train,id0028,English,9jcHcByYp_s,faces/id0028/9jcHcByYp_s/0000625.jpg,voices/id0028/English/9jcHcByYp_s/00094.wav,faces/id0028/9jcHcByYp_s
train,id0014,English,eZvFT9J80TQ,faces/id0014/eZvFT9J80TQ/0001000.jpg,voices/id0014/English/eZvFT9J80TQ/00015.wav,faces/id0014/eZvFT9J80TQ
train,id0015,English,0R531JwP45k,faces/id0015/0R531JwP45k/0000950.jpg,voices/id0015/English/0R531JwP45k/00003.wav,faces/id0015/0R531JwP45k
train,id0025,English,9UKSten91H4,faces/id0025/9UKSten91H4/0000025.jpg,voices/id0025/English/9UKSten91H4/00000.wav,faces/id0025/9UKSten91H4
train,id0027,English,45XvDmnzABk,faces/id0027/45XvDmnzABk/0005075.jpg,voices/id0027/English/45XvDmnzABk/00003.wav,faces/id0027/45XvDmnzABk
train,id0039,English,qyZ004QI6Iw,faces/id0039/qyZ004QI6Iw/0000025.jpg,voices/id0039/English/qyZ004QI6Iw/00094.wav,faces/id0039/qyZ004QI6Iw
train,id0009,English,xbfE-IE7Sho,faces/id0009/xbfE-IE7Sho/0000425.jpg,voices/id0009/English/xbfE-IE7Sho/00015.wav,faces/id0009/xbfE-IE7Sho
train,id0001,English,U3rWfLEkFvg,faces/id0001/U3rWfLEkFvg/0000450.jpg,voices/id0001/English/U3rWfLEkFvg/00014.wav,faces/id0001/U3rWfLEkFvg
train,id0025,English,VlFa0S-juA0,faces/id0025/VlFa0S-juA0/0000000.jpg,voices/id0025/English/VlFa0S-juA0/00030.wav,faces/id0025/VlFa0S-juA0
train,id0012,English,Nw6OPCHmZYc,faces/id0012/Nw6OPCHmZYc/0008300.jpg,voices/id0012/English/Nw6OPCHmZYc/00003.wav,faces/id0012/Nw6OPCHmZYc
train,id0040,English,6YMUgzYERQs,faces/id0040/6YMUgzYERQs/0000250.jpg,voices/id0040/English/6YMUgzYERQs/00001.wav,faces/id0040/6YMUgzYERQs
train,id0024,English,1yPfpl6daG0,faces/id0024/1yPfpl6daG0/0005250.jpg,voices/id0024/English/1yPfpl6daG0/00011.wav,faces/id0024/1yPfpl6daG0
train,id0028,English,REIQ9Vlh0Lk,faces/id0028/REIQ9Vlh0Lk/0000000.jpg,voices/id0028/English/REIQ9Vlh0Lk/00044.wav,faces/id0028/REIQ9Vlh0Lk
train,id0009,English,CbMvPV-JKew,faces/id0009/CbMvPV-JKew/0001075.jpg,voices/id0009/English/CbMvPV-JKew/00050.wav,faces/id0009/CbMvPV-JKew
train,id0049,English,bQXzC47izaE,faces/id0049/bQXzC47izaE/0001525.jpg,voices/id0049/English/bQXzC47izaE/00015.wav,faces/id0049/bQXzC47izaE
train,id0067,English,aGdUenA305A,faces/id0067/aGdUenA305A/0000025.jpg,voices/id0067/English/aGdUenA305A/00009.wav,faces/id0067/aGdUenA305A
train,id0029,English,52M95d6dSTo,faces/id0029/52M95d6dSTo/0000550.jpg,voices/id0029/English/52M95d6dSTo/00038.wav,faces/id0029/52M95d6dSTo
train,id0052,English,Bk-cX342Faw,faces/id0052/Bk-cX342Faw/0000025.jpg,voices/id0052/English/Bk-cX342Faw/00009.wav,faces/id0052/Bk-cX342Faw
train,id0048,English,R0UMqq9U6wg,faces/id0048/R0UMqq9U6wg/0000625.jpg,voices/id0048/English/R0UMqq9U6wg/00012.wav,faces/id0048/R0UMqq9U6wg
train,id0009,English,gXnUW8OooRk,faces/id0009/gXnUW8OooRk/0000275.jpg,voices/id0009/English/gXnUW8OooRk/00035.wav,faces/id0009/gXnUW8OooRk
train,id0024,English,27T3pMqtDG8,faces/id0024/27T3pMqtDG8/0003225.jpg,voices/id0024/English/27T3pMqtDG8/00033.wav,faces/id0024/27T3pMqtDG8
train,id0028,English,dxqN3FoMml8,faces/id0028/dxqN3FoMml8/0002125.jpg,voices/id0028/English/dxqN3FoMml8/00018.wav,faces/id0028/dxqN3FoMml8
train,id0041,English,igda3vF6SuI,faces/id0041/igda3vF6SuI/0001950.jpg,voices/id0041/English/igda3vF6SuI/00066.wav,faces/id0041/igda3vF6SuI
train,id0009,English,gXnUW8OooRk,faces/id0009/gXnUW8OooRk/0000275.jpg,voices/id0009/English/gXnUW8OooRk/00033.wav,faces/id0009/gXnUW8OooRk
train,id0039,English,qyZ004QI6Iw,faces/id0039/qyZ004QI6Iw/0000025.jpg,voices/id0039/English/qyZ004QI6Iw/00128.wav,faces/id0039/qyZ004QI6Iw
train,id0070,English,HXv5ILGTlQ8,faces/id0070/HXv5ILGTlQ8/0000300.jpg,voices/id0070/English/HXv5ILGTlQ8/00006.wav,faces/id0070/HXv5ILGTlQ8
train,id0053,English,dkXt56_1NuM,faces/id0053/dkXt56_1NuM/0000100.jpg,voices/id0053/English/dkXt56_1NuM/00001.wav,faces/id0053/dkXt56_1NuM
train,id0012,English,ERAJ_QXo-oY,faces/id0012/ERAJ_QXo-oY/0002775.jpg,voices/id0012/English/ERAJ_QXo-oY/00030.wav,faces/id0012/ERAJ_QXo-oY
train,id0028,English,dxqN3FoMml8,faces/id0028/dxqN3FoMml8/0002125.jpg,voices/id0028/English/dxqN3FoMml8/00017.wav,faces/id0028/dxqN3FoMml8
train,id0046,English,wvNCshp5114,faces/id0046/wvNCshp5114/0000100.jpg,voices/id0046/English/wvNCshp5114/00000.wav,faces/id0046/wvNCshp5114
train,id0041,English,Upt0nCuiOo8,faces/id0041/Upt0nCuiOo8/0000125.jpg,voices/id0041/English/Upt0nCuiOo8/00016.wav,faces/id0041/Upt0nCuiOo8
train,id0003,English,RRdfeB-NRqw,faces/id0003/RRdfeB-NRqw/0001300.jpg,voices/id0003/English/RRdfeB-NRqw/00016.wav,faces/id0003/RRdfeB-NRqw
train,id0045,English,QjPkuA2BoX4,faces/id0045/QjPkuA2BoX4/0001625.jpg,voices/id0045/English/QjPkuA2BoX4/00124.wav,faces/id0045/QjPkuA2BoX4
train,id0052,English,uX3Q8CzGyVk,faces/id0052/uX3Q8CzGyVk/0000025.jpg,voices/id0052/English/uX3Q8CzGyVk/00019.wav,faces/id0052/uX3Q8CzGyVk
train,id0028,English,9jcHcByYp_s,faces/id0028/9jcHcByYp_s/0000625.jpg,voices/id0028/English/9jcHcByYp_s/00047.wav,faces/id0028/9jcHcByYp_s
train,id0055,English,ygbDcr4pHtk,faces/id0055/ygbDcr4pHtk/0000175.jpg,voices/id0055/English/ygbDcr4pHtk/00001.wav,faces/id0055/ygbDcr4pHtk
train,id0018,English,4FamrqoER0A,faces/id0018/4FamrqoER0A/0000725.jpg,voices/id0018/English/4FamrqoER0A/00002.wav,faces/id0018/4FamrqoER0A
train,id0039,English,qyZ004QI6Iw,faces/id0039/qyZ004QI6Iw/0000025.jpg,voices/id0039/English/qyZ004QI6Iw/00108.wav,faces/id0039/qyZ004QI6Iw
train,id0011,English,YwozNG5iuSY,faces/id0011/YwozNG5iuSY/0001125.jpg,voices/id0011/English/YwozNG5iuSY/00003.wav,faces/id0011/YwozNG5iuSY
train,id0066,English,yHiiSaZBVwY,faces/id0066/yHiiSaZBVwY/0000150.jpg,voices/id0066/English/yHiiSaZBVwY/00001.wav,faces/id0066/yHiiSaZBVwY
train,id0009,English,CbMvPV-JKew,faces/id0009/CbMvPV-JKew/0001075.jpg,voices/id0009/English/CbMvPV-JKew/00043.wav,faces/id0009/CbMvPV-JKew
train,id0044,English,vYJc6nLFq40,faces/id0044/vYJc6nLFq40/0000625.jpg,voices/id0044/English/vYJc6nLFq40/00004.wav,faces/id0044/vYJc6nLFq40
train,id0039,English,FfXTPqi0BVU,faces/id0039/FfXTPqi0BVU/0001975.jpg,voices/id0039/English/FfXTPqi0BVU/00023.wav,faces/id0039/FfXTPqi0BVU
train,id0051,English,JdwfC6b5xl8,faces/id0051/JdwfC6b5xl8/0000000.jpg,voices/id0051/English/JdwfC6b5xl8/00004.wav,faces/id0051/JdwfC6b5xl8
train,id0025,English,JBGHwJ7o_I8,faces/id0025/JBGHwJ7o_I8/0000375.jpg,voices/id0025/English/JBGHwJ7o_I8/00002.wav,faces/id0025/JBGHwJ7o_I8
train,id0066,English,sbwHlZjFWUI,faces/id0066/sbwHlZjFWUI/0000000.jpg,voices/id0066/English/sbwHlZjFWUI/00005.wav,faces/id0066/sbwHlZjFWUI
train,id0056,English,70s,faces/id0056/70s/0000200.jpg,voices/id0056/English/70s/00020.wav,faces/id0056/70s
train,id0028,English,9jcHcByYp_s,faces/id0028/9jcHcByYp_s/0000625.jpg,voices/id0028/English/9jcHcByYp_s/00030.wav,faces/id0028/9jcHcByYp_s
train,id0039,English,qyZ004QI6Iw,faces/id0039/qyZ004QI6Iw/0000025.jpg,voices/id0039/English/qyZ004QI6Iw/00026.wav,faces/id0039/qyZ004QI6Iw
train,id0035,English,QRaVk8buFOA,faces/id0035/QRaVk8buFOA/0000350.jpg,voices/id0035/English/QRaVk8buFOA/00004.wav,faces/id0035/QRaVk8buFOA
train,id0039,English,vKiGkbyfHPA,faces/id0039/vKiGkbyfHPA/0000025.jpg,voices/id0039/English/vKiGkbyfHPA/00039.wav,faces/id0039/vKiGkbyfHPA
train,id0050,English,68s,faces/id0050/68s/0000025.jpg,voices/id0050/English/68s/00000.wav,faces/id0050/68s
train,id0052,English,oKKSSoDfquA,faces/id0052/oKKSSoDfquA/0000025.jpg,voices/id0052/English/oKKSSoDfquA/00076.wav,faces/id0052/oKKSSoDfquA
train,id0011,English,zH9gdUqT7Hs,faces/id0011/zH9gdUqT7Hs/0000000.jpg,voices/id0011/English/zH9gdUqT7Hs/00025.wav,faces/id0011/zH9gdUqT7Hs
train,id0023,English,ekT7a8A-JDk,faces/id0023/ekT7a8A-JDk/0000000.jpg,voices/id0023/English/ekT7a8A-JDk/00005.wav,faces/id0023/ekT7a8A-JDk
train,id0032,English,J6tj_dnS-20,faces/id0032/J6tj_dnS-20/0000675.jpg,voices/id0032/English/J6tj_dnS-20/00007.wav,faces/id0032/J6tj_dnS-20
train,id0011,English,de7oVYjfT3Y,faces/id0011/de7oVYjfT3Y/0000050.jpg,voices/id0011/English/de7oVYjfT3Y/00004.wav,faces/id0011/de7oVYjfT3Y
train,id0003,English,RRdfeB-NRqw,faces/id0003/RRdfeB-NRqw/0001300.jpg,voices/id0003/English/RRdfeB-NRqw/00006.wav,faces/id0003/RRdfeB-NRqw
train,id0069,English,9K0_Ba3uRQ8,faces/id0069/9K0_Ba3uRQ8/0000525.jpg,voices/id0069/English/9K0_Ba3uRQ8/00021.wav,faces/id0069/9K0_Ba3uRQ8
train,id0028,English,dxqN3FoMml8,faces/id0028/dxqN3FoMml8/0002125.jpg,voices/id0028/English/dxqN3FoMml8/00043.wav,faces/id0028/dxqN3FoMml8
train,id0009,English,CbMvPV-JKew,faces/id0009/CbMvPV-JKew/0001075.jpg,voices/id0009/English/CbMvPV-JKew/00062.wav,faces/id0009/CbMvPV-JKew
train,id0059,English,Nqcoz0iuxEk,faces/id0059/Nqcoz0iuxEk/0002250.jpg,voices/id0059/English/Nqcoz0iuxEk/00061.wav,faces/id0059/Nqcoz0iuxEk
train,id0014,English,ULjJgUI2Arw,faces/id0014/ULjJgUI2Arw/0003475.jpg,voices/id0014/English/ULjJgUI2Arw/00000.wav,faces/id0014/ULjJgUI2Arw
train,id0046,English,wvNCshp5114,faces/id0046/wvNCshp5114/0000100.jpg,voices/id0046/English/wvNCshp5114/00005.wav,faces/id0046/wvNCshp5114
train,id0016,English,_ZWgPMT33as,faces/id0016/_ZWgPMT33as/0000000.jpg,voices/id0016/English/_ZWgPMT33as/00016.wav,faces/id0016/_ZWgPMT33as
train,id0009,English,Vx6_0RMT3jw,faces/id0009/Vx6_0RMT3jw/0000600.jpg,voices/id0009/English/Vx6_0RMT3jw/00009.wav,faces/id0009/Vx6_0RMT3jw
train,id0033,English,4qW3aevy548,faces/id0033/4qW3aevy548/0001825.jpg,voices/id0033/English/4qW3aevy548/00010.wav,faces/id0033/4qW3aevy548
train,id0059,English,Nqcoz0iuxEk,faces/id0059/Nqcoz0iuxEk/0002250.jpg,voices/id0059/English/Nqcoz0iuxEk/00036.wav,faces/id0059/Nqcoz0iuxEk
train,id0056,English,uhzP5FBium0,faces/id0056/uhzP5FBium0/0000500.jpg,voices/id0056/English/uhzP5FBium0/00004.wav,faces/id0056/uhzP5FBium0
train,id0033,English,4qW3aevy548,faces/id0033/4qW3aevy548/0001825.jpg,voices/id0033/English/4qW3aevy548/00003.wav,faces/id0033/4qW3aevy548
train,id0055,English,1E2M_GJQpfc,faces/id0055/1E2M_GJQpfc/0004125.jpg,voices/id0055/English/1E2M_GJQpfc/00017.wav,faces/id0055/1E2M_GJQpfc
train,id0001,English,Y16ltGEvXzI,faces/id0001/Y16ltGEvXzI/0001300.jpg,voices/id0001/English/Y16ltGEvXzI/00010.wav,faces/id0001/Y16ltGEvXzI
train,id0017,English,iNzFuVDC0vE,faces/id0017/iNzFuVDC0vE/0001325.jpg,voices/id0017/English/iNzFuVDC0vE/00054.wav,faces/id0017/iNzFuVDC0vE
train,id0028,English,9jcHcByYp_s,faces/id0028/9jcHcByYp_s/0000625.jpg,voices/id0028/English/9jcHcByYp_s/00012.wav,faces/id0028/9jcHcByYp_s
train,id0009,English,ACwVcpt8MFA,faces/id0009/ACwVcpt8MFA/0004675.jpg,voices/id0009/English/ACwVcpt8MFA/00013.wav,faces/id0009/ACwVcpt8MFA
train,id0041,English,igda3vF6SuI,faces/id0041/igda3vF6SuI/0001950.jpg,voices/id0041/English/igda3vF6SuI/00046.wav,faces/id0041/igda3vF6SuI
train,id0054,English,npX324mAtR0,faces/id0054/npX324mAtR0/0000025.jpg,voices/id0054/English/npX324mAtR0/00026.wav,faces/id0054/npX324mAtR0
train,id0054,English,npX324mAtR0,faces/id0054/npX324mAtR0/0000025.jpg,voices/id0054/English/npX324mAtR0/00006.wav,faces/id0054/npX324mAtR0
train,id0067,English,aGdUenA305A,faces/id0067/aGdUenA305A/0000025.jpg,voices/id0067/English/aGdUenA305A/00007.wav,faces/id0067/aGdUenA305A
train,id0002,English,a8YwLpyHArc,faces/id0002/a8YwLpyHArc/0000075.jpg,voices/id0002/English/a8YwLpyHArc/00004.wav,faces/id0002/a8YwLpyHArc
train,id0045,English,h7A9ToTEKQA,faces/id0045/h7A9ToTEKQA/0000750.jpg,voices/id0045/English/h7A9ToTEKQA/00014.wav,faces/id0045/h7A9ToTEKQA
train,id0060,English,QHdn7Zte9MU,faces/id0060/QHdn7Zte9MU/0000225.jpg,voices/id0060/English/QHdn7Zte9MU/00009.wav,faces/id0060/QHdn7Zte9MU
train,id0012,English,ERAJ_QXo-oY,faces/id0012/ERAJ_QXo-oY/0002775.jpg,voices/id0012/English/ERAJ_QXo-oY/00012.wav,faces/id0012/ERAJ_QXo-oY
train,id0066,English,Z11MbuMakyI,faces/id0066/Z11MbuMakyI/0000400.jpg,voices/id0066/English/Z11MbuMakyI/00005.wav,faces/id0066/Z11MbuMakyI
train,id0041,English,7m4O_-EO16E,faces/id0041/7m4O_-EO16E/0000050.jpg,voices/id0041/English/7m4O_-EO16E/00013.wav,faces/id0041/7m4O_-EO16E
train,id0056,English,1_a3Y6LGpAA,faces/id0056/1_a3Y6LGpAA/0000825.jpg,voices/id0056/English/1_a3Y6LGpAA/00011.wav,faces/id0056/1_a3Y6LGpAA
train,id0025,English,VlFa0S-juA0,faces/id0025/VlFa0S-juA0/0000000.jpg,voices/id0025/English/VlFa0S-juA0/00044.wav,faces/id0025/VlFa0S-juA0
train,id0052,English,oKKSSoDfquA,faces/id0052/oKKSSoDfquA/0000025.jpg,voices/id0052/English/oKKSSoDfquA/00044.wav,faces/id0052/oKKSSoDfquA
train,id0017,English,iNzFuVDC0vE,faces/id0017/iNzFuVDC0vE/0001325.jpg,voices/id0017/English/iNzFuVDC0vE/00050.wav,faces/id0017/iNzFuVDC0vE
train,id0050,English,68s,faces/id0050/68s/0000025.jpg,voices/id0050/English/68s/00017.wav,faces/id0050/68s
train,id0056,English,uhqXPuUaGZ8,faces/id0056/uhqXPuUaGZ8/0001750.jpg,voices/id0056/English/uhqXPuUaGZ8/00013.wav,faces/id0056/uhqXPuUaGZ8
train,id0025,English,VlFa0S-juA0,faces/id0025/VlFa0S-juA0/0000000.jpg,voices/id0025/English/VlFa0S-juA0/00068.wav,faces/id0025/VlFa0S-juA0
train,id0064,English,EwbbCMlWCyk,faces/id0064/EwbbCMlWCyk/0004275.jpg,voices/id0064/English/EwbbCMlWCyk/00001.wav,faces/id0064/EwbbCMlWCyk
train,id0003,English,s4eWJQjHB0I,faces/id0003/s4eWJQjHB0I/0001275.jpg,voices/id0003/English/s4eWJQjHB0I/00003.wav,faces/id0003/s4eWJQjHB0I
train,id0018,English,KQrdbivDg9E,faces/id0018/KQrdbivDg9E/0000000.jpg,voices/id0018/English/KQrdbivDg9E/00066.wav,faces/id0018/KQrdbivDg9E
train,id0041,English,igda3vF6SuI,faces/id0041/igda3vF6SuI/0001950.jpg,voices/id0041/English/igda3vF6SuI/00019.wav,faces/id0041/igda3vF6SuI
train,id0028,English,dxqN3FoMml8,faces/id0028/dxqN3FoMml8/0002125.jpg,voices/id0028/English/dxqN3FoMml8/00040.wav,faces/id0028/dxqN3FoMml8
train,id0015,English,hU5pLzIixjw,faces/id0015/hU5pLzIixjw/0000975.jpg,voices/id0015/English/hU5pLzIixjw/00009.wav,faces/id0015/hU5pLzIixjw
train,id0009,English,Vx6_0RMT3jw,faces/id0009/Vx6_0RMT3jw/0000600.jpg,voices/id0009/English/Vx6_0RMT3jw/00012.wav,faces/id0009/Vx6_0RMT3jw
train,id0048,English,dpd_s0t0geM,faces/id0048/dpd_s0t0geM/0002900.jpg,voices/id0048/English/dpd_s0t0geM/00037.wav,faces/id0048/dpd_s0t0geM
train,id0056,English,1_a3Y6LGpAA,faces/id0056/1_a3Y6LGpAA/0000825.jpg,voices/id0056/English/1_a3Y6LGpAA/00034.wav,faces/id0056/1_a3Y6LGpAA
train,id0017,English,iNzFuVDC0vE,faces/id0017/iNzFuVDC0vE/0001325.jpg,voices/id0017/English/iNzFuVDC0vE/00053.wav,faces/id0017/iNzFuVDC0vE
train,id0039,English,vKiGkbyfHPA,faces/id0039/vKiGkbyfHPA/0000025.jpg,voices/id0039/English/vKiGkbyfHPA/00027.wav,faces/id0039/vKiGkbyfHPA
train,id0020,English,eJbUxNrtE70,faces/id0020/eJbUxNrtE70/0001900.jpg,voices/id0020/English/eJbUxNrtE70/00015.wav,faces/id0020/eJbUxNrtE70
train,id0069,English,BNvjmBk5psM,faces/id0069/BNvjmBk5psM/0000400.jpg,voices/id0069/English/BNvjmBk5psM/00027.wav,faces/id0069/BNvjmBk5psM
train,id0003,English,s4eWJQjHB0I,faces/id0003/s4eWJQjHB0I/0001275.jpg,voices/id0003/English/s4eWJQjHB0I/00007.wav,faces/id0003/s4eWJQjHB0I
train,id0062,English,SK8nrapRgqQ,faces/id0062/SK8nrapRgqQ/0001575.jpg,voices/id0062/English/SK8nrapRgqQ/00021.wav,faces/id0062/SK8nrapRgqQ
train,id0024,English,l_0BFvm_rBc,faces/id0024/l_0BFvm_rBc/0005200.jpg,voices/id0024/English/l_0BFvm_rBc/00002.wav,faces/id0024/l_0BFvm_rBc
train,id0017,English,whnDqsIJoqI,faces/id0017/whnDqsIJoqI/0000250.jpg,voices/id0017/English/whnDqsIJoqI/00003.wav,faces/id0017/whnDqsIJoqI
train,id0039,English,qyZ004QI6Iw,faces/id0039/qyZ004QI6Iw/0000025.jpg,voices/id0039/English/qyZ004QI6Iw/00111.wav,faces/id0039/qyZ004QI6Iw
train,id0054,English,XZhRQgDQ1j4,faces/id0054/XZhRQgDQ1j4/0000125.jpg,voices/id0054/English/XZhRQgDQ1j4/00002.wav,faces/id0054/XZhRQgDQ1j4
train,id0048,English,dpd_s0t0geM,faces/id0048/dpd_s0t0geM/0002900.jpg,voices/id0048/English/dpd_s0t0geM/00053.wav,faces/id0048/dpd_s0t0geM
train,id0033,English,02L6RPzTSoI,faces/id0033/02L6RPzTSoI/0001475.jpg,voices/id0033/English/02L6RPzTSoI/00022.wav,faces/id0033/02L6RPzTSoI
train,id0023,English,ekT7a8A-JDk,faces/id0023/ekT7a8A-JDk/0000000.jpg,voices/id0023/English/ekT7a8A-JDk/00008.wav,faces/id0023/ekT7a8A-JDk
train,id0028,English,REIQ9Vlh0Lk,faces/id0028/REIQ9Vlh0Lk/0000000.jpg,voices/id0028/English/REIQ9Vlh0Lk/00043.wav,faces/id0028/REIQ9Vlh0Lk
train,id0012,English,k-f3Nnd5n8A,faces/id0012/k-f3Nnd5n8A/0000000.jpg,voices/id0012/English/k-f3Nnd5n8A/00019.wav,faces/id0012/k-f3Nnd5n8A
train,id0052,English,bxObwwjdMnY,faces/id0052/bxObwwjdMnY/0000025.jpg,voices/id0052/English/bxObwwjdMnY/00001.wav,faces/id0052/bxObwwjdMnY
train,id0028,English,9jcHcByYp_s,faces/id0028/9jcHcByYp_s/0000625.jpg,voices/id0028/English/9jcHcByYp_s/00008.wav,faces/id0028/9jcHcByYp_s
train,id0020,English,Nm0j-kYWoLU,faces/id0020/Nm0j-kYWoLU/0000450.jpg,voices/id0020/English/Nm0j-kYWoLU/00001.wav,faces/id0020/Nm0j-kYWoLU
train,id0059,English,Nqcoz0iuxEk,faces/id0059/Nqcoz0iuxEk/0002250.jpg,voices/id0059/English/Nqcoz0iuxEk/00059.wav,faces/id0059/Nqcoz0iuxEk
train,id0041,English,igda3vF6SuI,faces/id0041/igda3vF6SuI/0001950.jpg,voices/id0041/English/igda3vF6SuI/00051.wav,faces/id0041/igda3vF6SuI
train,id0041,English,Upt0nCuiOo8,faces/id0041/Upt0nCuiOo8/0000125.jpg,voices/id0041/English/Upt0nCuiOo8/00004.wav,faces/id0041/Upt0nCuiOo8
train,id0012,English,ERAJ_QXo-oY,faces/id0012/ERAJ_QXo-oY/0002775.jpg,voices/id0012/English/ERAJ_QXo-oY/00027.wav,faces/id0012/ERAJ_QXo-oY
train,id0045,English,Erq4Y9TVf4o,faces/id0045/Erq4Y9TVf4o/0001125.jpg,voices/id0045/English/Erq4Y9TVf4o/00010.wav,faces/id0045/Erq4Y9TVf4o
train,id0001,English,Y16ltGEvXzI,faces/id0001/Y16ltGEvXzI/0001300.jpg,voices/id0001/English/Y16ltGEvXzI/00026.wav,faces/id0001/Y16ltGEvXzI
train,id0028,English,9jcHcByYp_s,faces/id0028/9jcHcByYp_s/0000625.jpg,voices/id0028/English/9jcHcByYp_s/00048.wav,faces/id0028/9jcHcByYp_s
train,id0043,English,6hf-RQmsLTg,faces/id0043/6hf-RQmsLTg/0002050.jpg,voices/id0043/English/6hf-RQmsLTg/00032.wav,faces/id0043/6hf-RQmsLTg
train,id0018,English,fV7clNE9P7k,faces/id0018/fV7clNE9P7k/0002200.jpg,voices/id0018/English/fV7clNE9P7k/00003.wav,faces/id0018/fV7clNE9P7k
train,id0001,English,SpfaJtrTMfc,faces/id0001/SpfaJtrTMfc/0002475.jpg,voices/id0001/English/SpfaJtrTMfc/00023.wav,faces/id0001/SpfaJtrTMfc
train,id0040,English,lHoa7f6VuY4,faces/id0040/lHoa7f6VuY4/0000775.jpg,voices/id0040/English/lHoa7f6VuY4/00003.wav,faces/id0040/lHoa7f6VuY4
train,id0028,English,9jcHcByYp_s,faces/id0028/9jcHcByYp_s/0000625.jpg,voices/id0028/English/9jcHcByYp_s/00102.wav,faces/id0028/9jcHcByYp_s
train,id0001,English,sA-fO6ZI75M,faces/id0001/sA-fO6ZI75M/0000075.jpg,voices/id0001/English/sA-fO6ZI75M/00002.wav,faces/id0001/sA-fO6ZI75M
train,id0001,English,U3rWfLEkFvg,faces/id0001/U3rWfLEkFvg/0000450.jpg,voices/id0001/English/U3rWfLEkFvg/00024.wav,faces/id0001/U3rWfLEkFvg
train,id0048,English,dpd_s0t0geM,faces/id0048/dpd_s0t0geM/0002900.jpg,voices/id0048/English/dpd_s0t0geM/00042.wav,faces/id0048/dpd_s0t0geM
train,id0014,English,fHlaCvlVhoM,faces/id0014/fHlaCvlVhoM/0000000.jpg,voices/id0014/English/fHlaCvlVhoM/00001.wav,faces/id0014/fHlaCvlVhoM
train,id0052,English,ZMFntWRg8LY,faces/id0052/ZMFntWRg8LY/0002375.jpg,voices/id0052/English/ZMFntWRg8LY/00008.wav,faces/id0052/ZMFntWRg8LY
train,id0001,English,Y16ltGEvXzI,faces/id0001/Y16ltGEvXzI/0001300.jpg,voices/id0001/English/Y16ltGEvXzI/00013.wav,faces/id0001/Y16ltGEvXzI
train,id0018,English,fV7clNE9P7k,faces/id0018/fV7clNE9P7k/0002200.jpg,voices/id0018/English/fV7clNE9P7k/00068.wav,faces/id0018/fV7clNE9P7k
train,id0052,English,oKKSSoDfquA,faces/id0052/oKKSSoDfquA/0000025.jpg,voices/id0052/English/oKKSSoDfquA/00092.wav,faces/id0052/oKKSSoDfquA
train,id0051,English,CVRK0vEqDno,faces/id0051/CVRK0vEqDno/0000450.jpg,voices/id0051/English/CVRK0vEqDno/00007.wav,faces/id0051/CVRK0vEqDno
train,id0009,English,gXnUW8OooRk,faces/id0009/gXnUW8OooRk/0000275.jpg,voices/id0009/English/gXnUW8OooRk/00053.wav,faces/id0009/gXnUW8OooRk
train,id0039,English,vKiGkbyfHPA,faces/id0039/vKiGkbyfHPA/0000025.jpg,voices/id0039/English/vKiGkbyfHPA/00068.wav,faces/id0039/vKiGkbyfHPA
train,id0041,English,igda3vF6SuI,faces/id0041/igda3vF6SuI/0001950.jpg,voices/id0041/English/igda3vF6SuI/00069.wav,faces/id0041/igda3vF6SuI
train,id0009,English,Vx6_0RMT3jw,faces/id0009/Vx6_0RMT3jw/0000600.jpg,voices/id0009/English/Vx6_0RMT3jw/00000.wav,faces/id0009/Vx6_0RMT3jw
train,id0056,English,1_a3Y6LGpAA,faces/id0056/1_a3Y6LGpAA/0000825.jpg,voices/id0056/English/1_a3Y6LGpAA/00049.wav,faces/id0056/1_a3Y6LGpAA
train,id0052,English,uX3Q8CzGyVk,faces/id0052/uX3Q8CzGyVk/0000025.jpg,voices/id0052/English/uX3Q8CzGyVk/00044.wav,faces/id0052/uX3Q8CzGyVk
train,id0044,English,vYJc6nLFq40,faces/id0044/vYJc6nLFq40/0000625.jpg,voices/id0044/English/vYJc6nLFq40/00031.wav,faces/id0044/vYJc6nLFq40
train,id0003,English,sHbyLrzEByw,faces/id0003/sHbyLrzEByw/0000975.jpg,voices/id0003/English/sHbyLrzEByw/00000.wav,faces/id0003/sHbyLrzEByw
train,id0033,English,tN2pW8F-ANo,faces/id0033/tN2pW8F-ANo/0000000.jpg,voices/id0033/English/tN2pW8F-ANo/00002.wav,faces/id0033/tN2pW8F-ANo
train,id0001,English,Y16ltGEvXzI,faces/id0001/Y16ltGEvXzI/0001300.jpg,voices/id0001/English/Y16ltGEvXzI/00050.wav,faces/id0001/Y16ltGEvXzI
train,id0028,English,dxqN3FoMml8,faces/id0028/dxqN3FoMml8/0002125.jpg,voices/id0028/English/dxqN3FoMml8/00005.wav,faces/id0028/dxqN3FoMml8
train,id0012,English,k-f3Nnd5n8A,faces/id0012/k-f3Nnd5n8A/0000000.jpg,voices/id0012/English/k-f3Nnd5n8A/00002.wav,faces/id0012/k-f3Nnd5n8A
train,id0012,English,k-f3Nnd5n8A,faces/id0012/k-f3Nnd5n8A/0000000.jpg,voices/id0012/English/k-f3Nnd5n8A/00009.wav,faces/id0012/k-f3Nnd5n8A
train,id0016,English,_ZWgPMT33as,faces/id0016/_ZWgPMT33as/0000000.jpg,voices/id0016/English/_ZWgPMT33as/00034.wav,faces/id0016/_ZWgPMT33as
train,id0062,English,SK8nrapRgqQ,faces/id0062/SK8nrapRgqQ/0001575.jpg,voices/id0062/English/SK8nrapRgqQ/00032.wav,faces/id0062/SK8nrapRgqQ
train,id0013,English,S0f_4b534vE,faces/id0013/S0f_4b534vE/0001000.jpg,voices/id0013/English/S0f_4b534vE/00001.wav,faces/id0013/S0f_4b534vE
train,id0009,English,CbMvPV-JKew,faces/id0009/CbMvPV-JKew/0001075.jpg,voices/id0009/English/CbMvPV-JKew/00054.wav,faces/id0009/CbMvPV-JKew
train,id0025,English,VlFa0S-juA0,faces/id0025/VlFa0S-juA0/0000000.jpg,voices/id0025/English/VlFa0S-juA0/00024.wav,faces/id0025/VlFa0S-juA0
train,id0037,English,JQXdD8SMjkI,faces/id0037/JQXdD8SMjkI/0001425.jpg,voices/id0037/English/JQXdD8SMjkI/00024.wav,faces/id0037/JQXdD8SMjkI
train,id0001,English,Y16ltGEvXzI,faces/id0001/Y16ltGEvXzI/0001300.jpg,voices/id0001/English/Y16ltGEvXzI/00093.wav,faces/id0001/Y16ltGEvXzI
train,id0005,English,ffgGqDAHcjQ,faces/id0005/ffgGqDAHcjQ/0000625.jpg,voices/id0005/English/ffgGqDAHcjQ/00002.wav,faces/id0005/ffgGqDAHcjQ
train,id0003,English,bV2qGq9jc9Y,faces/id0003/bV2qGq9jc9Y/0001275.jpg,voices/id0003/English/bV2qGq9jc9Y/00004.wav,faces/id0003/bV2qGq9jc9Y
train,id0055,English,YYrCJzoCHvk,faces/id0055/YYrCJzoCHvk/0000050.jpg,voices/id0055/English/YYrCJzoCHvk/00002.wav,faces/id0055/YYrCJzoCHvk
train,id0059,English,Nqcoz0iuxEk,faces/id0059/Nqcoz0iuxEk/0002250.jpg,voices/id0059/English/Nqcoz0iuxEk/00014.wav,faces/id0059/Nqcoz0iuxEk
train,id0018,English,KQrdbivDg9E,faces/id0018/KQrdbivDg9E/0000000.jpg,voices/id0018/English/KQrdbivDg9E/00040.wav,faces/id0018/KQrdbivDg9E
train,id0022,English,cIaJasZFQ94,faces/id0022/cIaJasZFQ94/0002650.jpg,voices/id0022/English/cIaJasZFQ94/00028.wav,faces/id0022/cIaJasZFQ94
train,id0041,English,igda3vF6SuI,faces/id0041/igda3vF6SuI/0001950.jpg,voices/id0041/English/igda3vF6SuI/00037.wav,faces/id0041/igda3vF6SuI
train,id0019,English,lVGggaZMHwA,faces/id0019/lVGggaZMHwA/0012625.jpg,voices/id0019/English/lVGggaZMHwA/00000.wav,faces/id0019/lVGggaZMHwA
train,id0039,English,qyZ004QI6Iw,faces/id0039/qyZ004QI6Iw/0000025.jpg,voices/id0039/English/qyZ004QI6Iw/00053.wav,faces/id0039/qyZ004QI6Iw
train,id0055,English,1E2M_GJQpfc,faces/id0055/1E2M_GJQpfc/0004125.jpg,voices/id0055/English/1E2M_GJQpfc/00004.wav,faces/id0055/1E2M_GJQpfc
train,id0054,English,cTcgPLwmetk,faces/id0054/cTcgPLwmetk/0000000.jpg,voices/id0054/English/cTcgPLwmetk/00000.wav,faces/id0054/cTcgPLwmetk
train,id0045,English,QjPkuA2BoX4,faces/id0045/QjPkuA2BoX4/0001625.jpg,voices/id0045/English/QjPkuA2BoX4/00009.wav,faces/id0045/QjPkuA2BoX4
train,id0041,English,igda3vF6SuI,faces/id0041/igda3vF6SuI/0001950.jpg,voices/id0041/English/igda3vF6SuI/00063.wav,faces/id0041/igda3vF6SuI
train,id0049,English,bQXzC47izaE,faces/id0049/bQXzC47izaE/0001525.jpg,voices/id0049/English/bQXzC47izaE/00018.wav,faces/id0049/bQXzC47izaE
train,id0040,English,6YMUgzYERQs,faces/id0040/6YMUgzYERQs/0000250.jpg,voices/id0040/English/6YMUgzYERQs/00006.wav,faces/id0040/6YMUgzYERQs
train,id0044,English,vYJc6nLFq40,faces/id0044/vYJc6nLFq40/0000625.jpg,voices/id0044/English/vYJc6nLFq40/00017.wav,faces/id0044/vYJc6nLFq40
train,id0045,English,QjPkuA2BoX4,faces/id0045/QjPkuA2BoX4/0001625.jpg,voices/id0045/English/QjPkuA2BoX4/00077.wav,faces/id0045/QjPkuA2BoX4
train,id0028,English,SxPxjK1j_CY,faces/id0028/SxPxjK1j_CY/0000325.jpg,voices/id0028/English/SxPxjK1j_CY/00030.wav,faces/id0028/SxPxjK1j_CY
train,id0009,English,ACwVcpt8MFA,faces/id0009/ACwVcpt8MFA/0004675.jpg,voices/id0009/English/ACwVcpt8MFA/00022.wav,faces/id0009/ACwVcpt8MFA
train,id0044,English,vYJc6nLFq40,faces/id0044/vYJc6nLFq40/0000625.jpg,voices/id0044/English/vYJc6nLFq40/00050.wav,faces/id0044/vYJc6nLFq40
train,id0052,English,oKKSSoDfquA,faces/id0052/oKKSSoDfquA/0000025.jpg,voices/id0052/English/oKKSSoDfquA/00003.wav,faces/id0052/oKKSSoDfquA
train,id0032,English,9Zq9lVPWIUQ,faces/id0032/9Zq9lVPWIUQ/0000250.jpg,voices/id0032/English/9Zq9lVPWIUQ/00000.wav,faces/id0032/9Zq9lVPWIUQ
train,id0056,English,70s,faces/id0056/70s/0000200.jpg,voices/id0056/English/70s/00002.wav,faces/id0056/70s
train,id0022,English,vHzoWDUboWA,faces/id0022/vHzoWDUboWA/0000900.jpg,voices/id0022/English/vHzoWDUboWA/00007.wav,faces/id0022/vHzoWDUboWA
train,id0039,English,vKiGkbyfHPA,faces/id0039/vKiGkbyfHPA/0000025.jpg,voices/id0039/English/vKiGkbyfHPA/00013.wav,faces/id0039/vKiGkbyfHPA
train,id0003,English,s4eWJQjHB0I,faces/id0003/s4eWJQjHB0I/0001275.jpg,voices/id0003/English/s4eWJQjHB0I/00029.wav,faces/id0003/s4eWJQjHB0I
train,id0067,English,aGdUenA305A,faces/id0067/aGdUenA305A/0000025.jpg,voices/id0067/English/aGdUenA305A/00020.wav,faces/id0067/aGdUenA305A
train,id0003,English,bV2qGq9jc9Y,faces/id0003/bV2qGq9jc9Y/0001275.jpg,voices/id0003/English/bV2qGq9jc9Y/00002.wav,faces/id0003/bV2qGq9jc9Y
train,id0013,English,Co462Ngi8rY,faces/id0013/Co462Ngi8rY/0000350.jpg,voices/id0013/English/Co462Ngi8rY/00001.wav,faces/id0013/Co462Ngi8rY
train,id0052,English,oKKSSoDfquA,faces/id0052/oKKSSoDfquA/0000025.jpg,voices/id0052/English/oKKSSoDfquA/00009.wav,faces/id0052/oKKSSoDfquA
train,id0006,English,3YdCvOC-kI0,faces/id0006/3YdCvOC-kI0/0002650.jpg,voices/id0006/English/3YdCvOC-kI0/00003.wav,faces/id0006/3YdCvOC-kI0
train,id0015,English,hU5pLzIixjw,faces/id0015/hU5pLzIixjw/0000975.jpg,voices/id0015/English/hU5pLzIixjw/00021.wav,faces/id0015/hU5pLzIixjw
train,id0064,English,-IdCGsKL8KE,faces/id0064/-IdCGsKL8KE/0004200.jpg,voices/id0064/English/-IdCGsKL8KE/00027.wav,faces/id0064/-IdCGsKL8KE
train,id0057,English,CkhXmrKN5A8,faces/id0057/CkhXmrKN5A8/0004325.jpg,voices/id0057/English/CkhXmrKN5A8/00001.wav,faces/id0057/CkhXmrKN5A8
train,id0017,English,iNzFuVDC0vE,faces/id0017/iNzFuVDC0vE/0001325.jpg,voices/id0017/English/iNzFuVDC0vE/00006.wav,faces/id0017/iNzFuVDC0vE
train,id0029,English,52M95d6dSTo,faces/id0029/52M95d6dSTo/0000550.jpg,voices/id0029/English/52M95d6dSTo/00009.wav,faces/id0029/52M95d6dSTo
train,id0063,English,CeNF8cAxWSI,faces/id0063/CeNF8cAxWSI/0000125.jpg,voices/id0063/English/CeNF8cAxWSI/00006.wav,faces/id0063/CeNF8cAxWSI
train,id0052,English,uX3Q8CzGyVk,faces/id0052/uX3Q8CzGyVk/0000025.jpg,voices/id0052/English/uX3Q8CzGyVk/00033.wav,faces/id0052/uX3Q8CzGyVk
train,id0054,English,L1lsne6_YtE,faces/id0054/L1lsne6_YtE/0000025.jpg,voices/id0054/English/L1lsne6_YtE/00007.wav,faces/id0054/L1lsne6_YtE
train,id0045,English,QjPkuA2BoX4,faces/id0045/QjPkuA2BoX4/0001625.jpg,voices/id0045/English/QjPkuA2BoX4/00031.wav,faces/id0045/QjPkuA2BoX4
train,id0037,English,yIAkeEn42S8,faces/id0037/yIAkeEn42S8/0002425.jpg,voices/id0037/English/yIAkeEn42S8/00001.wav,faces/id0037/yIAkeEn42S8
train,id0051,English,w_c9WOoaAJ8,faces/id0051/w_c9WOoaAJ8/0000200.jpg,voices/id0051/English/w_c9WOoaAJ8/00013.wav,faces/id0051/w_c9WOoaAJ8
train,id0018,English,fV7clNE9P7k,faces/id0018/fV7clNE9P7k/0002200.jpg,voices/id0018/English/fV7clNE9P7k/00034.wav,faces/id0018/fV7clNE9P7k
train,id0029,English,07mOlveC3kM,faces/id0029/07mOlveC3kM/0000000.jpg,voices/id0029/English/07mOlveC3kM/00000.wav,faces/id0029/07mOlveC3kM
train,id0009,English,ACwVcpt8MFA,faces/id0009/ACwVcpt8MFA/0004675.jpg,voices/id0009/English/ACwVcpt8MFA/00028.wav,faces/id0009/ACwVcpt8MFA
train,id0049,English,Ba427Ry5-Og,faces/id0049/Ba427Ry5-Og/0000225.jpg,voices/id0049/English/Ba427Ry5-Og/00005.wav,faces/id0049/Ba427Ry5-Og
train,id0039,English,vKiGkbyfHPA,faces/id0039/vKiGkbyfHPA/0000025.jpg,voices/id0039/English/vKiGkbyfHPA/00144.wav,faces/id0039/vKiGkbyfHPA
train,id0024,English,27T3pMqtDG8,faces/id0024/27T3pMqtDG8/0003225.jpg,voices/id0024/English/27T3pMqtDG8/00021.wav,faces/id0024/27T3pMqtDG8
train,id0032,English,lqk87yRJeCA,faces/id0032/lqk87yRJeCA/0000850.jpg,voices/id0032/English/lqk87yRJeCA/00005.wav,faces/id0032/lqk87yRJeCA
train,id0069,English,9K0_Ba3uRQ8,faces/id0069/9K0_Ba3uRQ8/0000525.jpg,voices/id0069/English/9K0_Ba3uRQ8/00033.wav,faces/id0069/9K0_Ba3uRQ8
train,id0006,English,caVRuzpMDNE,faces/id0006/caVRuzpMDNE/0000375.jpg,voices/id0006/English/caVRuzpMDNE/00021.wav,faces/id0006/caVRuzpMDNE
train,id0015,English,BupAovo40Uc,faces/id0015/BupAovo40Uc/0000250.jpg,voices/id0015/English/BupAovo40Uc/00008.wav,faces/id0015/BupAovo40Uc
train,id0005,English,aT4fcH93Fxw,faces/id0005/aT4fcH93Fxw/0004250.jpg,voices/id0005/English/aT4fcH93Fxw/00010.wav,faces/id0005/aT4fcH93Fxw
train,id0039,English,qyZ004QI6Iw,faces/id0039/qyZ004QI6Iw/0000025.jpg,voices/id0039/English/qyZ004QI6Iw/00135.wav,faces/id0039/qyZ004QI6Iw
train,id0048,English,dpd_s0t0geM,faces/id0048/dpd_s0t0geM/0002900.jpg,voices/id0048/English/dpd_s0t0geM/00099.wav,faces/id0048/dpd_s0t0geM
train,id0039,English,vKiGkbyfHPA,faces/id0039/vKiGkbyfHPA/0000025.jpg,voices/id0039/English/vKiGkbyfHPA/00044.wav,faces/id0039/vKiGkbyfHPA
train,id0018,English,fV7clNE9P7k,faces/id0018/fV7clNE9P7k/0002200.jpg,voices/id0018/English/fV7clNE9P7k/00012.wav,faces/id0018/fV7clNE9P7k
train,id0001,English,SpfaJtrTMfc,faces/id0001/SpfaJtrTMfc/0002475.jpg,voices/id0001/English/SpfaJtrTMfc/00053.wav,faces/id0001/SpfaJtrTMfc
train,id0048,English,dpd_s0t0geM,faces/id0048/dpd_s0t0geM/0002900.jpg,voices/id0048/English/dpd_s0t0geM/00062.wav,faces/id0048/dpd_s0t0geM
train,id0062,English,4BHTy1yc7II,faces/id0062/4BHTy1yc7II/0000250.jpg,voices/id0062/English/4BHTy1yc7II/00006.wav,faces/id0062/4BHTy1yc7II
train,id0045,English,Erq4Y9TVf4o,faces/id0045/Erq4Y9TVf4o/0001125.jpg,voices/id0045/English/Erq4Y9TVf4o/00003.wav,faces/id0045/Erq4Y9TVf4o
train,id0063,English,adbOGDxEsRk,faces/id0063/adbOGDxEsRk/0000200.jpg,voices/id0063/English/adbOGDxEsRk/00001.wav,faces/id0063/adbOGDxEsRk
train,id0052,English,bxObwwjdMnY,faces/id0052/bxObwwjdMnY/0000025.jpg,voices/id0052/English/bxObwwjdMnY/00012.wav,faces/id0052/bxObwwjdMnY
train,id0060,English,UD-YJDnJ6y0,faces/id0060/UD-YJDnJ6y0/0000175.jpg,voices/id0060/English/UD-YJDnJ6y0/00000.wav,faces/id0060/UD-YJDnJ6y0
train,id0015,English,0R531JwP45k,faces/id0015/0R531JwP45k/0000950.jpg,voices/id0015/English/0R531JwP45k/00035.wav,faces/id0015/0R531JwP45k
train,id0032,English,R94FJ76YAbg,faces/id0032/R94FJ76YAbg/0000250.jpg,voices/id0032/English/R94FJ76YAbg/00000.wav,faces/id0032/R94FJ76YAbg
train,id0052,English,ZMFntWRg8LY,faces/id0052/ZMFntWRg8LY/0002375.jpg,voices/id0052/English/ZMFntWRg8LY/00004.wav,faces/id0052/ZMFntWRg8LY
train,id0042,English,Z7JJExtV0sU,faces/id0042/Z7JJExtV0sU/0008600.jpg,voices/id0042/English/Z7JJExtV0sU/00002.wav,faces/id0042/Z7JJExtV0sU
train,id0042,English,QKZNY_Tfz38,faces/id0042/QKZNY_Tfz38/0000000.jpg,voices/id0042/English/QKZNY_Tfz38/00007.wav,faces/id0042/QKZNY_Tfz38
train,id0054,English,L1lsne6_YtE,faces/id0054/L1lsne6_YtE/0000025.jpg,voices/id0054/English/L1lsne6_YtE/00018.wav,faces/id0054/L1lsne6_YtE
train,id0009,English,CbMvPV-JKew,faces/id0009/CbMvPV-JKew/0001075.jpg,voices/id0009/English/CbMvPV-JKew/00049.wav,faces/id0009/CbMvPV-JKew
train,id0042,English,Hv8V8gQfcug,faces/id0042/Hv8V8gQfcug/0000025.jpg,voices/id0042/English/Hv8V8gQfcug/00006.wav,faces/id0042/Hv8V8gQfcug
train,id0057,English,ibr4dXajSJ8,faces/id0057/ibr4dXajSJ8/0000225.jpg,voices/id0057/English/ibr4dXajSJ8/00011.wav,faces/id0057/ibr4dXajSJ8
train,id0062,English,SK8nrapRgqQ,faces/id0062/SK8nrapRgqQ/0001575.jpg,voices/id0062/English/SK8nrapRgqQ/00006.wav,faces/id0062/SK8nrapRgqQ
train,id0062,English,4BHTy1yc7II,faces/id0062/4BHTy1yc7II/0000250.jpg,voices/id0062/English/4BHTy1yc7II/00007.wav,faces/id0062/4BHTy1yc7II
train,id0015,English,hU5pLzIixjw,faces/id0015/hU5pLzIixjw/0000975.jpg,voices/id0015/English/hU5pLzIixjw/00016.wav,faces/id0015/hU5pLzIixjw
train,id0009,English,gXnUW8OooRk,faces/id0009/gXnUW8OooRk/0000275.jpg,voices/id0009/English/gXnUW8OooRk/00073.wav,faces/id0009/gXnUW8OooRk
train,id0044,English,vYJc6nLFq40,faces/id0044/vYJc6nLFq40/0000625.jpg,voices/id0044/English/vYJc6nLFq40/00016.wav,faces/id0044/vYJc6nLFq40
train,id0001,English,mg8ST-ymYv0,faces/id0001/mg8ST-ymYv0/0030925.jpg,voices/id0001/English/mg8ST-ymYv0/00002.wav,faces/id0001/mg8ST-ymYv0
train,id0067,English,aGdUenA305A,faces/id0067/aGdUenA305A/0000025.jpg,voices/id0067/English/aGdUenA305A/00034.wav,faces/id0067/aGdUenA305A
train,id0011,English,ymgOryA8uUQ,faces/id0011/ymgOryA8uUQ/0000100.jpg,voices/id0011/English/ymgOryA8uUQ/00019.wav,faces/id0011/ymgOryA8uUQ
train,id0006,English,c0qE9UlV38c,faces/id0006/c0qE9UlV38c/0000150.jpg,voices/id0006/English/c0qE9UlV38c/00017.wav,faces/id0006/c0qE9UlV38c
train,id0066,English,6lJjLlJj4OU,faces/id0066/6lJjLlJj4OU/0000300.jpg,voices/id0066/English/6lJjLlJj4OU/00007.wav,faces/id0066/6lJjLlJj4OU
train,id0056,English,70s,faces/id0056/70s/0000200.jpg,voices/id0056/English/70s/00000.wav,faces/id0056/70s
train,id0015,English,hU5pLzIixjw,faces/id0015/hU5pLzIixjw/0000975.jpg,voices/id0015/English/hU5pLzIixjw/00025.wav,faces/id0015/hU5pLzIixjw
train,id0037,English,JQXdD8SMjkI,faces/id0037/JQXdD8SMjkI/0001425.jpg,voices/id0037/English/JQXdD8SMjkI/00018.wav,faces/id0037/JQXdD8SMjkI
train,id0044,English,vYJc6nLFq40,faces/id0044/vYJc6nLFq40/0000625.jpg,voices/id0044/English/vYJc6nLFq40/00038.wav,faces/id0044/vYJc6nLFq40
train,id0010,English,nnQb0PVW9Zc,faces/id0010/nnQb0PVW9Zc/0000175.jpg,voices/id0010/English/nnQb0PVW9Zc/00004.wav,faces/id0010/nnQb0PVW9Zc
train,id0069,English,BNvjmBk5psM,faces/id0069/BNvjmBk5psM/0000400.jpg,voices/id0069/English/BNvjmBk5psM/00016.wav,faces/id0069/BNvjmBk5psM
train,id0001,English,Y16ltGEvXzI,faces/id0001/Y16ltGEvXzI/0001300.jpg,voices/id0001/English/Y16ltGEvXzI/00037.wav,faces/id0001/Y16ltGEvXzI
train,id0069,English,BNvjmBk5psM,faces/id0069/BNvjmBk5psM/0000400.jpg,voices/id0069/English/BNvjmBk5psM/00023.wav,faces/id0069/BNvjmBk5psM
train,id0028,English,9jcHcByYp_s,faces/id0028/9jcHcByYp_s/0000625.jpg,voices/id0028/English/9jcHcByYp_s/00032.wav,faces/id0028/9jcHcByYp_s
train,id0023,English,4JZJ3lvujWQ,faces/id0023/4JZJ3lvujWQ/0000000.jpg,voices/id0023/English/4JZJ3lvujWQ/00000.wav,faces/id0023/4JZJ3lvujWQ
train,id0052,English,bxObwwjdMnY,faces/id0052/bxObwwjdMnY/0000025.jpg,voices/id0052/English/bxObwwjdMnY/00024.wav,faces/id0052/bxObwwjdMnY
train,id0024,English,l_0BFvm_rBc,faces/id0024/l_0BFvm_rBc/0005200.jpg,voices/id0024/English/l_0BFvm_rBc/00008.wav,faces/id0024/l_0BFvm_rBc
train,id0068,English,HqI2vq9xQNc,faces/id0068/HqI2vq9xQNc/0000125.jpg,voices/id0068/English/HqI2vq9xQNc/00008.wav,faces/id0068/HqI2vq9xQNc
train,id0038,English,ePuTjFlzREA,faces/id0038/ePuTjFlzREA/0000075.jpg,voices/id0038/English/ePuTjFlzREA/00011.wav,faces/id0038/ePuTjFlzREA
train,id0025,English,VlFa0S-juA0,faces/id0025/VlFa0S-juA0/0000000.jpg,voices/id0025/English/VlFa0S-juA0/00020.wav,faces/id0025/VlFa0S-juA0
train,id0012,English,k-f3Nnd5n8A,faces/id0012/k-f3Nnd5n8A/0000000.jpg,voices/id0012/English/k-f3Nnd5n8A/00024.wav,faces/id0012/k-f3Nnd5n8A
train,id0051,English,JdwfC6b5xl8,faces/id0051/JdwfC6b5xl8/0000000.jpg,voices/id0051/English/JdwfC6b5xl8/00001.wav,faces/id0051/JdwfC6b5xl8
train,id0009,English,CbMvPV-JKew,faces/id0009/CbMvPV-JKew/0001075.jpg,voices/id0009/English/CbMvPV-JKew/00052.wav,faces/id0009/CbMvPV-JKew
train,id0050,English,4v8-g5ByMh4,faces/id0050/4v8-g5ByMh4/0000025.jpg,voices/id0050/English/4v8-g5ByMh4/00012.wav,faces/id0050/4v8-g5ByMh4
train,id0054,English,McA3qp0Rt6o,faces/id0054/McA3qp0Rt6o/0000425.jpg,voices/id0054/English/McA3qp0Rt6o/00003.wav,faces/id0054/McA3qp0Rt6o
train,id0054,English,0FnebXK4Dp8,faces/id0054/0FnebXK4Dp8/0000025.jpg,voices/id0054/English/0FnebXK4Dp8/00003.wav,faces/id0054/0FnebXK4Dp8
train,id0015,English,0R531JwP45k,faces/id0015/0R531JwP45k/0000950.jpg,voices/id0015/English/0R531JwP45k/00019.wav,faces/id0015/0R531JwP45k
train,id0028,English,REIQ9Vlh0Lk,faces/id0028/REIQ9Vlh0Lk/0000000.jpg,voices/id0028/English/REIQ9Vlh0Lk/00025.wav,faces/id0028/REIQ9Vlh0Lk
train,id0028,English,REIQ9Vlh0Lk,faces/id0028/REIQ9Vlh0Lk/0000000.jpg,voices/id0028/English/REIQ9Vlh0Lk/00020.wav,faces/id0028/REIQ9Vlh0Lk
train,id0045,English,QjPkuA2BoX4,faces/id0045/QjPkuA2BoX4/0001625.jpg,voices/id0045/English/QjPkuA2BoX4/00111.wav,faces/id0045/QjPkuA2BoX4
train,id0025,English,9UKSten91H4,faces/id0025/9UKSten91H4/0000025.jpg,voices/id0025/English/9UKSten91H4/00019.wav,faces/id0025/9UKSten91H4
train,id0045,English,QjPkuA2BoX4,faces/id0045/QjPkuA2BoX4/0001625.jpg,voices/id0045/English/QjPkuA2BoX4/00114.wav,faces/id0045/QjPkuA2BoX4
train,id0067,English,910VR2VJABs,faces/id0067/910VR2VJABs/0000025.jpg,voices/id0067/English/910VR2VJABs/00005.wav,faces/id0067/910VR2VJABs
train,id0039,English,FfXTPqi0BVU,faces/id0039/FfXTPqi0BVU/0001975.jpg,voices/id0039/English/FfXTPqi0BVU/00008.wav,faces/id0039/FfXTPqi0BVU
train,id0033,English,4qW3aevy548,faces/id0033/4qW3aevy548/0001825.jpg,voices/id0033/English/4qW3aevy548/00000.wav,faces/id0033/4qW3aevy548
train,id0069,English,9K0_Ba3uRQ8,faces/id0069/9K0_Ba3uRQ8/0000525.jpg,voices/id0069/English/9K0_Ba3uRQ8/00018.wav,faces/id0069/9K0_Ba3uRQ8
train,id0057,English,oqmfyQUwDsI,faces/id0057/oqmfyQUwDsI/0004375.jpg,voices/id0057/English/oqmfyQUwDsI/00001.wav,faces/id0057/oqmfyQUwDsI
train,id0062,English,SK8nrapRgqQ,faces/id0062/SK8nrapRgqQ/0001575.jpg,voices/id0062/English/SK8nrapRgqQ/00067.wav,faces/id0062/SK8nrapRgqQ
train,id0011,English,CsnMSIZg04A,faces/id0011/CsnMSIZg04A/0000075.jpg,voices/id0011/English/CsnMSIZg04A/00021.wav,faces/id0011/CsnMSIZg04A
train,id0009,English,ODh-79Lk63g,faces/id0009/ODh-79Lk63g/0000325.jpg,voices/id0009/English/ODh-79Lk63g/00007.wav,faces/id0009/ODh-79Lk63g
train,id0039,English,Aq57LMnhilM,faces/id0039/Aq57LMnhilM/0000000.jpg,voices/id0039/English/Aq57LMnhilM/00006.wav,faces/id0039/Aq57LMnhilM
train,id0003,English,COiUHZ_xbO4,faces/id0003/COiUHZ_xbO4/0000600.jpg,voices/id0003/English/COiUHZ_xbO4/00014.wav,faces/id0003/COiUHZ_xbO4
train,id0033,English,4qW3aevy548,faces/id0033/4qW3aevy548/0001825.jpg,voices/id0033/English/4qW3aevy548/00005.wav,faces/id0033/4qW3aevy548
train,id0020,English,eJbUxNrtE70,faces/id0020/eJbUxNrtE70/0001900.jpg,voices/id0020/English/eJbUxNrtE70/00020.wav,faces/id0020/eJbUxNrtE70
train,id0024,English,I6DOmf2GLlQ,faces/id0024/I6DOmf2GLlQ/0001125.jpg,voices/id0024/English/I6DOmf2GLlQ/00002.wav,faces/id0024/I6DOmf2GLlQ
train,id0054,English,0FnebXK4Dp8,faces/id0054/0FnebXK4Dp8/0000025.jpg,voices/id0054/English/0FnebXK4Dp8/00016.wav,faces/id0054/0FnebXK4Dp8
train,id0044,English,vYJc6nLFq40,faces/id0044/vYJc6nLFq40/0000625.jpg,voices/id0044/English/vYJc6nLFq40/00046.wav,faces/id0044/vYJc6nLFq40
train,id0015,English,0R531JwP45k,faces/id0015/0R531JwP45k/0000950.jpg,voices/id0015/English/0R531JwP45k/00031.wav,faces/id0015/0R531JwP45k
train,id0045,English,QjPkuA2BoX4,faces/id0045/QjPkuA2BoX4/0001625.jpg,voices/id0045/English/QjPkuA2BoX4/00078.wav,faces/id0045/QjPkuA2BoX4
train,id0054,English,npX324mAtR0,faces/id0054/npX324mAtR0/0000025.jpg,voices/id0054/English/npX324mAtR0/00016.wav,faces/id0054/npX324mAtR0
train,id0033,English,02L6RPzTSoI,faces/id0033/02L6RPzTSoI/0001475.jpg,voices/id0033/English/02L6RPzTSoI/00048.wav,faces/id0033/02L6RPzTSoI
train,id0041,English,igda3vF6SuI,faces/id0041/igda3vF6SuI/0001950.jpg,voices/id0041/English/igda3vF6SuI/00000.wav,faces/id0041/igda3vF6SuI
train,id0067,English,cricket-world-cup-1225942,faces/id0067/cricket-world-cup-1225942/0000000.jpg,voices/id0067/English/cricket-world-cup-1225942/00001.wav,faces/id0067/cricket-world-cup-1225942
train,id0032,English,lqk87yRJeCA,faces/id0032/lqk87yRJeCA/0000850.jpg,voices/id0032/English/lqk87yRJeCA/00004.wav,faces/id0032/lqk87yRJeCA
train,id0064,English,-IdCGsKL8KE,faces/id0064/-IdCGsKL8KE/0004200.jpg,voices/id0064/English/-IdCGsKL8KE/00001.wav,faces/id0064/-IdCGsKL8KE
train,id0018,English,fV7clNE9P7k,faces/id0018/fV7clNE9P7k/0002200.jpg,voices/id0018/English/fV7clNE9P7k/00038.wav,faces/id0018/fV7clNE9P7k
train,id0025,English,VlFa0S-juA0,faces/id0025/VlFa0S-juA0/0000000.jpg,voices/id0025/English/VlFa0S-juA0/00040.wav,faces/id0025/VlFa0S-juA0
train,id0067,English,aGdUenA305A,faces/id0067/aGdUenA305A/0000025.jpg,voices/id0067/English/aGdUenA305A/00040.wav,faces/id0067/aGdUenA305A
train,id0001,English,SRqhJUGuE-E,faces/id0001/SRqhJUGuE-E/0000100.jpg,voices/id0001/English/SRqhJUGuE-E/00008.wav,faces/id0001/SRqhJUGuE-E
train,id0029,English,52M95d6dSTo,faces/id0029/52M95d6dSTo/0000550.jpg,voices/id0029/English/52M95d6dSTo/00024.wav,faces/id0029/52M95d6dSTo
train,id0001,English,Y16ltGEvXzI,faces/id0001/Y16ltGEvXzI/0001300.jpg,voices/id0001/English/Y16ltGEvXzI/00014.wav,faces/id0001/Y16ltGEvXzI
train,id0015,English,0R531JwP45k,faces/id0015/0R531JwP45k/0000950.jpg,voices/id0015/English/0R531JwP45k/00010.wav,faces/id0015/0R531JwP45k
train,id0028,English,9jcHcByYp_s,faces/id0028/9jcHcByYp_s/0000625.jpg,voices/id0028/English/9jcHcByYp_s/00031.wav,faces/id0028/9jcHcByYp_s
train,id0028,English,9jcHcByYp_s,faces/id0028/9jcHcByYp_s/0000625.jpg,voices/id0028/English/9jcHcByYp_s/00069.wav,faces/id0028/9jcHcByYp_s
train,id0056,English,70s,faces/id0056/70s/0000200.jpg,voices/id0056/English/70s/00004.wav,faces/id0056/70s
train,id0001,English,SpfaJtrTMfc,faces/id0001/SpfaJtrTMfc/0002475.jpg,voices/id0001/English/SpfaJtrTMfc/00029.wav,faces/id0001/SpfaJtrTMfc
train,id0010,English,turCcuNH2jc,faces/id0010/turCcuNH2jc/0011275.jpg,voices/id0010/English/turCcuNH2jc/00006.wav,faces/id0010/turCcuNH2jc
train,id0052,English,oKKSSoDfquA,faces/id0052/oKKSSoDfquA/0000025.jpg,voices/id0052/English/oKKSSoDfquA/00027.wav,faces/id0052/oKKSSoDfquA
train,id0043,English,6hf-RQmsLTg,faces/id0043/6hf-RQmsLTg/0002050.jpg,voices/id0043/English/6hf-RQmsLTg/00001.wav,faces/id0043/6hf-RQmsLTg
train,id0041,English,igda3vF6SuI,faces/id0041/igda3vF6SuI/0001950.jpg,voices/id0041/English/igda3vF6SuI/00067.wav,faces/id0041/igda3vF6SuI
train,id0055,English,8fShKg7xrtI,faces/id0055/8fShKg7xrtI/0000450.jpg,voices/id0055/English/8fShKg7xrtI/00003.wav,faces/id0055/8fShKg7xrtI
train,id0013,English,hlzQirEpr-0,faces/id0013/hlzQirEpr-0/0000000.jpg,voices/id0013/English/hlzQirEpr-0/00003.wav,faces/id0013/hlzQirEpr-0
train,id0015,English,0R531JwP45k,faces/id0015/0R531JwP45k/0000950.jpg,voices/id0015/English/0R531JwP45k/00046.wav,faces/id0015/0R531JwP45k
train,id0015,English,0R531JwP45k,faces/id0015/0R531JwP45k/0000950.jpg,voices/id0015/English/0R531JwP45k/00033.wav,faces/id0015/0R531JwP45k
train,id0003,English,s4eWJQjHB0I,faces/id0003/s4eWJQjHB0I/0001275.jpg,voices/id0003/English/s4eWJQjHB0I/00002.wav,faces/id0003/s4eWJQjHB0I
train,id0022,English,PoMGgCakSb0,faces/id0022/PoMGgCakSb0/0000000.jpg,voices/id0022/English/PoMGgCakSb0/00019.wav,faces/id0022/PoMGgCakSb0
train,id0052,English,oKKSSoDfquA,faces/id0052/oKKSSoDfquA/0000025.jpg,voices/id0052/English/oKKSSoDfquA/00073.wav,faces/id0052/oKKSSoDfquA
train,id0052,English,oKKSSoDfquA,faces/id0052/oKKSSoDfquA/0000025.jpg,voices/id0052/English/oKKSSoDfquA/00057.wav,faces/id0052/oKKSSoDfquA
train,id0054,English,npX324mAtR0,faces/id0054/npX324mAtR0/0000025.jpg,voices/id0054/English/npX324mAtR0/00025.wav,faces/id0054/npX324mAtR0
train,id0062,English,SK8nrapRgqQ,faces/id0062/SK8nrapRgqQ/0001575.jpg,voices/id0062/English/SK8nrapRgqQ/00051.wav,faces/id0062/SK8nrapRgqQ
train,id0022,English,cIaJasZFQ94,faces/id0022/cIaJasZFQ94/0002650.jpg,voices/id0022/English/cIaJasZFQ94/00014.wav,faces/id0022/cIaJasZFQ94
train,id0001,English,sBBhXKlC4dA,faces/id0001/sBBhXKlC4dA/0000075.jpg,voices/id0001/English/sBBhXKlC4dA/00014.wav,faces/id0001/sBBhXKlC4dA
train,id0022,English,PoMGgCakSb0,faces/id0022/PoMGgCakSb0/0000000.jpg,voices/id0022/English/PoMGgCakSb0/00002.wav,faces/id0022/PoMGgCakSb0
train,id0059,English,Nqcoz0iuxEk,faces/id0059/Nqcoz0iuxEk/0002250.jpg,voices/id0059/English/Nqcoz0iuxEk/00054.wav,faces/id0059/Nqcoz0iuxEk
train,id0009,English,CbMvPV-JKew,faces/id0009/CbMvPV-JKew/0001075.jpg,voices/id0009/English/CbMvPV-JKew/00035.wav,faces/id0009/CbMvPV-JKew
train,id0001,English,Y16ltGEvXzI,faces/id0001/Y16ltGEvXzI/0001300.jpg,voices/id0001/English/Y16ltGEvXzI/00045.wav,faces/id0001/Y16ltGEvXzI
train,id0001,English,wiIZUuya6tM,faces/id0001/wiIZUuya6tM/0000800.jpg,voices/id0001/English/wiIZUuya6tM/00003.wav,faces/id0001/wiIZUuya6tM
train,id0052,English,oKKSSoDfquA,faces/id0052/oKKSSoDfquA/0000025.jpg,voices/id0052/English/oKKSSoDfquA/00026.wav,faces/id0052/oKKSSoDfquA
train,id0041,English,7m4O_-EO16E,faces/id0041/7m4O_-EO16E/0000050.jpg,voices/id0041/English/7m4O_-EO16E/00008.wav,faces/id0041/7m4O_-EO16E
train,id0039,English,qyZ004QI6Iw,faces/id0039/qyZ004QI6Iw/0000025.jpg,voices/id0039/English/qyZ004QI6Iw/00042.wav,faces/id0039/qyZ004QI6Iw
train,id0041,English,igda3vF6SuI,faces/id0041/igda3vF6SuI/0001950.jpg,voices/id0041/English/igda3vF6SuI/00042.wav,faces/id0041/igda3vF6SuI
train,id0024,English,27T3pMqtDG8,faces/id0024/27T3pMqtDG8/0003225.jpg,voices/id0024/English/27T3pMqtDG8/00032.wav,faces/id0024/27T3pMqtDG8
train,id0067,English,aGdUenA305A,faces/id0067/aGdUenA305A/0000025.jpg,voices/id0067/English/aGdUenA305A/00083.wav,faces/id0067/aGdUenA305A
train,id0015,English,0R531JwP45k,faces/id0015/0R531JwP45k/0000950.jpg,voices/id0015/English/0R531JwP45k/00045.wav,faces/id0015/0R531JwP45k
train,id0025,English,9UKSten91H4,faces/id0025/9UKSten91H4/0000025.jpg,voices/id0025/English/9UKSten91H4/00016.wav,faces/id0025/9UKSten91H4
train,id0003,English,O_wAm_ewgz4,faces/id0003/O_wAm_ewgz4/0000350.jpg,voices/id0003/English/O_wAm_ewgz4/00002.wav,faces/id0003/O_wAm_ewgz4
train,id0059,English,fLmv5exbzmg,faces/id0059/fLmv5exbzmg/0001000.jpg,voices/id0059/English/fLmv5exbzmg/00006.wav,faces/id0059/fLmv5exbzmg
train,id0009,English,8sIenm04dHg,faces/id0009/8sIenm04dHg/0000550.jpg,voices/id0009/English/8sIenm04dHg/00003.wav,faces/id0009/8sIenm04dHg
train,id0039,English,vKiGkbyfHPA,faces/id0039/vKiGkbyfHPA/0000025.jpg,voices/id0039/English/vKiGkbyfHPA/00076.wav,faces/id0039/vKiGkbyfHPA
train,id0029,English,6Afm15o4tqw,faces/id0029/6Afm15o4tqw/0000325.jpg,voices/id0029/English/6Afm15o4tqw/00014.wav,faces/id0029/6Afm15o4tqw
train,id0039,English,Aq57LMnhilM,faces/id0039/Aq57LMnhilM/0000000.jpg,voices/id0039/English/Aq57LMnhilM/00008.wav,faces/id0039/Aq57LMnhilM
train,id0006,English,caVRuzpMDNE,faces/id0006/caVRuzpMDNE/0000375.jpg,voices/id0006/English/caVRuzpMDNE/00024.wav,faces/id0006/caVRuzpMDNE
train,id0062,English,SK8nrapRgqQ,faces/id0062/SK8nrapRgqQ/0001575.jpg,voices/id0062/English/SK8nrapRgqQ/00009.wav,faces/id0062/SK8nrapRgqQ
train,id0025,English,VlFa0S-juA0,faces/id0025/VlFa0S-juA0/0000000.jpg,voices/id0025/English/VlFa0S-juA0/00042.wav,faces/id0025/VlFa0S-juA0
train,id0052,English,ZMFntWRg8LY,faces/id0052/ZMFntWRg8LY/0002375.jpg,voices/id0052/English/ZMFntWRg8LY/00003.wav,faces/id0052/ZMFntWRg8LY
train,id0052,English,bxObwwjdMnY,faces/id0052/bxObwwjdMnY/0000025.jpg,voices/id0052/English/bxObwwjdMnY/00035.wav,faces/id0052/bxObwwjdMnY
train,id0028,English,tD2IDd4aDVg,faces/id0028/tD2IDd4aDVg/0000075.jpg,voices/id0028/English/tD2IDd4aDVg/00001.wav,faces/id0028/tD2IDd4aDVg
train,id0010,English,YA3TA8K8CPM,faces/id0010/YA3TA8K8CPM/0000200.jpg,voices/id0010/English/YA3TA8K8CPM/00009.wav,faces/id0010/YA3TA8K8CPM
train,id0018,English,KQrdbivDg9E,faces/id0018/KQrdbivDg9E/0000000.jpg,voices/id0018/English/KQrdbivDg9E/00022.wav,faces/id0018/KQrdbivDg9E
train,id0011,English,CsnMSIZg04A,faces/id0011/CsnMSIZg04A/0000075.jpg,voices/id0011/English/CsnMSIZg04A/00007.wav,faces/id0011/CsnMSIZg04A
train,id0039,English,qyZ004QI6Iw,faces/id0039/qyZ004QI6Iw/0000025.jpg,voices/id0039/English/qyZ004QI6Iw/00008.wav,faces/id0039/qyZ004QI6Iw
train,id0001,English,Y16ltGEvXzI,faces/id0001/Y16ltGEvXzI/0001300.jpg,voices/id0001/English/Y16ltGEvXzI/00008.wav,faces/id0001/Y16ltGEvXzI
train,id0048,English,dpd_s0t0geM,faces/id0048/dpd_s0t0geM/0002900.jpg,voices/id0048/English/dpd_s0t0geM/00041.wav,faces/id0048/dpd_s0t0geM
train,id0052,English,bxObwwjdMnY,faces/id0052/bxObwwjdMnY/0000025.jpg,voices/id0052/English/bxObwwjdMnY/00014.wav,faces/id0052/bxObwwjdMnY
train,id0024,English,27T3pMqtDG8,faces/id0024/27T3pMqtDG8/0003225.jpg,voices/id0024/English/27T3pMqtDG8/00018.wav,faces/id0024/27T3pMqtDG8
train,id0056,English,1_a3Y6LGpAA,faces/id0056/1_a3Y6LGpAA/0000825.jpg,voices/id0056/English/1_a3Y6LGpAA/00018.wav,faces/id0056/1_a3Y6LGpAA
train,id0052,English,m_2TipjC5pw,faces/id0052/m_2TipjC5pw/0000025.jpg,voices/id0052/English/m_2TipjC5pw/00031.wav,faces/id0052/m_2TipjC5pw
train,id0054,English,npX324mAtR0,faces/id0054/npX324mAtR0/0000025.jpg,voices/id0054/English/npX324mAtR0/00002.wav,faces/id0054/npX324mAtR0
train,id0028,English,SxPxjK1j_CY,faces/id0028/SxPxjK1j_CY/0000325.jpg,voices/id0028/English/SxPxjK1j_CY/00032.wav,faces/id0028/SxPxjK1j_CY
train,id0056,English,1_a3Y6LGpAA,faces/id0056/1_a3Y6LGpAA/0000825.jpg,voices/id0056/English/1_a3Y6LGpAA/00029.wav,faces/id0056/1_a3Y6LGpAA
train,id0001,English,wiIZUuya6tM,faces/id0001/wiIZUuya6tM/0000800.jpg,voices/id0001/English/wiIZUuya6tM/00014.wav,faces/id0001/wiIZUuya6tM
train,id0015,English,BupAovo40Uc,faces/id0015/BupAovo40Uc/0000250.jpg,voices/id0015/English/BupAovo40Uc/00006.wav,faces/id0015/BupAovo40Uc
train,id0033,English,tN2pW8F-ANo,faces/id0033/tN2pW8F-ANo/0000000.jpg,voices/id0033/English/tN2pW8F-ANo/00005.wav,faces/id0033/tN2pW8F-ANo
train,id0033,English,02L6RPzTSoI,faces/id0033/02L6RPzTSoI/0001475.jpg,voices/id0033/English/02L6RPzTSoI/00039.wav,faces/id0033/02L6RPzTSoI
train,id0017,English,iNzFuVDC0vE,faces/id0017/iNzFuVDC0vE/0001325.jpg,voices/id0017/English/iNzFuVDC0vE/00059.wav,faces/id0017/iNzFuVDC0vE
train,id0056,English,70s,faces/id0056/70s/0000200.jpg,voices/id0056/English/70s/00014.wav,faces/id0056/70s
train,id0038,English,ePuTjFlzREA,faces/id0038/ePuTjFlzREA/0000075.jpg,voices/id0038/English/ePuTjFlzREA/00008.wav,faces/id0038/ePuTjFlzREA
train,id0032,English,J6tj_dnS-20,faces/id0032/J6tj_dnS-20/0000675.jpg,voices/id0032/English/J6tj_dnS-20/00003.wav,faces/id0032/J6tj_dnS-20
train,id0003,English,s4eWJQjHB0I,faces/id0003/s4eWJQjHB0I/0001275.jpg,voices/id0003/English/s4eWJQjHB0I/00012.wav,faces/id0003/s4eWJQjHB0I
train,id0005,English,aT4fcH93Fxw,faces/id0005/aT4fcH93Fxw/0004250.jpg,voices/id0005/English/aT4fcH93Fxw/00014.wav,faces/id0005/aT4fcH93Fxw
train,id0052,English,bxObwwjdMnY,faces/id0052/bxObwwjdMnY/0000025.jpg,voices/id0052/English/bxObwwjdMnY/00022.wav,faces/id0052/bxObwwjdMnY
train,id0009,English,gXnUW8OooRk,faces/id0009/gXnUW8OooRk/0000275.jpg,voices/id0009/English/gXnUW8OooRk/00004.wav,faces/id0009/gXnUW8OooRk
train,id0019,English,u2eClpoLbb4,faces/id0019/u2eClpoLbb4/0002750.jpg,voices/id0019/English/u2eClpoLbb4/00019.wav,faces/id0019/u2eClpoLbb4
train,id0048,English,dpd_s0t0geM,faces/id0048/dpd_s0t0geM/0002900.jpg,voices/id0048/English/dpd_s0t0geM/00016.wav,faces/id0048/dpd_s0t0geM
train,id0054,English,L1lsne6_YtE,faces/id0054/L1lsne6_YtE/0000025.jpg,voices/id0054/English/L1lsne6_YtE/00046.wav,faces/id0054/L1lsne6_YtE
train,id0052,English,uX3Q8CzGyVk,faces/id0052/uX3Q8CzGyVk/0000025.jpg,voices/id0052/English/uX3Q8CzGyVk/00042.wav,faces/id0052/uX3Q8CzGyVk
train,id0052,English,oKKSSoDfquA,faces/id0052/oKKSSoDfquA/0000025.jpg,voices/id0052/English/oKKSSoDfquA/00022.wav,faces/id0052/oKKSSoDfquA
train,id0066,English,foG89Q_YrTY,faces/id0066/foG89Q_YrTY/0000000.jpg,voices/id0066/English/foG89Q_YrTY/00005.wav,faces/id0066/foG89Q_YrTY
train,id0040,English,hJHGUoPB3Ws,faces/id0040/hJHGUoPB3Ws/0000075.jpg,voices/id0040/English/hJHGUoPB3Ws/00008.wav,faces/id0040/hJHGUoPB3Ws
train,id0006,English,3YdCvOC-kI0,faces/id0006/3YdCvOC-kI0/0002650.jpg,voices/id0006/English/3YdCvOC-kI0/00002.wav,faces/id0006/3YdCvOC-kI0
train,id0001,English,Y16ltGEvXzI,faces/id0001/Y16ltGEvXzI/0001300.jpg,voices/id0001/English/Y16ltGEvXzI/00005.wav,faces/id0001/Y16ltGEvXzI
train,id0013,English,O4f7_5Mv_5c,faces/id0013/O4f7_5Mv_5c/0000400.jpg,voices/id0013/English/O4f7_5Mv_5c/00010.wav,faces/id0013/O4f7_5Mv_5c
train,id0045,English,QjPkuA2BoX4,faces/id0045/QjPkuA2BoX4/0001625.jpg,voices/id0045/English/QjPkuA2BoX4/00062.wav,faces/id0045/QjPkuA2BoX4
train,id0032,English,J6tj_dnS-20,faces/id0032/J6tj_dnS-20/0000675.jpg,voices/id0032/English/J6tj_dnS-20/00005.wav,faces/id0032/J6tj_dnS-20
train,id0048,English,dpd_s0t0geM,faces/id0048/dpd_s0t0geM/0002900.jpg,voices/id0048/English/dpd_s0t0geM/00101.wav,faces/id0048/dpd_s0t0geM
train,id0009,English,Vx6_0RMT3jw,faces/id0009/Vx6_0RMT3jw/0000600.jpg,voices/id0009/English/Vx6_0RMT3jw/00004.wav,faces/id0009/Vx6_0RMT3jw
train,id0006,English,3YdCvOC-kI0,faces/id0006/3YdCvOC-kI0/0002650.jpg,voices/id0006/English/3YdCvOC-kI0/00005.wav,faces/id0006/3YdCvOC-kI0
train,id0062,English,4BHTy1yc7II,faces/id0062/4BHTy1yc7II/0000250.jpg,voices/id0062/English/4BHTy1yc7II/00016.wav,faces/id0062/4BHTy1yc7II
train,id0009,English,8sIenm04dHg,faces/id0009/8sIenm04dHg/0000550.jpg,voices/id0009/English/8sIenm04dHg/00002.wav,faces/id0009/8sIenm04dHg
train,id0016,English,_ZWgPMT33as,faces/id0016/_ZWgPMT33as/0000000.jpg,voices/id0016/English/_ZWgPMT33as/00035.wav,faces/id0016/_ZWgPMT33as
train,id0058,English,aV8i5s5971E,faces/id0058/aV8i5s5971E/0000425.jpg,voices/id0058/English/aV8i5s5971E/00002.wav,faces/id0058/aV8i5s5971E
train,id0025,English,VlFa0S-juA0,faces/id0025/VlFa0S-juA0/0000000.jpg,voices/id0025/English/VlFa0S-juA0/00052.wav,faces/id0025/VlFa0S-juA0
train,id0037,English,JQXdD8SMjkI,faces/id0037/JQXdD8SMjkI/0001425.jpg,voices/id0037/English/JQXdD8SMjkI/00006.wav,faces/id0037/JQXdD8SMjkI
train,id0039,English,Aq57LMnhilM,faces/id0039/Aq57LMnhilM/0000000.jpg,voices/id0039/English/Aq57LMnhilM/00024.wav,faces/id0039/Aq57LMnhilM
train,id0025,English,9UKSten91H4,faces/id0025/9UKSten91H4/0000025.jpg,voices/id0025/English/9UKSten91H4/00007.wav,faces/id0025/9UKSten91H4
train,id0016,English,8JDCjoGMly8,faces/id0016/8JDCjoGMly8/0001350.jpg,voices/id0016/English/8JDCjoGMly8/00017.wav,faces/id0016/8JDCjoGMly8
train,id0016,English,8JDCjoGMly8,faces/id0016/8JDCjoGMly8/0001350.jpg,voices/id0016/English/8JDCjoGMly8/00032.wav,faces/id0016/8JDCjoGMly8
train,id0033,English,02L6RPzTSoI,faces/id0033/02L6RPzTSoI/0001475.jpg,voices/id0033/English/02L6RPzTSoI/00002.wav,faces/id0033/02L6RPzTSoI
train,id0052,English,oKKSSoDfquA,faces/id0052/oKKSSoDfquA/0000025.jpg,voices/id0052/English/oKKSSoDfquA/00002.wav,faces/id0052/oKKSSoDfquA
train,id0059,English,qt_kFlB1m4I,faces/id0059/qt_kFlB1m4I/0003775.jpg,voices/id0059/English/qt_kFlB1m4I/00002.wav,faces/id0059/qt_kFlB1m4I
train,id0052,English,uX3Q8CzGyVk,faces/id0052/uX3Q8CzGyVk/0000025.jpg,voices/id0052/English/uX3Q8CzGyVk/00026.wav,faces/id0052/uX3Q8CzGyVk
train,id0012,English,k-f3Nnd5n8A,faces/id0012/k-f3Nnd5n8A/0000000.jpg,voices/id0012/English/k-f3Nnd5n8A/00038.wav,faces/id0012/k-f3Nnd5n8A
train,id0067,English,aGdUenA305A,faces/id0067/aGdUenA305A/0000025.jpg,voices/id0067/English/aGdUenA305A/00066.wav,faces/id0067/aGdUenA305A
train,id0023,English,ekT7a8A-JDk,faces/id0023/ekT7a8A-JDk/0000000.jpg,voices/id0023/English/ekT7a8A-JDk/00013.wav,faces/id0023/ekT7a8A-JDk
train,id0010,English,nnQb0PVW9Zc,faces/id0010/nnQb0PVW9Zc/0000175.jpg,voices/id0010/English/nnQb0PVW9Zc/00012.wav,faces/id0010/nnQb0PVW9Zc
train,id0006,English,FhVHqeWKXvM,faces/id0006/FhVHqeWKXvM/0000325.jpg,voices/id0006/English/FhVHqeWKXvM/00008.wav,faces/id0006/FhVHqeWKXvM
train,id0068,English,HqI2vq9xQNc,faces/id0068/HqI2vq9xQNc/0000125.jpg,voices/id0068/English/HqI2vq9xQNc/00000.wav,faces/id0068/HqI2vq9xQNc
train,id0025,English,JBGHwJ7o_I8,faces/id0025/JBGHwJ7o_I8/0000375.jpg,voices/id0025/English/JBGHwJ7o_I8/00006.wav,faces/id0025/JBGHwJ7o_I8
train,id0009,English,gXnUW8OooRk,faces/id0009/gXnUW8OooRk/0000275.jpg,voices/id0009/English/gXnUW8OooRk/00037.wav,faces/id0009/gXnUW8OooRk
train,id0050,English,68s,faces/id0050/68s/0000025.jpg,voices/id0050/English/68s/00005.wav,faces/id0050/68s
train,id0005,English,YETolXZneZA,faces/id0005/YETolXZneZA/0000000.jpg,voices/id0005/English/YETolXZneZA/00016.wav,faces/id0005/YETolXZneZA
train,id0037,English,RvS7RB4PYqg,faces/id0037/RvS7RB4PYqg/0000000.jpg,voices/id0037/English/RvS7RB4PYqg/00011.wav,faces/id0037/RvS7RB4PYqg
train,id0028,English,dxqN3FoMml8,faces/id0028/dxqN3FoMml8/0002125.jpg,voices/id0028/English/dxqN3FoMml8/00035.wav,faces/id0028/dxqN3FoMml8
train,id0025,English,VlFa0S-juA0,faces/id0025/VlFa0S-juA0/0000000.jpg,voices/id0025/English/VlFa0S-juA0/00069.wav,faces/id0025/VlFa0S-juA0
train,id0006,English,c0qE9UlV38c,faces/id0006/c0qE9UlV38c/0000150.jpg,voices/id0006/English/c0qE9UlV38c/00013.wav,faces/id0006/c0qE9UlV38c
train,id0032,English,lqk87yRJeCA,faces/id0032/lqk87yRJeCA/0000850.jpg,voices/id0032/English/lqk87yRJeCA/00002.wav,faces/id0032/lqk87yRJeCA
train,id0039,English,qyZ004QI6Iw,faces/id0039/qyZ004QI6Iw/0000025.jpg,voices/id0039/English/qyZ004QI6Iw/00031.wav,faces/id0039/qyZ004QI6Iw
train,id0039,English,qyZ004QI6Iw,faces/id0039/qyZ004QI6Iw/0000025.jpg,voices/id0039/English/qyZ004QI6Iw/00072.wav,faces/id0039/qyZ004QI6Iw
train,id0024,English,27T3pMqtDG8,faces/id0024/27T3pMqtDG8/0003225.jpg,voices/id0024/English/27T3pMqtDG8/00001.wav,faces/id0024/27T3pMqtDG8
train,id0061,English,iv5Yiyr-rqU,faces/id0061/iv5Yiyr-rqU/0000150.jpg,voices/id0061/English/iv5Yiyr-rqU/00004.wav,faces/id0061/iv5Yiyr-rqU
train,id0052,English,bxObwwjdMnY,faces/id0052/bxObwwjdMnY/0000025.jpg,voices/id0052/English/bxObwwjdMnY/00020.wav,faces/id0052/bxObwwjdMnY
train,id0011,English,zH9gdUqT7Hs,faces/id0011/zH9gdUqT7Hs/0000000.jpg,voices/id0011/English/zH9gdUqT7Hs/00002.wav,faces/id0011/zH9gdUqT7Hs
train,id0070,English,Xu4MTv5wgys,faces/id0070/Xu4MTv5wgys/0000025.jpg,voices/id0070/English/Xu4MTv5wgys/00012.wav,faces/id0070/Xu4MTv5wgys
train,id0017,English,whnDqsIJoqI,faces/id0017/whnDqsIJoqI/0000250.jpg,voices/id0017/English/whnDqsIJoqI/00002.wav,faces/id0017/whnDqsIJoqI
train,id0025,English,aBJDnyNhWPQ,faces/id0025/aBJDnyNhWPQ/0000650.jpg,voices/id0025/English/aBJDnyNhWPQ/00002.wav,faces/id0025/aBJDnyNhWPQ
train,id0048,English,dpd_s0t0geM,faces/id0048/dpd_s0t0geM/0002900.jpg,voices/id0048/English/dpd_s0t0geM/00015.wav,faces/id0048/dpd_s0t0geM
train,id0052,English,Bk-cX342Faw,faces/id0052/Bk-cX342Faw/0000025.jpg,voices/id0052/English/Bk-cX342Faw/00013.wav,faces/id0052/Bk-cX342Faw
train,id0068,English,wtd-fRHS4UU,faces/id0068/wtd-fRHS4UU/0000000.jpg,voices/id0068/English/wtd-fRHS4UU/00002.wav,faces/id0068/wtd-fRHS4UU
train,id0028,English,dxqN3FoMml8,faces/id0028/dxqN3FoMml8/0002125.jpg,voices/id0028/English/dxqN3FoMml8/00013.wav,faces/id0028/dxqN3FoMml8
train,id0017,English,iNzFuVDC0vE,faces/id0017/iNzFuVDC0vE/0001325.jpg,voices/id0017/English/iNzFuVDC0vE/00025.wav,faces/id0017/iNzFuVDC0vE
train,id0042,English,x0gAxC1o58E,faces/id0042/x0gAxC1o58E/0000375.jpg,voices/id0042/English/x0gAxC1o58E/00000.wav,faces/id0042/x0gAxC1o58E
train,id0006,English,caVRuzpMDNE,faces/id0006/caVRuzpMDNE/0000375.jpg,voices/id0006/English/caVRuzpMDNE/00038.wav,faces/id0006/caVRuzpMDNE
train,id0033,English,02L6RPzTSoI,faces/id0033/02L6RPzTSoI/0001475.jpg,voices/id0033/English/02L6RPzTSoI/00003.wav,faces/id0033/02L6RPzTSoI
train,id0019,English,Grir2BQ14pY,faces/id0019/Grir2BQ14pY/0000850.jpg,voices/id0019/English/Grir2BQ14pY/00009.wav,faces/id0019/Grir2BQ14pY
train,id0003,English,COiUHZ_xbO4,faces/id0003/COiUHZ_xbO4/0000600.jpg,voices/id0003/English/COiUHZ_xbO4/00019.wav,faces/id0003/COiUHZ_xbO4
train,id0060,English,QHdn7Zte9MU,faces/id0060/QHdn7Zte9MU/0000225.jpg,voices/id0060/English/QHdn7Zte9MU/00023.wav,faces/id0060/QHdn7Zte9MU
train,id0054,English,GWFx6kTr5Kg,faces/id0054/GWFx6kTr5Kg/0000000.jpg,voices/id0054/English/GWFx6kTr5Kg/00000.wav,faces/id0054/GWFx6kTr5Kg
train,id0039,English,vKiGkbyfHPA,faces/id0039/vKiGkbyfHPA/0000025.jpg,voices/id0039/English/vKiGkbyfHPA/00043.wav,faces/id0039/vKiGkbyfHPA
train,id0033,English,02L6RPzTSoI,faces/id0033/02L6RPzTSoI/0001475.jpg,voices/id0033/English/02L6RPzTSoI/00024.wav,faces/id0033/02L6RPzTSoI
train,id0052,English,bxObwwjdMnY,faces/id0052/bxObwwjdMnY/0000025.jpg,voices/id0052/English/bxObwwjdMnY/00010.wav,faces/id0052/bxObwwjdMnY
train,id0041,English,Upt0nCuiOo8,faces/id0041/Upt0nCuiOo8/0000125.jpg,voices/id0041/English/Upt0nCuiOo8/00018.wav,faces/id0041/Upt0nCuiOo8
train,id0054,English,L1lsne6_YtE,faces/id0054/L1lsne6_YtE/0000025.jpg,voices/id0054/English/L1lsne6_YtE/00005.wav,faces/id0054/L1lsne6_YtE
train,id0062,English,SK8nrapRgqQ,faces/id0062/SK8nrapRgqQ/0001575.jpg,voices/id0062/English/SK8nrapRgqQ/00016.wav,faces/id0062/SK8nrapRgqQ
train,id0018,English,fV7clNE9P7k,faces/id0018/fV7clNE9P7k/0002200.jpg,voices/id0018/English/fV7clNE9P7k/00005.wav,faces/id0018/fV7clNE9P7k
train,id0054,English,F7C87RNgnK4,faces/id0054/F7C87RNgnK4/0000150.jpg,voices/id0054/English/F7C87RNgnK4/00002.wav,faces/id0054/F7C87RNgnK4
train,id0067,English,aGdUenA305A,faces/id0067/aGdUenA305A/0000025.jpg,voices/id0067/English/aGdUenA305A/00000.wav,faces/id0067/aGdUenA305A
train,id0044,English,vYJc6nLFq40,faces/id0044/vYJc6nLFq40/0000625.jpg,voices/id0044/English/vYJc6nLFq40/00014.wav,faces/id0044/vYJc6nLFq40
train,id0012,English,p4TqgGpwPuo,faces/id0012/p4TqgGpwPuo/0003100.jpg,voices/id0012/English/p4TqgGpwPuo/00001.wav,faces/id0012/p4TqgGpwPuo
train,id0052,English,m_2TipjC5pw,faces/id0052/m_2TipjC5pw/0000025.jpg,voices/id0052/English/m_2TipjC5pw/00019.wav,faces/id0052/m_2TipjC5pw
train,id0024,English,1yPfpl6daG0,faces/id0024/1yPfpl6daG0/0005250.jpg,voices/id0024/English/1yPfpl6daG0/00005.wav,faces/id0024/1yPfpl6daG0
train,id0022,English,vHzoWDUboWA,faces/id0022/vHzoWDUboWA/0000900.jpg,voices/id0022/English/vHzoWDUboWA/00025.wav,faces/id0022/vHzoWDUboWA
train,id0051,English,JdwfC6b5xl8,faces/id0051/JdwfC6b5xl8/0000000.jpg,voices/id0051/English/JdwfC6b5xl8/00002.wav,faces/id0051/JdwfC6b5xl8
train,id0006,English,FhVHqeWKXvM,faces/id0006/FhVHqeWKXvM/0000325.jpg,voices/id0006/English/FhVHqeWKXvM/00003.wav,faces/id0006/FhVHqeWKXvM
train,id0028,English,REIQ9Vlh0Lk,faces/id0028/REIQ9Vlh0Lk/0000000.jpg,voices/id0028/English/REIQ9Vlh0Lk/00001.wav,faces/id0028/REIQ9Vlh0Lk
train,id0011,English,de7oVYjfT3Y,faces/id0011/de7oVYjfT3Y/0000050.jpg,voices/id0011/English/de7oVYjfT3Y/00033.wav,faces/id0011/de7oVYjfT3Y
train,id0023,English,ekT7a8A-JDk,faces/id0023/ekT7a8A-JDk/0000000.jpg,voices/id0023/English/ekT7a8A-JDk/00007.wav,faces/id0023/ekT7a8A-JDk
train,id0039,English,vKiGkbyfHPA,faces/id0039/vKiGkbyfHPA/0000025.jpg,voices/id0039/English/vKiGkbyfHPA/00041.wav,faces/id0039/vKiGkbyfHPA
train,id0012,English,k-f3Nnd5n8A,faces/id0012/k-f3Nnd5n8A/0000000.jpg,voices/id0012/English/k-f3Nnd5n8A/00028.wav,faces/id0012/k-f3Nnd5n8A
train,id0006,English,c0qE9UlV38c,faces/id0006/c0qE9UlV38c/0000150.jpg,voices/id0006/English/c0qE9UlV38c/00005.wav,faces/id0006/c0qE9UlV38c
train,id0040,English,hJHGUoPB3Ws,faces/id0040/hJHGUoPB3Ws/0000075.jpg,voices/id0040/English/hJHGUoPB3Ws/00011.wav,faces/id0040/hJHGUoPB3Ws
train,id0038,English,ePuTjFlzREA,faces/id0038/ePuTjFlzREA/0000075.jpg,voices/id0038/English/ePuTjFlzREA/00007.wav,faces/id0038/ePuTjFlzREA
train,id0016,English,8JDCjoGMly8,faces/id0016/8JDCjoGMly8/0001350.jpg,voices/id0016/English/8JDCjoGMly8/00008.wav,faces/id0016/8JDCjoGMly8
train,id0011,English,CsnMSIZg04A,faces/id0011/CsnMSIZg04A/0000075.jpg,voices/id0011/English/CsnMSIZg04A/00016.wav,faces/id0011/CsnMSIZg04A
train,id0001,English,Y16ltGEvXzI,faces/id0001/Y16ltGEvXzI/0001300.jpg,voices/id0001/English/Y16ltGEvXzI/00085.wav,faces/id0001/Y16ltGEvXzI
train,id0006,English,caVRuzpMDNE,faces/id0006/caVRuzpMDNE/0000375.jpg,voices/id0006/English/caVRuzpMDNE/00008.wav,faces/id0006/caVRuzpMDNE
train,id0003,English,bV2qGq9jc9Y,faces/id0003/bV2qGq9jc9Y/0001275.jpg,voices/id0003/English/bV2qGq9jc9Y/00001.wav,faces/id0003/bV2qGq9jc9Y
train,id0033,English,02L6RPzTSoI,faces/id0033/02L6RPzTSoI/0001475.jpg,voices/id0033/English/02L6RPzTSoI/00043.wav,faces/id0033/02L6RPzTSoI
train,id0009,English,ACwVcpt8MFA,faces/id0009/ACwVcpt8MFA/0004675.jpg,voices/id0009/English/ACwVcpt8MFA/00018.wav,faces/id0009/ACwVcpt8MFA
train,id0022,English,vHzoWDUboWA,faces/id0022/vHzoWDUboWA/0000900.jpg,voices/id0022/English/vHzoWDUboWA/00012.wav,faces/id0022/vHzoWDUboWA
train,id0045,English,Erq4Y9TVf4o,faces/id0045/Erq4Y9TVf4o/0001125.jpg,voices/id0045/English/Erq4Y9TVf4o/00017.wav,faces/id0045/Erq4Y9TVf4o
train,id0016,English,_ZWgPMT33as,faces/id0016/_ZWgPMT33as/0000000.jpg,voices/id0016/English/_ZWgPMT33as/00023.wav,faces/id0016/_ZWgPMT33as
train,id0009,English,Vx6_0RMT3jw,faces/id0009/Vx6_0RMT3jw/0000600.jpg,voices/id0009/English/Vx6_0RMT3jw/00003.wav,faces/id0009/Vx6_0RMT3jw
train,id0045,English,QjPkuA2BoX4,faces/id0045/QjPkuA2BoX4/0001625.jpg,voices/id0045/English/QjPkuA2BoX4/00109.wav,faces/id0045/QjPkuA2BoX4
train,id0044,English,vYJc6nLFq40,faces/id0044/vYJc6nLFq40/0000625.jpg,voices/id0044/English/vYJc6nLFq40/00000.wav,faces/id0044/vYJc6nLFq40
train,id0052,English,bxObwwjdMnY,faces/id0052/bxObwwjdMnY/0000025.jpg,voices/id0052/English/bxObwwjdMnY/00028.wav,faces/id0052/bxObwwjdMnY
train,id0067,English,aGdUenA305A,faces/id0067/aGdUenA305A/0000025.jpg,voices/id0067/English/aGdUenA305A/00017.wav,faces/id0067/aGdUenA305A
train,id0044,English,vYJc6nLFq40,faces/id0044/vYJc6nLFq40/0000625.jpg,voices/id0044/English/vYJc6nLFq40/00037.wav,faces/id0044/vYJc6nLFq40
train,id0012,English,k-f3Nnd5n8A,faces/id0012/k-f3Nnd5n8A/0000000.jpg,voices/id0012/English/k-f3Nnd5n8A/00039.wav,faces/id0012/k-f3Nnd5n8A
train,id0067,English,aGdUenA305A,faces/id0067/aGdUenA305A/0000025.jpg,voices/id0067/English/aGdUenA305A/00031.wav,faces/id0067/aGdUenA305A
train,id0005,English,YETolXZneZA,faces/id0005/YETolXZneZA/0000000.jpg,voices/id0005/English/YETolXZneZA/00015.wav,faces/id0005/YETolXZneZA
train,id0001,English,Y16ltGEvXzI,faces/id0001/Y16ltGEvXzI/0001300.jpg,voices/id0001/English/Y16ltGEvXzI/00100.wav,faces/id0001/Y16ltGEvXzI
train,id0067,English,aGdUenA305A,faces/id0067/aGdUenA305A/0000025.jpg,voices/id0067/English/aGdUenA305A/00082.wav,faces/id0067/aGdUenA305A
train,id0056,English,uhqXPuUaGZ8,faces/id0056/uhqXPuUaGZ8/0001750.jpg,voices/id0056/English/uhqXPuUaGZ8/00006.wav,faces/id0056/uhqXPuUaGZ8
train,id0044,English,vYJc6nLFq40,faces/id0044/vYJc6nLFq40/0000625.jpg,voices/id0044/English/vYJc6nLFq40/00060.wav,faces/id0044/vYJc6nLFq40
train,id0061,English,iv5Yiyr-rqU,faces/id0061/iv5Yiyr-rqU/0000150.jpg,voices/id0061/English/iv5Yiyr-rqU/00005.wav,faces/id0061/iv5Yiyr-rqU
train,id0009,English,gXnUW8OooRk,faces/id0009/gXnUW8OooRk/0000275.jpg,voices/id0009/English/gXnUW8OooRk/00011.wav,faces/id0009/gXnUW8OooRk
train,id0003,English,s4eWJQjHB0I,faces/id0003/s4eWJQjHB0I/0001275.jpg,voices/id0003/English/s4eWJQjHB0I/00037.wav,faces/id0003/s4eWJQjHB0I
train,id0001,English,AFNIYBFMQPc,faces/id0001/AFNIYBFMQPc/0000200.jpg,voices/id0001/English/AFNIYBFMQPc/00001.wav,faces/id0001/AFNIYBFMQPc
train,id0006,English,3YdCvOC-kI0,faces/id0006/3YdCvOC-kI0/0002650.jpg,voices/id0006/English/3YdCvOC-kI0/00008.wav,faces/id0006/3YdCvOC-kI0
train,id0012,English,fD-bx1O1Lp4,faces/id0012/fD-bx1O1Lp4/0001300.jpg,voices/id0012/English/fD-bx1O1Lp4/00025.wav,faces/id0012/fD-bx1O1Lp4
train,id0001,English,U3rWfLEkFvg,faces/id0001/U3rWfLEkFvg/0000450.jpg,voices/id0001/English/U3rWfLEkFvg/00011.wav,faces/id0001/U3rWfLEkFvg
train,id0070,English,Xu4MTv5wgys,faces/id0070/Xu4MTv5wgys/0000025.jpg,voices/id0070/English/Xu4MTv5wgys/00013.wav,faces/id0070/Xu4MTv5wgys
train,id0041,English,7m4O_-EO16E,faces/id0041/7m4O_-EO16E/0000050.jpg,voices/id0041/English/7m4O_-EO16E/00002.wav,faces/id0041/7m4O_-EO16E
train,id0001,English,Y16ltGEvXzI,faces/id0001/Y16ltGEvXzI/0001300.jpg,voices/id0001/English/Y16ltGEvXzI/00002.wav,faces/id0001/Y16ltGEvXzI
train,id0003,English,PFHTzgQ_Bxg,faces/id0003/PFHTzgQ_Bxg/0006175.jpg,voices/id0003/English/PFHTzgQ_Bxg/00002.wav,faces/id0003/PFHTzgQ_Bxg
train,id0006,English,caVRuzpMDNE,faces/id0006/caVRuzpMDNE/0000375.jpg,voices/id0006/English/caVRuzpMDNE/00005.wav,faces/id0006/caVRuzpMDNE
train,id0028,English,9jcHcByYp_s,faces/id0028/9jcHcByYp_s/0000625.jpg,voices/id0028/English/9jcHcByYp_s/00087.wav,faces/id0028/9jcHcByYp_s
train,id0054,English,L1lsne6_YtE,faces/id0054/L1lsne6_YtE/0000025.jpg,voices/id0054/English/L1lsne6_YtE/00013.wav,faces/id0054/L1lsne6_YtE
train,id0009,English,gXnUW8OooRk,faces/id0009/gXnUW8OooRk/0000275.jpg,voices/id0009/English/gXnUW8OooRk/00085.wav,faces/id0009/gXnUW8OooRk
train,id0056,English,1_a3Y6LGpAA,faces/id0056/1_a3Y6LGpAA/0000825.jpg,voices/id0056/English/1_a3Y6LGpAA/00065.wav,faces/id0056/1_a3Y6LGpAA
train,id0009,English,xbfE-IE7Sho,faces/id0009/xbfE-IE7Sho/0000425.jpg,voices/id0009/English/xbfE-IE7Sho/00008.wav,faces/id0009/xbfE-IE7Sho
train,id0018,English,KQrdbivDg9E,faces/id0018/KQrdbivDg9E/0000000.jpg,voices/id0018/English/KQrdbivDg9E/00020.wav,faces/id0018/KQrdbivDg9E
train,id0042,English,Hv8V8gQfcug,faces/id0042/Hv8V8gQfcug/0000025.jpg,voices/id0042/English/Hv8V8gQfcug/00005.wav,faces/id0042/Hv8V8gQfcug
train,id0009,English,ACwVcpt8MFA,faces/id0009/ACwVcpt8MFA/0004675.jpg,voices/id0009/English/ACwVcpt8MFA/00020.wav,faces/id0009/ACwVcpt8MFA
train,id0009,English,gXnUW8OooRk,faces/id0009/gXnUW8OooRk/0000275.jpg,voices/id0009/English/gXnUW8OooRk/00042.wav,faces/id0009/gXnUW8OooRk
train,id0009,English,gXnUW8OooRk,faces/id0009/gXnUW8OooRk/0000275.jpg,voices/id0009/English/gXnUW8OooRk/00056.wav,faces/id0009/gXnUW8OooRk
train,id0001,English,SRqhJUGuE-E,faces/id0001/SRqhJUGuE-E/0000100.jpg,voices/id0001/English/SRqhJUGuE-E/00000.wav,faces/id0001/SRqhJUGuE-E
train,id0052,English,uX3Q8CzGyVk,faces/id0052/uX3Q8CzGyVk/0000025.jpg,voices/id0052/English/uX3Q8CzGyVk/00015.wav,faces/id0052/uX3Q8CzGyVk
train,id0053,English,tvj1NTn9mLs,faces/id0053/tvj1NTn9mLs/0000275.jpg,voices/id0053/English/tvj1NTn9mLs/00005.wav,faces/id0053/tvj1NTn9mLs
train,id0052,English,oKKSSoDfquA,faces/id0052/oKKSSoDfquA/0000025.jpg,voices/id0052/English/oKKSSoDfquA/00019.wav,faces/id0052/oKKSSoDfquA
train,id0039,English,vKiGkbyfHPA,faces/id0039/vKiGkbyfHPA/0000025.jpg,voices/id0039/English/vKiGkbyfHPA/00015.wav,faces/id0039/vKiGkbyfHPA
train,id0052,English,uX3Q8CzGyVk,faces/id0052/uX3Q8CzGyVk/0000025.jpg,voices/id0052/English/uX3Q8CzGyVk/00034.wav,faces/id0052/uX3Q8CzGyVk
train,id0023,English,ekT7a8A-JDk,faces/id0023/ekT7a8A-JDk/0000000.jpg,voices/id0023/English/ekT7a8A-JDk/00012.wav,faces/id0023/ekT7a8A-JDk
train,id0018,English,fV7clNE9P7k,faces/id0018/fV7clNE9P7k/0002200.jpg,voices/id0018/English/fV7clNE9P7k/00042.wav,faces/id0018/fV7clNE9P7k
train,id0022,English,vHzoWDUboWA,faces/id0022/vHzoWDUboWA/0000900.jpg,voices/id0022/English/vHzoWDUboWA/00010.wav,faces/id0022/vHzoWDUboWA
train,id0029,English,52M95d6dSTo,faces/id0029/52M95d6dSTo/0000550.jpg,voices/id0029/English/52M95d6dSTo/00031.wav,faces/id0029/52M95d6dSTo
train,id0056,English,1_a3Y6LGpAA,faces/id0056/1_a3Y6LGpAA/0000825.jpg,voices/id0056/English/1_a3Y6LGpAA/00063.wav,faces/id0056/1_a3Y6LGpAA
train,id0009,English,Vx6_0RMT3jw,faces/id0009/Vx6_0RMT3jw/0000600.jpg,voices/id0009/English/Vx6_0RMT3jw/00023.wav,faces/id0009/Vx6_0RMT3jw
train,id0009,English,Z3DC4Q9RYy8,faces/id0009/Z3DC4Q9RYy8/0000075.jpg,voices/id0009/English/Z3DC4Q9RYy8/00000.wav,faces/id0009/Z3DC4Q9RYy8
train,id0003,English,sHbyLrzEByw,faces/id0003/sHbyLrzEByw/0000975.jpg,voices/id0003/English/sHbyLrzEByw/00007.wav,faces/id0003/sHbyLrzEByw
train,id0057,English,ibr4dXajSJ8,faces/id0057/ibr4dXajSJ8/0000225.jpg,voices/id0057/English/ibr4dXajSJ8/00034.wav,faces/id0057/ibr4dXajSJ8
train,id0028,English,REIQ9Vlh0Lk,faces/id0028/REIQ9Vlh0Lk/0000000.jpg,voices/id0028/English/REIQ9Vlh0Lk/00041.wav,faces/id0028/REIQ9Vlh0Lk
train,id0059,English,Nqcoz0iuxEk,faces/id0059/Nqcoz0iuxEk/0002250.jpg,voices/id0059/English/Nqcoz0iuxEk/00063.wav,faces/id0059/Nqcoz0iuxEk
train,id0039,English,qyZ004QI6Iw,faces/id0039/qyZ004QI6Iw/0000025.jpg,voices/id0039/English/qyZ004QI6Iw/00082.wav,faces/id0039/qyZ004QI6Iw
train,id0037,English,7,faces/id0037/7/0000000.jpg,voices/id0037/English/7/00009.wav,faces/id0037/7
train,id0037,English,RvS7RB4PYqg,faces/id0037/RvS7RB4PYqg/0000000.jpg,voices/id0037/English/RvS7RB4PYqg/00003.wav,faces/id0037/RvS7RB4PYqg
train,id0042,English,QKZNY_Tfz38,faces/id0042/QKZNY_Tfz38/0000000.jpg,voices/id0042/English/QKZNY_Tfz38/00000.wav,faces/id0042/QKZNY_Tfz38
train,id0041,English,7m4O_-EO16E,faces/id0041/7m4O_-EO16E/0000050.jpg,voices/id0041/English/7m4O_-EO16E/00021.wav,faces/id0041/7m4O_-EO16E
train,id0012,English,k-f3Nnd5n8A,faces/id0012/k-f3Nnd5n8A/0000000.jpg,voices/id0012/English/k-f3Nnd5n8A/00050.wav,faces/id0012/k-f3Nnd5n8A
train,id0033,English,02L6RPzTSoI,faces/id0033/02L6RPzTSoI/0001475.jpg,voices/id0033/English/02L6RPzTSoI/00015.wav,faces/id0033/02L6RPzTSoI
train,id0009,English,xbfE-IE7Sho,faces/id0009/xbfE-IE7Sho/0000425.jpg,voices/id0009/English/xbfE-IE7Sho/00012.wav,faces/id0009/xbfE-IE7Sho
train,id0060,English,11_JiPr1pEk,faces/id0060/11_JiPr1pEk/0000325.jpg,voices/id0060/English/11_JiPr1pEk/00005.wav,faces/id0060/11_JiPr1pEk
train,id0055,English,ygbDcr4pHtk,faces/id0055/ygbDcr4pHtk/0000175.jpg,voices/id0055/English/ygbDcr4pHtk/00014.wav,faces/id0055/ygbDcr4pHtk
train,id0039,English,qyZ004QI6Iw,faces/id0039/qyZ004QI6Iw/0000025.jpg,voices/id0039/English/qyZ004QI6Iw/00116.wav,faces/id0039/qyZ004QI6Iw
train,id0056,English,1_a3Y6LGpAA,faces/id0056/1_a3Y6LGpAA/0000825.jpg,voices/id0056/English/1_a3Y6LGpAA/00001.wav,faces/id0056/1_a3Y6LGpAA
train,id0045,English,QjPkuA2BoX4,faces/id0045/QjPkuA2BoX4/0001625.jpg,voices/id0045/English/QjPkuA2BoX4/00123.wav,faces/id0045/QjPkuA2BoX4
train,id0049,English,bQXzC47izaE,faces/id0049/bQXzC47izaE/0001525.jpg,voices/id0049/English/bQXzC47izaE/00007.wav,faces/id0049/bQXzC47izaE
train,id0050,English,QDoC9o2ArtE,faces/id0050/QDoC9o2ArtE/0000225.jpg,voices/id0050/English/QDoC9o2ArtE/00001.wav,faces/id0050/QDoC9o2ArtE
train,id0016,English,8JDCjoGMly8,faces/id0016/8JDCjoGMly8/0001350.jpg,voices/id0016/English/8JDCjoGMly8/00016.wav,faces/id0016/8JDCjoGMly8
train,id0039,English,vKiGkbyfHPA,faces/id0039/vKiGkbyfHPA/0000025.jpg,voices/id0039/English/vKiGkbyfHPA/00025.wav,faces/id0039/vKiGkbyfHPA
train,id0001,English,SpfaJtrTMfc,faces/id0001/SpfaJtrTMfc/0002475.jpg,voices/id0001/English/SpfaJtrTMfc/00014.wav,faces/id0001/SpfaJtrTMfc
train,id0052,English,oKKSSoDfquA,faces/id0052/oKKSSoDfquA/0000025.jpg,voices/id0052/English/oKKSSoDfquA/00029.wav,faces/id0052/oKKSSoDfquA
train,id0022,English,cIaJasZFQ94,faces/id0022/cIaJasZFQ94/0002650.jpg,voices/id0022/English/cIaJasZFQ94/00045.wav,faces/id0022/cIaJasZFQ94
train,id0056,English,1_a3Y6LGpAA,faces/id0056/1_a3Y6LGpAA/0000825.jpg,voices/id0056/English/1_a3Y6LGpAA/00003.wav,faces/id0056/1_a3Y6LGpAA
train,id0005,English,ffgGqDAHcjQ,faces/id0005/ffgGqDAHcjQ/0000625.jpg,voices/id0005/English/ffgGqDAHcjQ/00013.wav,faces/id0005/ffgGqDAHcjQ
train,id0023,English,ekT7a8A-JDk,faces/id0023/ekT7a8A-JDk/0000000.jpg,voices/id0023/English/ekT7a8A-JDk/00011.wav,faces/id0023/ekT7a8A-JDk
train,id0016,English,_ZWgPMT33as,faces/id0016/_ZWgPMT33as/0000000.jpg,voices/id0016/English/_ZWgPMT33as/00004.wav,faces/id0016/_ZWgPMT33as
train,id0054,English,McA3qp0Rt6o,faces/id0054/McA3qp0Rt6o/0000425.jpg,voices/id0054/English/McA3qp0Rt6o/00001.wav,faces/id0054/McA3qp0Rt6o
train,id0070,English,Xu4MTv5wgys,faces/id0070/Xu4MTv5wgys/0000025.jpg,voices/id0070/English/Xu4MTv5wgys/00011.wav,faces/id0070/Xu4MTv5wgys
train,id0018,English,fV7clNE9P7k,faces/id0018/fV7clNE9P7k/0002200.jpg,voices/id0018/English/fV7clNE9P7k/00061.wav,faces/id0018/fV7clNE9P7k
train,id0039,English,vKiGkbyfHPA,faces/id0039/vKiGkbyfHPA/0000025.jpg,voices/id0039/English/vKiGkbyfHPA/00065.wav,faces/id0039/vKiGkbyfHPA
train,id0010,English,nnQb0PVW9Zc,faces/id0010/nnQb0PVW9Zc/0000175.jpg,voices/id0010/English/nnQb0PVW9Zc/00002.wav,faces/id0010/nnQb0PVW9Zc
train,id0005,English,aT4fcH93Fxw,faces/id0005/aT4fcH93Fxw/0004250.jpg,voices/id0005/English/aT4fcH93Fxw/00005.wav,faces/id0005/aT4fcH93Fxw
train,id0011,English,YwozNG5iuSY,faces/id0011/YwozNG5iuSY/0001125.jpg,voices/id0011/English/YwozNG5iuSY/00015.wav,faces/id0011/YwozNG5iuSY
train,id0045,English,QjPkuA2BoX4,faces/id0045/QjPkuA2BoX4/0001625.jpg,voices/id0045/English/QjPkuA2BoX4/00044.wav,faces/id0045/QjPkuA2BoX4
train,id0059,English,uVCHJFxs9n8,faces/id0059/uVCHJFxs9n8/0002150.jpg,voices/id0059/English/uVCHJFxs9n8/00001.wav,faces/id0059/uVCHJFxs9n8
train,id0037,English,xr_0VmnKEME,faces/id0037/xr_0VmnKEME/0000000.jpg,voices/id0037/English/xr_0VmnKEME/00002.wav,faces/id0037/xr_0VmnKEME
train,id0041,English,igda3vF6SuI,faces/id0041/igda3vF6SuI/0001950.jpg,voices/id0041/English/igda3vF6SuI/00080.wav,faces/id0041/igda3vF6SuI
train,id0040,English,ZJdxFPQdF7M,faces/id0040/ZJdxFPQdF7M/0000125.jpg,voices/id0040/English/ZJdxFPQdF7M/00007.wav,faces/id0040/ZJdxFPQdF7M
train,id0002,English,a8YwLpyHArc,faces/id0002/a8YwLpyHArc/0000075.jpg,voices/id0002/English/a8YwLpyHArc/00009.wav,faces/id0002/a8YwLpyHArc
train,id0022,English,cIaJasZFQ94,faces/id0022/cIaJasZFQ94/0002650.jpg,voices/id0022/English/cIaJasZFQ94/00010.wav,faces/id0022/cIaJasZFQ94
train,id0062,English,4BHTy1yc7II,faces/id0062/4BHTy1yc7II/0000250.jpg,voices/id0062/English/4BHTy1yc7II/00004.wav,faces/id0062/4BHTy1yc7II
train,id0023,English,ekT7a8A-JDk,faces/id0023/ekT7a8A-JDk/0000000.jpg,voices/id0023/English/ekT7a8A-JDk/00001.wav,faces/id0023/ekT7a8A-JDk
train,id0062,English,SK8nrapRgqQ,faces/id0062/SK8nrapRgqQ/0001575.jpg,voices/id0062/English/SK8nrapRgqQ/00038.wav,faces/id0062/SK8nrapRgqQ
train,id0052,English,oKKSSoDfquA,faces/id0052/oKKSSoDfquA/0000025.jpg,voices/id0052/English/oKKSSoDfquA/00035.wav,faces/id0052/oKKSSoDfquA
train,id0010,English,xVmH3hQ4Jn8,faces/id0010/xVmH3hQ4Jn8/0001175.jpg,voices/id0010/English/xVmH3hQ4Jn8/00003.wav,faces/id0010/xVmH3hQ4Jn8
train,id0039,English,qyZ004QI6Iw,faces/id0039/qyZ004QI6Iw/0000025.jpg,voices/id0039/English/qyZ004QI6Iw/00051.wav,faces/id0039/qyZ004QI6Iw
train,id0063,English,e4viFF_N14E,faces/id0063/e4viFF_N14E/0001375.jpg,voices/id0063/English/e4viFF_N14E/00001.wav,faces/id0063/e4viFF_N14E
train,id0018,English,KQrdbivDg9E,faces/id0018/KQrdbivDg9E/0000000.jpg,voices/id0018/English/KQrdbivDg9E/00037.wav,faces/id0018/KQrdbivDg9E
train,id0009,English,CbMvPV-JKew,faces/id0009/CbMvPV-JKew/0001075.jpg,voices/id0009/English/CbMvPV-JKew/00014.wav,faces/id0009/CbMvPV-JKew
train,id0003,English,s4eWJQjHB0I,faces/id0003/s4eWJQjHB0I/0001275.jpg,voices/id0003/English/s4eWJQjHB0I/00020.wav,faces/id0003/s4eWJQjHB0I
train,id0010,English,turCcuNH2jc,faces/id0010/turCcuNH2jc/0011275.jpg,voices/id0010/English/turCcuNH2jc/00008.wav,faces/id0010/turCcuNH2jc
train,id0001,English,Y16ltGEvXzI,faces/id0001/Y16ltGEvXzI/0001300.jpg,voices/id0001/English/Y16ltGEvXzI/00003.wav,faces/id0001/Y16ltGEvXzI
train,id0054,English,npX324mAtR0,faces/id0054/npX324mAtR0/0000025.jpg,voices/id0054/English/npX324mAtR0/00007.wav,faces/id0054/npX324mAtR0
train,id0056,English,1_a3Y6LGpAA,faces/id0056/1_a3Y6LGpAA/0000825.jpg,voices/id0056/English/1_a3Y6LGpAA/00007.wav,faces/id0056/1_a3Y6LGpAA
train,id0024,English,27T3pMqtDG8,faces/id0024/27T3pMqtDG8/0003225.jpg,voices/id0024/English/27T3pMqtDG8/00029.wav,faces/id0024/27T3pMqtDG8
train,id0009,English,xbfE-IE7Sho,faces/id0009/xbfE-IE7Sho/0000425.jpg,voices/id0009/English/xbfE-IE7Sho/00003.wav,faces/id0009/xbfE-IE7Sho
train,id0045,English,QjPkuA2BoX4,faces/id0045/QjPkuA2BoX4/0001625.jpg,voices/id0045/English/QjPkuA2BoX4/00041.wav,faces/id0045/QjPkuA2BoX4
train,id0054,English,npX324mAtR0,faces/id0054/npX324mAtR0/0000025.jpg,voices/id0054/English/npX324mAtR0/00005.wav,faces/id0054/npX324mAtR0
train,id0048,English,dpd_s0t0geM,faces/id0048/dpd_s0t0geM/0002900.jpg,voices/id0048/English/dpd_s0t0geM/00047.wav,faces/id0048/dpd_s0t0geM
train,id0064,English,-IdCGsKL8KE,faces/id0064/-IdCGsKL8KE/0004200.jpg,voices/id0064/English/-IdCGsKL8KE/00000.wav,faces/id0064/-IdCGsKL8KE
train,id0029,English,Zq6M_N4rZ44,faces/id0029/Zq6M_N4rZ44/0000000.jpg,voices/id0029/English/Zq6M_N4rZ44/00002.wav,faces/id0029/Zq6M_N4rZ44
train,id0023,English,4JZJ3lvujWQ,faces/id0023/4JZJ3lvujWQ/0000000.jpg,voices/id0023/English/4JZJ3lvujWQ/00002.wav,faces/id0023/4JZJ3lvujWQ
train,id0003,English,RRdfeB-NRqw,faces/id0003/RRdfeB-NRqw/0001300.jpg,voices/id0003/English/RRdfeB-NRqw/00008.wav,faces/id0003/RRdfeB-NRqw
train,id0032,English,R94FJ76YAbg,faces/id0032/R94FJ76YAbg/0000250.jpg,voices/id0032/English/R94FJ76YAbg/00006.wav,faces/id0032/R94FJ76YAbg
train,id0041,English,7m4O_-EO16E,faces/id0041/7m4O_-EO16E/0000050.jpg,voices/id0041/English/7m4O_-EO16E/00031.wav,faces/id0041/7m4O_-EO16E
train,id0009,English,CbMvPV-JKew,faces/id0009/CbMvPV-JKew/0001075.jpg,voices/id0009/English/CbMvPV-JKew/00011.wav,faces/id0009/CbMvPV-JKew
train,id0001,English,Y16ltGEvXzI,faces/id0001/Y16ltGEvXzI/0001300.jpg,voices/id0001/English/Y16ltGEvXzI/00039.wav,faces/id0001/Y16ltGEvXzI
train,id0055,English,YYrCJzoCHvk,faces/id0055/YYrCJzoCHvk/0000050.jpg,voices/id0055/English/YYrCJzoCHvk/00000.wav,faces/id0055/YYrCJzoCHvk
train,id0048,English,dpd_s0t0geM,faces/id0048/dpd_s0t0geM/0002900.jpg,voices/id0048/English/dpd_s0t0geM/00019.wav,faces/id0048/dpd_s0t0geM
train,id0045,English,QjPkuA2BoX4,faces/id0045/QjPkuA2BoX4/0001625.jpg,voices/id0045/English/QjPkuA2BoX4/00059.wav,faces/id0045/QjPkuA2BoX4
train,id0066,English,6lJjLlJj4OU,faces/id0066/6lJjLlJj4OU/0000300.jpg,voices/id0066/English/6lJjLlJj4OU/00006.wav,faces/id0066/6lJjLlJj4OU
train,id0017,English,whnDqsIJoqI,faces/id0017/whnDqsIJoqI/0000250.jpg,voices/id0017/English/whnDqsIJoqI/00009.wav,faces/id0017/whnDqsIJoqI
train,id0009,English,gXnUW8OooRk,faces/id0009/gXnUW8OooRk/0000275.jpg,voices/id0009/English/gXnUW8OooRk/00032.wav,faces/id0009/gXnUW8OooRk
train,id0052,English,m_2TipjC5pw,faces/id0052/m_2TipjC5pw/0000025.jpg,voices/id0052/English/m_2TipjC5pw/00021.wav,faces/id0052/m_2TipjC5pw
train,id0067,English,910VR2VJABs,faces/id0067/910VR2VJABs/0000025.jpg,voices/id0067/English/910VR2VJABs/00003.wav,faces/id0067/910VR2VJABs
train,id0067,English,aGdUenA305A,faces/id0067/aGdUenA305A/0000025.jpg,voices/id0067/English/aGdUenA305A/00064.wav,faces/id0067/aGdUenA305A
train,id0009,English,xbfE-IE7Sho,faces/id0009/xbfE-IE7Sho/0000425.jpg,voices/id0009/English/xbfE-IE7Sho/00007.wav,faces/id0009/xbfE-IE7Sho
train,id0001,English,Y16ltGEvXzI,faces/id0001/Y16ltGEvXzI/0001300.jpg,voices/id0001/English/Y16ltGEvXzI/00084.wav,faces/id0001/Y16ltGEvXzI
train,id0001,English,Y16ltGEvXzI,faces/id0001/Y16ltGEvXzI/0001300.jpg,voices/id0001/English/Y16ltGEvXzI/00089.wav,faces/id0001/Y16ltGEvXzI
train,id0013,English,CbHAv1DqVtA,faces/id0013/CbHAv1DqVtA/0000450.jpg,voices/id0013/English/CbHAv1DqVtA/00016.wav,faces/id0013/CbHAv1DqVtA
train,id0039,English,vKiGkbyfHPA,faces/id0039/vKiGkbyfHPA/0000025.jpg,voices/id0039/English/vKiGkbyfHPA/00058.wav,faces/id0039/vKiGkbyfHPA
train,id0033,English,Bd_fr4OC_pk,faces/id0033/Bd_fr4OC_pk/0000525.jpg,voices/id0033/English/Bd_fr4OC_pk/00006.wav,faces/id0033/Bd_fr4OC_pk
train,id0066,English,6lJjLlJj4OU,faces/id0066/6lJjLlJj4OU/0000300.jpg,voices/id0066/English/6lJjLlJj4OU/00001.wav,faces/id0066/6lJjLlJj4OU
train,id0018,English,fV7clNE9P7k,faces/id0018/fV7clNE9P7k/0002200.jpg,voices/id0018/English/fV7clNE9P7k/00001.wav,faces/id0018/fV7clNE9P7k
train,id0001,English,wiIZUuya6tM,faces/id0001/wiIZUuya6tM/0000800.jpg,voices/id0001/English/wiIZUuya6tM/00009.wav,faces/id0001/wiIZUuya6tM
train,id0048,English,dpd_s0t0geM,faces/id0048/dpd_s0t0geM/0002900.jpg,voices/id0048/English/dpd_s0t0geM/00006.wav,faces/id0048/dpd_s0t0geM
train,id0039,English,vKiGkbyfHPA,faces/id0039/vKiGkbyfHPA/0000025.jpg,voices/id0039/English/vKiGkbyfHPA/00137.wav,faces/id0039/vKiGkbyfHPA
train,id0017,English,440joApbei0,faces/id0017/440joApbei0/0005325.jpg,voices/id0017/English/440joApbei0/00000.wav,faces/id0017/440joApbei0
train,id0024,English,27T3pMqtDG8,faces/id0024/27T3pMqtDG8/0003225.jpg,voices/id0024/English/27T3pMqtDG8/00030.wav,faces/id0024/27T3pMqtDG8
train,id0052,English,oKKSSoDfquA,faces/id0052/oKKSSoDfquA/0000025.jpg,voices/id0052/English/oKKSSoDfquA/00011.wav,faces/id0052/oKKSSoDfquA
train,id0012,English,k-f3Nnd5n8A,faces/id0012/k-f3Nnd5n8A/0000000.jpg,voices/id0012/English/k-f3Nnd5n8A/00030.wav,faces/id0012/k-f3Nnd5n8A
train,id0009,English,ACwVcpt8MFA,faces/id0009/ACwVcpt8MFA/0004675.jpg,voices/id0009/English/ACwVcpt8MFA/00007.wav,faces/id0009/ACwVcpt8MFA
train,id0028,English,dxqN3FoMml8,faces/id0028/dxqN3FoMml8/0002125.jpg,voices/id0028/English/dxqN3FoMml8/00006.wav,faces/id0028/dxqN3FoMml8
train,id0039,English,vKiGkbyfHPA,faces/id0039/vKiGkbyfHPA/0000025.jpg,voices/id0039/English/vKiGkbyfHPA/00146.wav,faces/id0039/vKiGkbyfHPA
train,id0070,English,JtujAff_T4s,faces/id0070/JtujAff_T4s/0003300.jpg,voices/id0070/English/JtujAff_T4s/00002.wav,faces/id0070/JtujAff_T4s
train,id0027,English,UpvQamIA7nk,faces/id0027/UpvQamIA7nk/0002075.jpg,voices/id0027/English/UpvQamIA7nk/00000.wav,faces/id0027/UpvQamIA7nk
train,id0016,English,_ZWgPMT33as,faces/id0016/_ZWgPMT33as/0000000.jpg,voices/id0016/English/_ZWgPMT33as/00005.wav,faces/id0016/_ZWgPMT33as
train,id0026,English,tw64B8AMGcs,faces/id0026/tw64B8AMGcs/0002275.jpg,voices/id0026/English/tw64B8AMGcs/00003.wav,faces/id0026/tw64B8AMGcs
train,id0001,English,SpfaJtrTMfc,faces/id0001/SpfaJtrTMfc/0002475.jpg,voices/id0001/English/SpfaJtrTMfc/00048.wav,faces/id0001/SpfaJtrTMfc
train,id0052,English,oKKSSoDfquA,faces/id0052/oKKSSoDfquA/0000025.jpg,voices/id0052/English/oKKSSoDfquA/00081.wav,faces/id0052/oKKSSoDfquA
train,id0053,English,03dapUBJG4A,faces/id0053/03dapUBJG4A/0001225.jpg,voices/id0053/English/03dapUBJG4A/00000.wav,faces/id0053/03dapUBJG4A
train,id0021,English,YFvtct2Yc94,faces/id0021/YFvtct2Yc94/0000225.jpg,voices/id0021/English/YFvtct2Yc94/00004.wav,faces/id0021/YFvtct2Yc94
train,id0029,English,52M95d6dSTo,faces/id0029/52M95d6dSTo/0000550.jpg,voices/id0029/English/52M95d6dSTo/00003.wav,faces/id0029/52M95d6dSTo
train,id0066,English,6lJjLlJj4OU,faces/id0066/6lJjLlJj4OU/0000300.jpg,voices/id0066/English/6lJjLlJj4OU/00005.wav,faces/id0066/6lJjLlJj4OU
train,id0012,English,fD-bx1O1Lp4,faces/id0012/fD-bx1O1Lp4/0001300.jpg,voices/id0012/English/fD-bx1O1Lp4/00004.wav,faces/id0012/fD-bx1O1Lp4
train,id0054,English,npX324mAtR0,faces/id0054/npX324mAtR0/0000025.jpg,voices/id0054/English/npX324mAtR0/00024.wav,faces/id0054/npX324mAtR0
train,id0062,English,4BHTy1yc7II,faces/id0062/4BHTy1yc7II/0000250.jpg,voices/id0062/English/4BHTy1yc7II/00002.wav,faces/id0062/4BHTy1yc7II
train,id0039,English,vKiGkbyfHPA,faces/id0039/vKiGkbyfHPA/0000025.jpg,voices/id0039/English/vKiGkbyfHPA/00061.wav,faces/id0039/vKiGkbyfHPA
train,id0053,English,oO1YLLuj52g,faces/id0053/oO1YLLuj52g/0000250.jpg,voices/id0053/English/oO1YLLuj52g/00010.wav,faces/id0053/oO1YLLuj52g
train,id0027,English,45XvDmnzABk,faces/id0027/45XvDmnzABk/0005075.jpg,voices/id0027/English/45XvDmnzABk/00008.wav,faces/id0027/45XvDmnzABk
train,id0028,English,SxPxjK1j_CY,faces/id0028/SxPxjK1j_CY/0000325.jpg,voices/id0028/English/SxPxjK1j_CY/00000.wav,faces/id0028/SxPxjK1j_CY
train,id0010,English,YA3TA8K8CPM,faces/id0010/YA3TA8K8CPM/0000200.jpg,voices/id0010/English/YA3TA8K8CPM/00011.wav,faces/id0010/YA3TA8K8CPM
train,id0049,English,bQXzC47izaE,faces/id0049/bQXzC47izaE/0001525.jpg,voices/id0049/English/bQXzC47izaE/00026.wav,faces/id0049/bQXzC47izaE
train,id0028,English,9jcHcByYp_s,faces/id0028/9jcHcByYp_s/0000625.jpg,voices/id0028/English/9jcHcByYp_s/00001.wav,faces/id0028/9jcHcByYp_s
train,id0069,English,9K0_Ba3uRQ8,faces/id0069/9K0_Ba3uRQ8/0000525.jpg,voices/id0069/English/9K0_Ba3uRQ8/00017.wav,faces/id0069/9K0_Ba3uRQ8
train,id0067,English,aGdUenA305A,faces/id0067/aGdUenA305A/0000025.jpg,voices/id0067/English/aGdUenA305A/00003.wav,faces/id0067/aGdUenA305A
train,id0005,English,YETolXZneZA,faces/id0005/YETolXZneZA/0000000.jpg,voices/id0005/English/YETolXZneZA/00017.wav,faces/id0005/YETolXZneZA
train,id0039,English,FfXTPqi0BVU,faces/id0039/FfXTPqi0BVU/0001975.jpg,voices/id0039/English/FfXTPqi0BVU/00007.wav,faces/id0039/FfXTPqi0BVU
train,id0028,English,tD2IDd4aDVg,faces/id0028/tD2IDd4aDVg/0000075.jpg,voices/id0028/English/tD2IDd4aDVg/00003.wav,faces/id0028/tD2IDd4aDVg
train,id0039,English,qyZ004QI6Iw,faces/id0039/qyZ004QI6Iw/0000025.jpg,voices/id0039/English/qyZ004QI6Iw/00084.wav,faces/id0039/qyZ004QI6Iw
train,id0022,English,vHzoWDUboWA,faces/id0022/vHzoWDUboWA/0000900.jpg,voices/id0022/English/vHzoWDUboWA/00008.wav,faces/id0022/vHzoWDUboWA
train,id0017,English,iNzFuVDC0vE,faces/id0017/iNzFuVDC0vE/0001325.jpg,voices/id0017/English/iNzFuVDC0vE/00003.wav,faces/id0017/iNzFuVDC0vE
train,id0001,English,sBBhXKlC4dA,faces/id0001/sBBhXKlC4dA/0000075.jpg,voices/id0001/English/sBBhXKlC4dA/00008.wav,faces/id0001/sBBhXKlC4dA
train,id0040,English,hJHGUoPB3Ws,faces/id0040/hJHGUoPB3Ws/0000075.jpg,voices/id0040/English/hJHGUoPB3Ws/00019.wav,faces/id0040/hJHGUoPB3Ws
train,id0024,English,l_0BFvm_rBc,faces/id0024/l_0BFvm_rBc/0005200.jpg,voices/id0024/English/l_0BFvm_rBc/00005.wav,faces/id0024/l_0BFvm_rBc
train,id0040,English,hJHGUoPB3Ws,faces/id0040/hJHGUoPB3Ws/0000075.jpg,voices/id0040/English/hJHGUoPB3Ws/00005.wav,faces/id0040/hJHGUoPB3Ws
train,id0028,English,9jcHcByYp_s,faces/id0028/9jcHcByYp_s/0000625.jpg,voices/id0028/English/9jcHcByYp_s/00037.wav,faces/id0028/9jcHcByYp_s
train,id0056,English,1_a3Y6LGpAA,faces/id0056/1_a3Y6LGpAA/0000825.jpg,voices/id0056/English/1_a3Y6LGpAA/00008.wav,faces/id0056/1_a3Y6LGpAA
train,id0025,English,VlFa0S-juA0,faces/id0025/VlFa0S-juA0/0000000.jpg,voices/id0025/English/VlFa0S-juA0/00001.wav,faces/id0025/VlFa0S-juA0
train,id0023,English,_TCHCsQECzI,faces/id0023/_TCHCsQECzI/0000025.jpg,voices/id0023/English/_TCHCsQECzI/00002.wav,faces/id0023/_TCHCsQECzI
train,id0062,English,SK8nrapRgqQ,faces/id0062/SK8nrapRgqQ/0001575.jpg,voices/id0062/English/SK8nrapRgqQ/00022.wav,faces/id0062/SK8nrapRgqQ
train,id0065,English,aDRUp-LbiH4,faces/id0065/aDRUp-LbiH4/0014500.jpg,voices/id0065/English/aDRUp-LbiH4/00006.wav,faces/id0065/aDRUp-LbiH4
train,id0018,English,fV7clNE9P7k,faces/id0018/fV7clNE9P7k/0002200.jpg,voices/id0018/English/fV7clNE9P7k/00055.wav,faces/id0018/fV7clNE9P7k
train,id0032,English,J6tj_dnS-20,faces/id0032/J6tj_dnS-20/0000675.jpg,voices/id0032/English/J6tj_dnS-20/00011.wav,faces/id0032/J6tj_dnS-20
train,id0011,English,CsnMSIZg04A,faces/id0011/CsnMSIZg04A/0000075.jpg,voices/id0011/English/CsnMSIZg04A/00006.wav,faces/id0011/CsnMSIZg04A
train,id0043,English,6hf-RQmsLTg,faces/id0043/6hf-RQmsLTg/0002050.jpg,voices/id0043/English/6hf-RQmsLTg/00018.wav,faces/id0043/6hf-RQmsLTg
train,id0057,English,ibr4dXajSJ8,faces/id0057/ibr4dXajSJ8/0000225.jpg,voices/id0057/English/ibr4dXajSJ8/00030.wav,faces/id0057/ibr4dXajSJ8
train,id0028,English,SxPxjK1j_CY,faces/id0028/SxPxjK1j_CY/0000325.jpg,voices/id0028/English/SxPxjK1j_CY/00014.wav,faces/id0028/SxPxjK1j_CY
train,id0038,English,apQLBNbBzZU,faces/id0038/apQLBNbBzZU/0000100.jpg,voices/id0038/English/apQLBNbBzZU/00002.wav,faces/id0038/apQLBNbBzZU
train,id0064,English,EwbbCMlWCyk,faces/id0064/EwbbCMlWCyk/0004275.jpg,voices/id0064/English/EwbbCMlWCyk/00006.wav,faces/id0064/EwbbCMlWCyk
train,id0052,English,m_2TipjC5pw,faces/id0052/m_2TipjC5pw/0000025.jpg,voices/id0052/English/m_2TipjC5pw/00034.wav,faces/id0052/m_2TipjC5pw
train,id0051,English,w_c9WOoaAJ8,faces/id0051/w_c9WOoaAJ8/0000200.jpg,voices/id0051/English/w_c9WOoaAJ8/00004.wav,faces/id0051/w_c9WOoaAJ8
train,id0013,English,CbHAv1DqVtA,faces/id0013/CbHAv1DqVtA/0000450.jpg,voices/id0013/English/CbHAv1DqVtA/00005.wav,faces/id0013/CbHAv1DqVtA
train,id0052,English,oKKSSoDfquA,faces/id0052/oKKSSoDfquA/0000025.jpg,voices/id0052/English/oKKSSoDfquA/00072.wav,faces/id0052/oKKSSoDfquA
train,id0039,English,vKiGkbyfHPA,faces/id0039/vKiGkbyfHPA/0000025.jpg,voices/id0039/English/vKiGkbyfHPA/00126.wav,faces/id0039/vKiGkbyfHPA
train,id0011,English,de7oVYjfT3Y,faces/id0011/de7oVYjfT3Y/0000050.jpg,voices/id0011/English/de7oVYjfT3Y/00030.wav,faces/id0011/de7oVYjfT3Y
train,id0060,English,QHdn7Zte9MU,faces/id0060/QHdn7Zte9MU/0000225.jpg,voices/id0060/English/QHdn7Zte9MU/00019.wav,faces/id0060/QHdn7Zte9MU
train,id0041,English,7m4O_-EO16E,faces/id0041/7m4O_-EO16E/0000050.jpg,voices/id0041/English/7m4O_-EO16E/00034.wav,faces/id0041/7m4O_-EO16E
train,id0005,English,YETolXZneZA,faces/id0005/YETolXZneZA/0000000.jpg,voices/id0005/English/YETolXZneZA/00002.wav,faces/id0005/YETolXZneZA
train,id0022,English,PoMGgCakSb0,faces/id0022/PoMGgCakSb0/0000000.jpg,voices/id0022/English/PoMGgCakSb0/00015.wav,faces/id0022/PoMGgCakSb0
train,id0048,English,dpd_s0t0geM,faces/id0048/dpd_s0t0geM/0002900.jpg,voices/id0048/English/dpd_s0t0geM/00058.wav,faces/id0048/dpd_s0t0geM
train,id0012,English,i2ajDycYLFQ,faces/id0012/i2ajDycYLFQ/0001800.jpg,voices/id0012/English/i2ajDycYLFQ/00002.wav,faces/id0012/i2ajDycYLFQ
train,id0025,English,JBGHwJ7o_I8,faces/id0025/JBGHwJ7o_I8/0000375.jpg,voices/id0025/English/JBGHwJ7o_I8/00012.wav,faces/id0025/JBGHwJ7o_I8
train,id0001,English,U3rWfLEkFvg,faces/id0001/U3rWfLEkFvg/0000450.jpg,voices/id0001/English/U3rWfLEkFvg/00008.wav,faces/id0001/U3rWfLEkFvg
train,id0052,English,m_2TipjC5pw,faces/id0052/m_2TipjC5pw/0000025.jpg,voices/id0052/English/m_2TipjC5pw/00030.wav,faces/id0052/m_2TipjC5pw
train,id0039,English,vKiGkbyfHPA,faces/id0039/vKiGkbyfHPA/0000025.jpg,voices/id0039/English/vKiGkbyfHPA/00035.wav,faces/id0039/vKiGkbyfHPA
train,id0009,English,Vx6_0RMT3jw,faces/id0009/Vx6_0RMT3jw/0000600.jpg,voices/id0009/English/Vx6_0RMT3jw/00007.wav,faces/id0009/Vx6_0RMT3jw
train,id0043,English,BcP6EKeHE4U,faces/id0043/BcP6EKeHE4U/0000425.jpg,voices/id0043/English/BcP6EKeHE4U/00008.wav,faces/id0043/BcP6EKeHE4U
train,id0029,English,Zq6M_N4rZ44,faces/id0029/Zq6M_N4rZ44/0000000.jpg,voices/id0029/English/Zq6M_N4rZ44/00005.wav,faces/id0029/Zq6M_N4rZ44
train,id0006,English,caVRuzpMDNE,faces/id0006/caVRuzpMDNE/0000375.jpg,voices/id0006/English/caVRuzpMDNE/00006.wav,faces/id0006/caVRuzpMDNE
train,id0055,English,8fShKg7xrtI,faces/id0055/8fShKg7xrtI/0000450.jpg,voices/id0055/English/8fShKg7xrtI/00012.wav,faces/id0055/8fShKg7xrtI
train,id0028,English,9jcHcByYp_s,faces/id0028/9jcHcByYp_s/0000625.jpg,voices/id0028/English/9jcHcByYp_s/00058.wav,faces/id0028/9jcHcByYp_s
train,id0039,English,qyZ004QI6Iw,faces/id0039/qyZ004QI6Iw/0000025.jpg,voices/id0039/English/qyZ004QI6Iw/00143.wav,faces/id0039/qyZ004QI6Iw
train,id0009,English,CbMvPV-JKew,faces/id0009/CbMvPV-JKew/0001075.jpg,voices/id0009/English/CbMvPV-JKew/00010.wav,faces/id0009/CbMvPV-JKew
train,id0043,English,6hf-RQmsLTg,faces/id0043/6hf-RQmsLTg/0002050.jpg,voices/id0043/English/6hf-RQmsLTg/00008.wav,faces/id0043/6hf-RQmsLTg
train,id0048,English,dpd_s0t0geM,faces/id0048/dpd_s0t0geM/0002900.jpg,voices/id0048/English/dpd_s0t0geM/00086.wav,faces/id0048/dpd_s0t0geM
train,id0064,English,-IdCGsKL8KE,faces/id0064/-IdCGsKL8KE/0004200.jpg,voices/id0064/English/-IdCGsKL8KE/00003.wav,faces/id0064/-IdCGsKL8KE
train,id0017,English,iNzFuVDC0vE,faces/id0017/iNzFuVDC0vE/0001325.jpg,voices/id0017/English/iNzFuVDC0vE/00035.wav,faces/id0017/iNzFuVDC0vE
train,id0060,English,QHdn7Zte9MU,faces/id0060/QHdn7Zte9MU/0000225.jpg,voices/id0060/English/QHdn7Zte9MU/00006.wav,faces/id0060/QHdn7Zte9MU
train,id0045,English,QjPkuA2BoX4,faces/id0045/QjPkuA2BoX4/0001625.jpg,voices/id0045/English/QjPkuA2BoX4/00069.wav,faces/id0045/QjPkuA2BoX4
train,id0052,English,m_2TipjC5pw,faces/id0052/m_2TipjC5pw/0000025.jpg,voices/id0052/English/m_2TipjC5pw/00005.wav,faces/id0052/m_2TipjC5pw
train,id0001,English,U3rWfLEkFvg,faces/id0001/U3rWfLEkFvg/0000450.jpg,voices/id0001/English/U3rWfLEkFvg/00013.wav,faces/id0001/U3rWfLEkFvg
train,id0009,English,gXnUW8OooRk,faces/id0009/gXnUW8OooRk/0000275.jpg,voices/id0009/English/gXnUW8OooRk/00089.wav,faces/id0009/gXnUW8OooRk
train,id0018,English,KQrdbivDg9E,faces/id0018/KQrdbivDg9E/0000000.jpg,voices/id0018/English/KQrdbivDg9E/00045.wav,faces/id0018/KQrdbivDg9E
train,id0028,English,ghJA8nG4w2s,faces/id0028/ghJA8nG4w2s/0001550.jpg,voices/id0028/English/ghJA8nG4w2s/00002.wav,faces/id0028/ghJA8nG4w2s
train,id0060,English,4v8ORoykFSQ,faces/id0060/4v8ORoykFSQ/0009650.jpg,voices/id0060/English/4v8ORoykFSQ/00003.wav,faces/id0060/4v8ORoykFSQ
train,id0033,English,02L6RPzTSoI,faces/id0033/02L6RPzTSoI/0001475.jpg,voices/id0033/English/02L6RPzTSoI/00021.wav,faces/id0033/02L6RPzTSoI
train,id0066,English,Z11MbuMakyI,faces/id0066/Z11MbuMakyI/0000400.jpg,voices/id0066/English/Z11MbuMakyI/00006.wav,faces/id0066/Z11MbuMakyI
train,id0056,English,1_a3Y6LGpAA,faces/id0056/1_a3Y6LGpAA/0000825.jpg,voices/id0056/English/1_a3Y6LGpAA/00044.wav,faces/id0056/1_a3Y6LGpAA
train,id0009,English,gXnUW8OooRk,faces/id0009/gXnUW8OooRk/0000275.jpg,voices/id0009/English/gXnUW8OooRk/00047.wav,faces/id0009/gXnUW8OooRk
train,id0018,English,KQrdbivDg9E,faces/id0018/KQrdbivDg9E/0000000.jpg,voices/id0018/English/KQrdbivDg9E/00016.wav,faces/id0018/KQrdbivDg9E
train,id0062,English,SK8nrapRgqQ,faces/id0062/SK8nrapRgqQ/0001575.jpg,voices/id0062/English/SK8nrapRgqQ/00005.wav,faces/id0062/SK8nrapRgqQ
train,id0010,English,nnQb0PVW9Zc,faces/id0010/nnQb0PVW9Zc/0000175.jpg,voices/id0010/English/nnQb0PVW9Zc/00001.wav,faces/id0010/nnQb0PVW9Zc
train,id0038,English,ePuTjFlzREA,faces/id0038/ePuTjFlzREA/0000075.jpg,voices/id0038/English/ePuTjFlzREA/00016.wav,faces/id0038/ePuTjFlzREA
train,id0028,English,SxPxjK1j_CY,faces/id0028/SxPxjK1j_CY/0000325.jpg,voices/id0028/English/SxPxjK1j_CY/00026.wav,faces/id0028/SxPxjK1j_CY
train,id0066,English,Z11MbuMakyI,faces/id0066/Z11MbuMakyI/0000400.jpg,voices/id0066/English/Z11MbuMakyI/00004.wav,faces/id0066/Z11MbuMakyI
train,id0009,English,Vx6_0RMT3jw,faces/id0009/Vx6_0RMT3jw/0000600.jpg,voices/id0009/English/Vx6_0RMT3jw/00018.wav,faces/id0009/Vx6_0RMT3jw
train,id0022,English,vHzoWDUboWA,faces/id0022/vHzoWDUboWA/0000900.jpg,voices/id0022/English/vHzoWDUboWA/00028.wav,faces/id0022/vHzoWDUboWA
train,id0018,English,KQrdbivDg9E,faces/id0018/KQrdbivDg9E/0000000.jpg,voices/id0018/English/KQrdbivDg9E/00010.wav,faces/id0018/KQrdbivDg9E
train,id0050,English,QDoC9o2ArtE,faces/id0050/QDoC9o2ArtE/0000225.jpg,voices/id0050/English/QDoC9o2ArtE/00004.wav,faces/id0050/QDoC9o2ArtE
train,id0039,English,qyZ004QI6Iw,faces/id0039/qyZ004QI6Iw/0000025.jpg,voices/id0039/English/qyZ004QI6Iw/00037.wav,faces/id0039/qyZ004QI6Iw
train,id0056,English,70s,faces/id0056/70s/0000200.jpg,voices/id0056/English/70s/00012.wav,faces/id0056/70s
train,id0011,English,YwozNG5iuSY,faces/id0011/YwozNG5iuSY/0001125.jpg,voices/id0011/English/YwozNG5iuSY/00006.wav,faces/id0011/YwozNG5iuSY
train,id0050,English,VryIsSpFp4k,faces/id0050/VryIsSpFp4k/0000025.jpg,voices/id0050/English/VryIsSpFp4k/00004.wav,faces/id0050/VryIsSpFp4k
train,id0028,English,ghJA8nG4w2s,faces/id0028/ghJA8nG4w2s/0001550.jpg,voices/id0028/English/ghJA8nG4w2s/00006.wav,faces/id0028/ghJA8nG4w2s
train,id0009,English,gXnUW8OooRk,faces/id0009/gXnUW8OooRk/0000275.jpg,voices/id0009/English/gXnUW8OooRk/00027.wav,faces/id0009/gXnUW8OooRk
train,id0048,English,dpd_s0t0geM,faces/id0048/dpd_s0t0geM/0002900.jpg,voices/id0048/English/dpd_s0t0geM/00095.wav,faces/id0048/dpd_s0t0geM
train,id0052,English,uX3Q8CzGyVk,faces/id0052/uX3Q8CzGyVk/0000025.jpg,voices/id0052/English/uX3Q8CzGyVk/00000.wav,faces/id0052/uX3Q8CzGyVk
train,id0049,English,jf3oK8oAoFA,faces/id0049/jf3oK8oAoFA/0000350.jpg,voices/id0049/English/jf3oK8oAoFA/00004.wav,faces/id0049/jf3oK8oAoFA
train,id0056,English,70s,faces/id0056/70s/0000200.jpg,voices/id0056/English/70s/00007.wav,faces/id0056/70s
train,id0050,English,4v8-g5ByMh4,faces/id0050/4v8-g5ByMh4/0000025.jpg,voices/id0050/English/4v8-g5ByMh4/00010.wav,faces/id0050/4v8-g5ByMh4
train,id0060,English,4v8ORoykFSQ,faces/id0060/4v8ORoykFSQ/0009650.jpg,voices/id0060/English/4v8ORoykFSQ/00007.wav,faces/id0060/4v8ORoykFSQ
train,id0009,English,Vx6_0RMT3jw,faces/id0009/Vx6_0RMT3jw/0000600.jpg,voices/id0009/English/Vx6_0RMT3jw/00010.wav,faces/id0009/Vx6_0RMT3jw
train,id0050,English,4v8-g5ByMh4,faces/id0050/4v8-g5ByMh4/0000025.jpg,voices/id0050/English/4v8-g5ByMh4/00015.wav,faces/id0050/4v8-g5ByMh4
train,id0011,English,de7oVYjfT3Y,faces/id0011/de7oVYjfT3Y/0000050.jpg,voices/id0011/English/de7oVYjfT3Y/00015.wav,faces/id0011/de7oVYjfT3Y
train,id0017,English,zlk48IYyvQY,faces/id0017/zlk48IYyvQY/0000000.jpg,voices/id0017/English/zlk48IYyvQY/00001.wav,faces/id0017/zlk48IYyvQY
train,id0048,English,dpd_s0t0geM,faces/id0048/dpd_s0t0geM/0002900.jpg,voices/id0048/English/dpd_s0t0geM/00060.wav,faces/id0048/dpd_s0t0geM
train,id0009,English,CbMvPV-JKew,faces/id0009/CbMvPV-JKew/0001075.jpg,voices/id0009/English/CbMvPV-JKew/00024.wav,faces/id0009/CbMvPV-JKew
train,id0064,English,-IdCGsKL8KE,faces/id0064/-IdCGsKL8KE/0004200.jpg,voices/id0064/English/-IdCGsKL8KE/00024.wav,faces/id0064/-IdCGsKL8KE
train,id0060,English,QHdn7Zte9MU,faces/id0060/QHdn7Zte9MU/0000225.jpg,voices/id0060/English/QHdn7Zte9MU/00008.wav,faces/id0060/QHdn7Zte9MU
train,id0022,English,cIaJasZFQ94,faces/id0022/cIaJasZFQ94/0002650.jpg,voices/id0022/English/cIaJasZFQ94/00035.wav,faces/id0022/cIaJasZFQ94
train,id0060,English,QHdn7Zte9MU,faces/id0060/QHdn7Zte9MU/0000225.jpg,voices/id0060/English/QHdn7Zte9MU/00015.wav,faces/id0060/QHdn7Zte9MU
train,id0001,English,mg8ST-ymYv0,faces/id0001/mg8ST-ymYv0/0030925.jpg,voices/id0001/English/mg8ST-ymYv0/00006.wav,faces/id0001/mg8ST-ymYv0
train,id0017,English,iNzFuVDC0vE,faces/id0017/iNzFuVDC0vE/0001325.jpg,voices/id0017/English/iNzFuVDC0vE/00000.wav,faces/id0017/iNzFuVDC0vE
train,id0024,English,Zh1mPZ-UuSA,faces/id0024/Zh1mPZ-UuSA/0000400.jpg,voices/id0024/English/Zh1mPZ-UuSA/00003.wav,faces/id0024/Zh1mPZ-UuSA
train,id0032,English,J6tj_dnS-20,faces/id0032/J6tj_dnS-20/0000675.jpg,voices/id0032/English/J6tj_dnS-20/00000.wav,faces/id0032/J6tj_dnS-20
train,id0013,English,O4f7_5Mv_5c,faces/id0013/O4f7_5Mv_5c/0000400.jpg,voices/id0013/English/O4f7_5Mv_5c/00004.wav,faces/id0013/O4f7_5Mv_5c
train,id0015,English,BupAovo40Uc,faces/id0015/BupAovo40Uc/0000250.jpg,voices/id0015/English/BupAovo40Uc/00030.wav,faces/id0015/BupAovo40Uc
train,id0010,English,YA3TA8K8CPM,faces/id0010/YA3TA8K8CPM/0000200.jpg,voices/id0010/English/YA3TA8K8CPM/00010.wav,faces/id0010/YA3TA8K8CPM
train,id0018,English,KQrdbivDg9E,faces/id0018/KQrdbivDg9E/0000000.jpg,voices/id0018/English/KQrdbivDg9E/00024.wav,faces/id0018/KQrdbivDg9E
train,id0041,English,Upt0nCuiOo8,faces/id0041/Upt0nCuiOo8/0000125.jpg,voices/id0041/English/Upt0nCuiOo8/00001.wav,faces/id0041/Upt0nCuiOo8
train,id0048,English,dpd_s0t0geM,faces/id0048/dpd_s0t0geM/0002900.jpg,voices/id0048/English/dpd_s0t0geM/00071.wav,faces/id0048/dpd_s0t0geM
train,id0067,English,aGdUenA305A,faces/id0067/aGdUenA305A/0000025.jpg,voices/id0067/English/aGdUenA305A/00013.wav,faces/id0067/aGdUenA305A
train,id0052,English,oKKSSoDfquA,faces/id0052/oKKSSoDfquA/0000025.jpg,voices/id0052/English/oKKSSoDfquA/00041.wav,faces/id0052/oKKSSoDfquA
train,id0039,English,qyZ004QI6Iw,faces/id0039/qyZ004QI6Iw/0000025.jpg,voices/id0039/English/qyZ004QI6Iw/00098.wav,faces/id0039/qyZ004QI6Iw
train,id0045,English,h7A9ToTEKQA,faces/id0045/h7A9ToTEKQA/0000750.jpg,voices/id0045/English/h7A9ToTEKQA/00025.wav,faces/id0045/h7A9ToTEKQA
train,id0039,English,vKiGkbyfHPA,faces/id0039/vKiGkbyfHPA/0000025.jpg,voices/id0039/English/vKiGkbyfHPA/00007.wav,faces/id0039/vKiGkbyfHPA
train,id0062,English,SK8nrapRgqQ,faces/id0062/SK8nrapRgqQ/0001575.jpg,voices/id0062/English/SK8nrapRgqQ/00060.wav,faces/id0062/SK8nrapRgqQ
train,id0019,English,u2eClpoLbb4,faces/id0019/u2eClpoLbb4/0002750.jpg,voices/id0019/English/u2eClpoLbb4/00008.wav,faces/id0019/u2eClpoLbb4
train,id0050,English,VryIsSpFp4k,faces/id0050/VryIsSpFp4k/0000025.jpg,voices/id0050/English/VryIsSpFp4k/00012.wav,faces/id0050/VryIsSpFp4k
train,id0039,English,Rd7cpcoG0lE,faces/id0039/Rd7cpcoG0lE/0000150.jpg,voices/id0039/English/Rd7cpcoG0lE/00000.wav,faces/id0039/Rd7cpcoG0lE
train,id0052,English,ZMFntWRg8LY,faces/id0052/ZMFntWRg8LY/0002375.jpg,voices/id0052/English/ZMFntWRg8LY/00009.wav,faces/id0052/ZMFntWRg8LY
train,id0067,English,aGdUenA305A,faces/id0067/aGdUenA305A/0000025.jpg,voices/id0067/English/aGdUenA305A/00002.wav,faces/id0067/aGdUenA305A
train,id0059,English,Nqcoz0iuxEk,faces/id0059/Nqcoz0iuxEk/0002250.jpg,voices/id0059/English/Nqcoz0iuxEk/00034.wav,faces/id0059/Nqcoz0iuxEk
train,id0013,English,O4f7_5Mv_5c,faces/id0013/O4f7_5Mv_5c/0000400.jpg,voices/id0013/English/O4f7_5Mv_5c/00006.wav,faces/id0013/O4f7_5Mv_5c
train,id0001,English,M4apuT0lOAk,faces/id0001/M4apuT0lOAk/0004775.jpg,voices/id0001/English/M4apuT0lOAk/00001.wav,faces/id0001/M4apuT0lOAk
train,id0003,English,sHbyLrzEByw,faces/id0003/sHbyLrzEByw/0000975.jpg,voices/id0003/English/sHbyLrzEByw/00027.wav,faces/id0003/sHbyLrzEByw
train,id0011,English,ymgOryA8uUQ,faces/id0011/ymgOryA8uUQ/0000100.jpg,voices/id0011/English/ymgOryA8uUQ/00017.wav,faces/id0011/ymgOryA8uUQ
train,id0068,English,wtd-fRHS4UU,faces/id0068/wtd-fRHS4UU/0000000.jpg,voices/id0068/English/wtd-fRHS4UU/00000.wav,faces/id0068/wtd-fRHS4UU
train,id0001,English,M4apuT0lOAk,faces/id0001/M4apuT0lOAk/0004775.jpg,voices/id0001/English/M4apuT0lOAk/00004.wav,faces/id0001/M4apuT0lOAk
train,id0028,English,9jcHcByYp_s,faces/id0028/9jcHcByYp_s/0000625.jpg,voices/id0028/English/9jcHcByYp_s/00106.wav,faces/id0028/9jcHcByYp_s
train,id0028,English,dxqN3FoMml8,faces/id0028/dxqN3FoMml8/0002125.jpg,voices/id0028/English/dxqN3FoMml8/00026.wav,faces/id0028/dxqN3FoMml8
train,id0022,English,vHzoWDUboWA,faces/id0022/vHzoWDUboWA/0000900.jpg,voices/id0022/English/vHzoWDUboWA/00019.wav,faces/id0022/vHzoWDUboWA
train,id0029,English,52M95d6dSTo,faces/id0029/52M95d6dSTo/0000550.jpg,voices/id0029/English/52M95d6dSTo/00037.wav,faces/id0029/52M95d6dSTo
train,id0009,English,8sIenm04dHg,faces/id0009/8sIenm04dHg/0000550.jpg,voices/id0009/English/8sIenm04dHg/00001.wav,faces/id0009/8sIenm04dHg
train,id0038,English,ePuTjFlzREA,faces/id0038/ePuTjFlzREA/0000075.jpg,voices/id0038/English/ePuTjFlzREA/00015.wav,faces/id0038/ePuTjFlzREA
train,id0017,English,iNzFuVDC0vE,faces/id0017/iNzFuVDC0vE/0001325.jpg,voices/id0017/English/iNzFuVDC0vE/00062.wav,faces/id0017/iNzFuVDC0vE
train,id0055,English,TOreLyeF8sM,faces/id0055/TOreLyeF8sM/0000350.jpg,voices/id0055/English/TOreLyeF8sM/00003.wav,faces/id0055/TOreLyeF8sM
train,id0055,English,1E2M_GJQpfc,faces/id0055/1E2M_GJQpfc/0004125.jpg,voices/id0055/English/1E2M_GJQpfc/00008.wav,faces/id0055/1E2M_GJQpfc
train,id0012,English,ERAJ_QXo-oY,faces/id0012/ERAJ_QXo-oY/0002775.jpg,voices/id0012/English/ERAJ_QXo-oY/00005.wav,faces/id0012/ERAJ_QXo-oY
train,id0009,English,gXnUW8OooRk,faces/id0009/gXnUW8OooRk/0000275.jpg,voices/id0009/English/gXnUW8OooRk/00094.wav,faces/id0009/gXnUW8OooRk
train,id0033,English,02L6RPzTSoI,faces/id0033/02L6RPzTSoI/0001475.jpg,voices/id0033/English/02L6RPzTSoI/00045.wav,faces/id0033/02L6RPzTSoI
train,id0009,English,gXnUW8OooRk,faces/id0009/gXnUW8OooRk/0000275.jpg,voices/id0009/English/gXnUW8OooRk/00075.wav,faces/id0009/gXnUW8OooRk
train,id0016,English,_ZWgPMT33as,faces/id0016/_ZWgPMT33as/0000000.jpg,voices/id0016/English/_ZWgPMT33as/00010.wav,faces/id0016/_ZWgPMT33as
train,id0010,English,xVmH3hQ4Jn8,faces/id0010/xVmH3hQ4Jn8/0001175.jpg,voices/id0010/English/xVmH3hQ4Jn8/00000.wav,faces/id0010/xVmH3hQ4Jn8
train,id0064,English,-IdCGsKL8KE,faces/id0064/-IdCGsKL8KE/0004200.jpg,voices/id0064/English/-IdCGsKL8KE/00006.wav,faces/id0064/-IdCGsKL8KE
train,id0052,English,oKKSSoDfquA,faces/id0052/oKKSSoDfquA/0000025.jpg,voices/id0052/English/oKKSSoDfquA/00037.wav,faces/id0052/oKKSSoDfquA
train,id0062,English,4BHTy1yc7II,faces/id0062/4BHTy1yc7II/0000250.jpg,voices/id0062/English/4BHTy1yc7II/00012.wav,faces/id0062/4BHTy1yc7II
train,id0025,English,9UKSten91H4,faces/id0025/9UKSten91H4/0000025.jpg,voices/id0025/English/9UKSten91H4/00015.wav,faces/id0025/9UKSten91H4
train,id0003,English,bV2qGq9jc9Y,faces/id0003/bV2qGq9jc9Y/0001275.jpg,voices/id0003/English/bV2qGq9jc9Y/00020.wav,faces/id0003/bV2qGq9jc9Y
train,id0005,English,YETolXZneZA,faces/id0005/YETolXZneZA/0000000.jpg,voices/id0005/English/YETolXZneZA/00006.wav,faces/id0005/YETolXZneZA
train,id0028,English,9jcHcByYp_s,faces/id0028/9jcHcByYp_s/0000625.jpg,voices/id0028/English/9jcHcByYp_s/00096.wav,faces/id0028/9jcHcByYp_s
train,id0011,English,ymgOryA8uUQ,faces/id0011/ymgOryA8uUQ/0000100.jpg,voices/id0011/English/ymgOryA8uUQ/00025.wav,faces/id0011/ymgOryA8uUQ
train,id0003,English,bV2qGq9jc9Y,faces/id0003/bV2qGq9jc9Y/0001275.jpg,voices/id0003/English/bV2qGq9jc9Y/00032.wav,faces/id0003/bV2qGq9jc9Y
train,id0065,English,eBNt-eUM9RA,faces/id0065/eBNt-eUM9RA/0014500.jpg,voices/id0065/English/eBNt-eUM9RA/00000.wav,faces/id0065/eBNt-eUM9RA
train,id0053,English,oO1YLLuj52g,faces/id0053/oO1YLLuj52g/0000250.jpg,voices/id0053/English/oO1YLLuj52g/00012.wav,faces/id0053/oO1YLLuj52g
train,id0056,English,q6VqhaSc7Hg,faces/id0056/q6VqhaSc7Hg/0000725.jpg,voices/id0056/English/q6VqhaSc7Hg/00002.wav,faces/id0056/q6VqhaSc7Hg
train,id0017,English,whnDqsIJoqI,faces/id0017/whnDqsIJoqI/0000250.jpg,voices/id0017/English/whnDqsIJoqI/00005.wav,faces/id0017/whnDqsIJoqI
train,id0053,English,oO1YLLuj52g,faces/id0053/oO1YLLuj52g/0000250.jpg,voices/id0053/English/oO1YLLuj52g/00000.wav,faces/id0053/oO1YLLuj52g
train,id0037,English,7,faces/id0037/7/0000000.jpg,voices/id0037/English/7/00004.wav,faces/id0037/7
train,id0029,English,6Afm15o4tqw,faces/id0029/6Afm15o4tqw/0000325.jpg,voices/id0029/English/6Afm15o4tqw/00010.wav,faces/id0029/6Afm15o4tqw
train,id0009,English,gXnUW8OooRk,faces/id0009/gXnUW8OooRk/0000275.jpg,voices/id0009/English/gXnUW8OooRk/00063.wav,faces/id0009/gXnUW8OooRk
train,id0037,English,RvS7RB4PYqg,faces/id0037/RvS7RB4PYqg/0000000.jpg,voices/id0037/English/RvS7RB4PYqg/00004.wav,faces/id0037/RvS7RB4PYqg
train,id0033,English,tN2pW8F-ANo,faces/id0033/tN2pW8F-ANo/0000000.jpg,voices/id0033/English/tN2pW8F-ANo/00006.wav,faces/id0033/tN2pW8F-ANo
train,id0067,English,aGdUenA305A,faces/id0067/aGdUenA305A/0000025.jpg,voices/id0067/English/aGdUenA305A/00058.wav,faces/id0067/aGdUenA305A
train,id0043,English,BcP6EKeHE4U,faces/id0043/BcP6EKeHE4U/0000425.jpg,voices/id0043/English/BcP6EKeHE4U/00011.wav,faces/id0043/BcP6EKeHE4U
train,id0022,English,cIaJasZFQ94,faces/id0022/cIaJasZFQ94/0002650.jpg,voices/id0022/English/cIaJasZFQ94/00032.wav,faces/id0022/cIaJasZFQ94
train,id0067,English,aGdUenA305A,faces/id0067/aGdUenA305A/0000025.jpg,voices/id0067/English/aGdUenA305A/00044.wav,faces/id0067/aGdUenA305A
train,id0003,English,COiUHZ_xbO4,faces/id0003/COiUHZ_xbO4/0000600.jpg,voices/id0003/English/COiUHZ_xbO4/00012.wav,faces/id0003/COiUHZ_xbO4
train,id0048,English,MzgfSKySMIU,faces/id0048/MzgfSKySMIU/0000000.jpg,voices/id0048/English/MzgfSKySMIU/00002.wav,faces/id0048/MzgfSKySMIU
train,id0028,English,9jcHcByYp_s,faces/id0028/9jcHcByYp_s/0000625.jpg,voices/id0028/English/9jcHcByYp_s/00011.wav,faces/id0028/9jcHcByYp_s
train,id0033,English,tN2pW8F-ANo,faces/id0033/tN2pW8F-ANo/0000000.jpg,voices/id0033/English/tN2pW8F-ANo/00000.wav,faces/id0033/tN2pW8F-ANo
train,id0015,English,BupAovo40Uc,faces/id0015/BupAovo40Uc/0000250.jpg,voices/id0015/English/BupAovo40Uc/00002.wav,faces/id0015/BupAovo40Uc
train,id0022,English,PoMGgCakSb0,faces/id0022/PoMGgCakSb0/0000000.jpg,voices/id0022/English/PoMGgCakSb0/00020.wav,faces/id0022/PoMGgCakSb0
train,id0018,English,fV7clNE9P7k,faces/id0018/fV7clNE9P7k/0002200.jpg,voices/id0018/English/fV7clNE9P7k/00026.wav,faces/id0018/fV7clNE9P7k
train,id0013,English,O4f7_5Mv_5c,faces/id0013/O4f7_5Mv_5c/0000400.jpg,voices/id0013/English/O4f7_5Mv_5c/00001.wav,faces/id0013/O4f7_5Mv_5c
train,id0052,English,oKKSSoDfquA,faces/id0052/oKKSSoDfquA/0000025.jpg,voices/id0052/English/oKKSSoDfquA/00014.wav,faces/id0052/oKKSSoDfquA
train,id0029,English,52M95d6dSTo,faces/id0029/52M95d6dSTo/0000550.jpg,voices/id0029/English/52M95d6dSTo/00010.wav,faces/id0029/52M95d6dSTo
train,id0006,English,caVRuzpMDNE,faces/id0006/caVRuzpMDNE/0000375.jpg,voices/id0006/English/caVRuzpMDNE/00017.wav,faces/id0006/caVRuzpMDNE
train,id0053,English,tvj1NTn9mLs,faces/id0053/tvj1NTn9mLs/0000275.jpg,voices/id0053/English/tvj1NTn9mLs/00003.wav,faces/id0053/tvj1NTn9mLs
train,id0021,English,36s,faces/id0021/36s/0000125.jpg,voices/id0021/English/36s/00002.wav,faces/id0021/36s
train,id0009,English,gXnUW8OooRk,faces/id0009/gXnUW8OooRk/0000275.jpg,voices/id0009/English/gXnUW8OooRk/00080.wav,faces/id0009/gXnUW8OooRk
train,id0012,English,ERAJ_QXo-oY,faces/id0012/ERAJ_QXo-oY/0002775.jpg,voices/id0012/English/ERAJ_QXo-oY/00015.wav,faces/id0012/ERAJ_QXo-oY
train,id0039,English,vKiGkbyfHPA,faces/id0039/vKiGkbyfHPA/0000025.jpg,voices/id0039/English/vKiGkbyfHPA/00033.wav,faces/id0039/vKiGkbyfHPA
train,id0003,English,bV2qGq9jc9Y,faces/id0003/bV2qGq9jc9Y/0001275.jpg,voices/id0003/English/bV2qGq9jc9Y/00029.wav,faces/id0003/bV2qGq9jc9Y
train,id0039,English,vKiGkbyfHPA,faces/id0039/vKiGkbyfHPA/0000025.jpg,voices/id0039/English/vKiGkbyfHPA/00071.wav,faces/id0039/vKiGkbyfHPA
train,id0011,English,ymgOryA8uUQ,faces/id0011/ymgOryA8uUQ/0000100.jpg,voices/id0011/English/ymgOryA8uUQ/00004.wav,faces/id0011/ymgOryA8uUQ
train,id0023,English,4JZJ3lvujWQ,faces/id0023/4JZJ3lvujWQ/0000000.jpg,voices/id0023/English/4JZJ3lvujWQ/00010.wav,faces/id0023/4JZJ3lvujWQ
train,id0042,English,879NYRQPID8,faces/id0042/879NYRQPID8/0000000.jpg,voices/id0042/English/879NYRQPID8/00008.wav,faces/id0042/879NYRQPID8
train,id0001,English,Y16ltGEvXzI,faces/id0001/Y16ltGEvXzI/0001300.jpg,voices/id0001/English/Y16ltGEvXzI/00049.wav,faces/id0001/Y16ltGEvXzI
train,id0045,English,QjPkuA2BoX4,faces/id0045/QjPkuA2BoX4/0001625.jpg,voices/id0045/English/QjPkuA2BoX4/00130.wav,faces/id0045/QjPkuA2BoX4
train,id0044,English,vYJc6nLFq40,faces/id0044/vYJc6nLFq40/0000625.jpg,voices/id0044/English/vYJc6nLFq40/00067.wav,faces/id0044/vYJc6nLFq40
train,id0023,English,65rZBmCnqtE,faces/id0023/65rZBmCnqtE/0000000.jpg,voices/id0023/English/65rZBmCnqtE/00007.wav,faces/id0023/65rZBmCnqtE
train,id0024,English,l_0BFvm_rBc,faces/id0024/l_0BFvm_rBc/0005200.jpg,voices/id0024/English/l_0BFvm_rBc/00011.wav,faces/id0024/l_0BFvm_rBc
train,id0051,English,JdwfC6b5xl8,faces/id0051/JdwfC6b5xl8/0000000.jpg,voices/id0051/English/JdwfC6b5xl8/00003.wav,faces/id0051/JdwfC6b5xl8
train,id0023,English,YtWNPDmdXvk,faces/id0023/YtWNPDmdXvk/0000300.jpg,voices/id0023/English/YtWNPDmdXvk/00000.wav,faces/id0023/YtWNPDmdXvk
train,id0002,English,R3Esg-J-Btg,faces/id0002/R3Esg-J-Btg/0000000.jpg,voices/id0002/English/R3Esg-J-Btg/00001.wav,faces/id0002/R3Esg-J-Btg
train,id0044,English,vYJc6nLFq40,faces/id0044/vYJc6nLFq40/0000625.jpg,voices/id0044/English/vYJc6nLFq40/00076.wav,faces/id0044/vYJc6nLFq40
train,id0041,English,igda3vF6SuI,faces/id0041/igda3vF6SuI/0001950.jpg,voices/id0041/English/igda3vF6SuI/00016.wav,faces/id0041/igda3vF6SuI
train,id0003,English,bV2qGq9jc9Y,faces/id0003/bV2qGq9jc9Y/0001275.jpg,voices/id0003/English/bV2qGq9jc9Y/00024.wav,faces/id0003/bV2qGq9jc9Y
train,id0012,English,p4TqgGpwPuo,faces/id0012/p4TqgGpwPuo/0003100.jpg,voices/id0012/English/p4TqgGpwPuo/00000.wav,faces/id0012/p4TqgGpwPuo
train,id0067,English,aGdUenA305A,faces/id0067/aGdUenA305A/0000025.jpg,voices/id0067/English/aGdUenA305A/00061.wav,faces/id0067/aGdUenA305A
train,id0039,English,vKiGkbyfHPA,faces/id0039/vKiGkbyfHPA/0000025.jpg,voices/id0039/English/vKiGkbyfHPA/00093.wav,faces/id0039/vKiGkbyfHPA
train,id0045,English,h7A9ToTEKQA,faces/id0045/h7A9ToTEKQA/0000750.jpg,voices/id0045/English/h7A9ToTEKQA/00010.wav,faces/id0045/h7A9ToTEKQA
train,id0016,English,_ZWgPMT33as,faces/id0016/_ZWgPMT33as/0000000.jpg,voices/id0016/English/_ZWgPMT33as/00003.wav,faces/id0016/_ZWgPMT33as
train,id0028,English,dxqN3FoMml8,faces/id0028/dxqN3FoMml8/0002125.jpg,voices/id0028/English/dxqN3FoMml8/00011.wav,faces/id0028/dxqN3FoMml8
train,id0017,English,iNzFuVDC0vE,faces/id0017/iNzFuVDC0vE/0001325.jpg,voices/id0017/English/iNzFuVDC0vE/00027.wav,faces/id0017/iNzFuVDC0vE
train,id0070,English,2dSKek-xst8,faces/id0070/2dSKek-xst8/0007725.jpg,voices/id0070/English/2dSKek-xst8/00000.wav,faces/id0070/2dSKek-xst8
train,id0037,English,RvS7RB4PYqg,faces/id0037/RvS7RB4PYqg/0000000.jpg,voices/id0037/English/RvS7RB4PYqg/00002.wav,faces/id0037/RvS7RB4PYqg
train,id0020,English,eJbUxNrtE70,faces/id0020/eJbUxNrtE70/0001900.jpg,voices/id0020/English/eJbUxNrtE70/00010.wav,faces/id0020/eJbUxNrtE70
train,id0024,English,27T3pMqtDG8,faces/id0024/27T3pMqtDG8/0003225.jpg,voices/id0024/English/27T3pMqtDG8/00009.wav,faces/id0024/27T3pMqtDG8
train,id0003,English,s4eWJQjHB0I,faces/id0003/s4eWJQjHB0I/0001275.jpg,voices/id0003/English/s4eWJQjHB0I/00022.wav,faces/id0003/s4eWJQjHB0I
train,id0057,English,ibr4dXajSJ8,faces/id0057/ibr4dXajSJ8/0000225.jpg,voices/id0057/English/ibr4dXajSJ8/00007.wav,faces/id0057/ibr4dXajSJ8
train,id0001,English,SpfaJtrTMfc,faces/id0001/SpfaJtrTMfc/0002475.jpg,voices/id0001/English/SpfaJtrTMfc/00011.wav,faces/id0001/SpfaJtrTMfc
train,id0041,English,7m4O_-EO16E,faces/id0041/7m4O_-EO16E/0000050.jpg,voices/id0041/English/7m4O_-EO16E/00015.wav,faces/id0041/7m4O_-EO16E
train,id0045,English,QjPkuA2BoX4,faces/id0045/QjPkuA2BoX4/0001625.jpg,voices/id0045/English/QjPkuA2BoX4/00050.wav,faces/id0045/QjPkuA2BoX4
train,id0041,English,7m4O_-EO16E,faces/id0041/7m4O_-EO16E/0000050.jpg,voices/id0041/English/7m4O_-EO16E/00016.wav,faces/id0041/7m4O_-EO16E
train,id0024,English,Zh1mPZ-UuSA,faces/id0024/Zh1mPZ-UuSA/0000400.jpg,voices/id0024/English/Zh1mPZ-UuSA/00000.wav,faces/id0024/Zh1mPZ-UuSA
train,id0060,English,QHdn7Zte9MU,faces/id0060/QHdn7Zte9MU/0000225.jpg,voices/id0060/English/QHdn7Zte9MU/00025.wav,faces/id0060/QHdn7Zte9MU
train,id0046,English,l3B08ddiu50,faces/id0046/l3B08ddiu50/0000375.jpg,voices/id0046/English/l3B08ddiu50/00010.wav,faces/id0046/l3B08ddiu50
train,id0009,English,gXnUW8OooRk,faces/id0009/gXnUW8OooRk/0000275.jpg,voices/id0009/English/gXnUW8OooRk/00003.wav,faces/id0009/gXnUW8OooRk
train,id0028,English,dxqN3FoMml8,faces/id0028/dxqN3FoMml8/0002125.jpg,voices/id0028/English/dxqN3FoMml8/00034.wav,faces/id0028/dxqN3FoMml8
train,id0055,English,Y3ZWxCjUYyQ,faces/id0055/Y3ZWxCjUYyQ/0000050.jpg,voices/id0055/English/Y3ZWxCjUYyQ/00000.wav,faces/id0055/Y3ZWxCjUYyQ
train,id0001,English,wiIZUuya6tM,faces/id0001/wiIZUuya6tM/0000800.jpg,voices/id0001/English/wiIZUuya6tM/00015.wav,faces/id0001/wiIZUuya6tM
train,id0039,English,qyZ004QI6Iw,faces/id0039/qyZ004QI6Iw/0000025.jpg,voices/id0039/English/qyZ004QI6Iw/00140.wav,faces/id0039/qyZ004QI6Iw
train,id0039,English,qyZ004QI6Iw,faces/id0039/qyZ004QI6Iw/0000025.jpg,voices/id0039/English/qyZ004QI6Iw/00044.wav,faces/id0039/qyZ004QI6Iw
train,id0056,English,1_a3Y6LGpAA,faces/id0056/1_a3Y6LGpAA/0000825.jpg,voices/id0056/English/1_a3Y6LGpAA/00066.wav,faces/id0056/1_a3Y6LGpAA
train,id0009,English,ACwVcpt8MFA,faces/id0009/ACwVcpt8MFA/0004675.jpg,voices/id0009/English/ACwVcpt8MFA/00011.wav,faces/id0009/ACwVcpt8MFA
train,id0018,English,KQrdbivDg9E,faces/id0018/KQrdbivDg9E/0000000.jpg,voices/id0018/English/KQrdbivDg9E/00057.wav,faces/id0018/KQrdbivDg9E
train,id0029,English,SnVpb830XpQ,faces/id0029/SnVpb830XpQ/0000025.jpg,voices/id0029/English/SnVpb830XpQ/00002.wav,faces/id0029/SnVpb830XpQ
train,id0001,English,wiIZUuya6tM,faces/id0001/wiIZUuya6tM/0000800.jpg,voices/id0001/English/wiIZUuya6tM/00008.wav,faces/id0001/wiIZUuya6tM
train,id0043,English,6hf-RQmsLTg,faces/id0043/6hf-RQmsLTg/0002050.jpg,voices/id0043/English/6hf-RQmsLTg/00000.wav,faces/id0043/6hf-RQmsLTg
train,id0045,English,QjPkuA2BoX4,faces/id0045/QjPkuA2BoX4/0001625.jpg,voices/id0045/English/QjPkuA2BoX4/00119.wav,faces/id0045/QjPkuA2BoX4
train,id0017,English,iNzFuVDC0vE,faces/id0017/iNzFuVDC0vE/0001325.jpg,voices/id0017/English/iNzFuVDC0vE/00055.wav,faces/id0017/iNzFuVDC0vE
train,id0044,English,vYJc6nLFq40,faces/id0044/vYJc6nLFq40/0000625.jpg,voices/id0044/English/vYJc6nLFq40/00048.wav,faces/id0044/vYJc6nLFq40
train,id0056,English,70s,faces/id0056/70s/0000200.jpg,voices/id0056/English/70s/00010.wav,faces/id0056/70s
train,id0012,English,ERAJ_QXo-oY,faces/id0012/ERAJ_QXo-oY/0002775.jpg,voices/id0012/English/ERAJ_QXo-oY/00029.wav,faces/id0012/ERAJ_QXo-oY
train,id0025,English,VlFa0S-juA0,faces/id0025/VlFa0S-juA0/0000000.jpg,voices/id0025/English/VlFa0S-juA0/00048.wav,faces/id0025/VlFa0S-juA0
train,id0061,English,cOPwZX2_gR4,faces/id0061/cOPwZX2_gR4/0000025.jpg,voices/id0061/English/cOPwZX2_gR4/00003.wav,faces/id0061/cOPwZX2_gR4
train,id0039,English,vKiGkbyfHPA,faces/id0039/vKiGkbyfHPA/0000025.jpg,voices/id0039/English/vKiGkbyfHPA/00006.wav,faces/id0039/vKiGkbyfHPA
train,id0003,English,s4eWJQjHB0I,faces/id0003/s4eWJQjHB0I/0001275.jpg,voices/id0003/English/s4eWJQjHB0I/00010.wav,faces/id0003/s4eWJQjHB0I
train,id0014,English,eZvFT9J80TQ,faces/id0014/eZvFT9J80TQ/0001000.jpg,voices/id0014/English/eZvFT9J80TQ/00007.wav,faces/id0014/eZvFT9J80TQ
train,id0033,English,Bd_fr4OC_pk,faces/id0033/Bd_fr4OC_pk/0000525.jpg,voices/id0033/English/Bd_fr4OC_pk/00000.wav,faces/id0033/Bd_fr4OC_pk
train,id0064,English,-IdCGsKL8KE,faces/id0064/-IdCGsKL8KE/0004200.jpg,voices/id0064/English/-IdCGsKL8KE/00028.wav,faces/id0064/-IdCGsKL8KE
train,id0044,English,vYJc6nLFq40,faces/id0044/vYJc6nLFq40/0000625.jpg,voices/id0044/English/vYJc6nLFq40/00058.wav,faces/id0044/vYJc6nLFq40
train,id0029,English,SnVpb830XpQ,faces/id0029/SnVpb830XpQ/0000025.jpg,voices/id0029/English/SnVpb830XpQ/00009.wav,faces/id0029/SnVpb830XpQ
train,id0025,English,h0Xu0h8Ry8c,faces/id0025/h0Xu0h8Ry8c/0000050.jpg,voices/id0025/English/h0Xu0h8Ry8c/00003.wav,faces/id0025/h0Xu0h8Ry8c
train,id0037,English,JQXdD8SMjkI,faces/id0037/JQXdD8SMjkI/0001425.jpg,voices/id0037/English/JQXdD8SMjkI/00014.wav,faces/id0037/JQXdD8SMjkI
train,id0052,English,oKKSSoDfquA,faces/id0052/oKKSSoDfquA/0000025.jpg,voices/id0052/English/oKKSSoDfquA/00090.wav,faces/id0052/oKKSSoDfquA
train,id0052,English,bxObwwjdMnY,faces/id0052/bxObwwjdMnY/0000025.jpg,voices/id0052/English/bxObwwjdMnY/00018.wav,faces/id0052/bxObwwjdMnY
train,id0033,English,Bd_fr4OC_pk,faces/id0033/Bd_fr4OC_pk/0000525.jpg,voices/id0033/English/Bd_fr4OC_pk/00011.wav,faces/id0033/Bd_fr4OC_pk
train,id0054,English,npX324mAtR0,faces/id0054/npX324mAtR0/0000025.jpg,voices/id0054/English/npX324mAtR0/00018.wav,faces/id0054/npX324mAtR0
train,id0001,English,Y16ltGEvXzI,faces/id0001/Y16ltGEvXzI/0001300.jpg,voices/id0001/English/Y16ltGEvXzI/00046.wav,faces/id0001/Y16ltGEvXzI
train,id0001,English,SpfaJtrTMfc,faces/id0001/SpfaJtrTMfc/0002475.jpg,voices/id0001/English/SpfaJtrTMfc/00025.wav,faces/id0001/SpfaJtrTMfc
train,id0028,English,REIQ9Vlh0Lk,faces/id0028/REIQ9Vlh0Lk/0000000.jpg,voices/id0028/English/REIQ9Vlh0Lk/00052.wav,faces/id0028/REIQ9Vlh0Lk
train,id0001,English,U3rWfLEkFvg,faces/id0001/U3rWfLEkFvg/0000450.jpg,voices/id0001/English/U3rWfLEkFvg/00012.wav,faces/id0001/U3rWfLEkFvg
train,id0039,English,qyZ004QI6Iw,faces/id0039/qyZ004QI6Iw/0000025.jpg,voices/id0039/English/qyZ004QI6Iw/00016.wav,faces/id0039/qyZ004QI6Iw
train,id0048,English,dpd_s0t0geM,faces/id0048/dpd_s0t0geM/0002900.jpg,voices/id0048/English/dpd_s0t0geM/00010.wav,faces/id0048/dpd_s0t0geM
train,id0013,English,CbHAv1DqVtA,faces/id0013/CbHAv1DqVtA/0000450.jpg,voices/id0013/English/CbHAv1DqVtA/00004.wav,faces/id0013/CbHAv1DqVtA
train,id0045,English,QjPkuA2BoX4,faces/id0045/QjPkuA2BoX4/0001625.jpg,voices/id0045/English/QjPkuA2BoX4/00142.wav,faces/id0045/QjPkuA2BoX4
train,id0028,English,dxqN3FoMml8,faces/id0028/dxqN3FoMml8/0002125.jpg,voices/id0028/English/dxqN3FoMml8/00021.wav,faces/id0028/dxqN3FoMml8
train,id0056,English,uhzP5FBium0,faces/id0056/uhzP5FBium0/0000500.jpg,voices/id0056/English/uhzP5FBium0/00000.wav,faces/id0056/uhzP5FBium0
train,id0015,English,hU5pLzIixjw,faces/id0015/hU5pLzIixjw/0000975.jpg,voices/id0015/English/hU5pLzIixjw/00030.wav,faces/id0015/hU5pLzIixjw
train,id0015,English,hU5pLzIixjw,faces/id0015/hU5pLzIixjw/0000975.jpg,voices/id0015/English/hU5pLzIixjw/00015.wav,faces/id0015/hU5pLzIixjw
train,id0028,English,9jcHcByYp_s,faces/id0028/9jcHcByYp_s/0000625.jpg,voices/id0028/English/9jcHcByYp_s/00046.wav,faces/id0028/9jcHcByYp_s
train,id0001,English,SpfaJtrTMfc,faces/id0001/SpfaJtrTMfc/0002475.jpg,voices/id0001/English/SpfaJtrTMfc/00006.wav,faces/id0001/SpfaJtrTMfc
train,id0016,English,8JDCjoGMly8,faces/id0016/8JDCjoGMly8/0001350.jpg,voices/id0016/English/8JDCjoGMly8/00024.wav,faces/id0016/8JDCjoGMly8
train,id0028,English,dxqN3FoMml8,faces/id0028/dxqN3FoMml8/0002125.jpg,voices/id0028/English/dxqN3FoMml8/00030.wav,faces/id0028/dxqN3FoMml8
train,id0029,English,6Afm15o4tqw,faces/id0029/6Afm15o4tqw/0000325.jpg,voices/id0029/English/6Afm15o4tqw/00017.wav,faces/id0029/6Afm15o4tqw
train,id0067,English,aGdUenA305A,faces/id0067/aGdUenA305A/0000025.jpg,voices/id0067/English/aGdUenA305A/00075.wav,faces/id0067/aGdUenA305A
train,id0012,English,k-f3Nnd5n8A,faces/id0012/k-f3Nnd5n8A/0000000.jpg,voices/id0012/English/k-f3Nnd5n8A/00032.wav,faces/id0012/k-f3Nnd5n8A
train,id0052,English,oKKSSoDfquA,faces/id0052/oKKSSoDfquA/0000025.jpg,voices/id0052/English/oKKSSoDfquA/00083.wav,faces/id0052/oKKSSoDfquA
train,id0037,English,HiFhlkZ8VTM,faces/id0037/HiFhlkZ8VTM/0003400.jpg,voices/id0037/English/HiFhlkZ8VTM/00012.wav,faces/id0037/HiFhlkZ8VTM
train,id0027,English,Pmd64Lm2bKg,faces/id0027/Pmd64Lm2bKg/0000125.jpg,voices/id0027/English/Pmd64Lm2bKg/00000.wav,faces/id0027/Pmd64Lm2bKg
train,id0005,English,GuO4KvXh7Js,faces/id0005/GuO4KvXh7Js/0000000.jpg,voices/id0005/English/GuO4KvXh7Js/00004.wav,faces/id0005/GuO4KvXh7Js
train,id0013,English,hlzQirEpr-0,faces/id0013/hlzQirEpr-0/0000000.jpg,voices/id0013/English/hlzQirEpr-0/00005.wav,faces/id0013/hlzQirEpr-0
train,id0039,English,qyZ004QI6Iw,faces/id0039/qyZ004QI6Iw/0000025.jpg,voices/id0039/English/qyZ004QI6Iw/00122.wav,faces/id0039/qyZ004QI6Iw
train,id0052,English,uX3Q8CzGyVk,faces/id0052/uX3Q8CzGyVk/0000025.jpg,voices/id0052/English/uX3Q8CzGyVk/00048.wav,faces/id0052/uX3Q8CzGyVk
train,id0069,English,9K0_Ba3uRQ8,faces/id0069/9K0_Ba3uRQ8/0000525.jpg,voices/id0069/English/9K0_Ba3uRQ8/00026.wav,faces/id0069/9K0_Ba3uRQ8
train,id0052,English,oKKSSoDfquA,faces/id0052/oKKSSoDfquA/0000025.jpg,voices/id0052/English/oKKSSoDfquA/00013.wav,faces/id0052/oKKSSoDfquA
train,id0017,English,zlk48IYyvQY,faces/id0017/zlk48IYyvQY/0000000.jpg,voices/id0017/English/zlk48IYyvQY/00008.wav,faces/id0017/zlk48IYyvQY
train,id0012,English,k-f3Nnd5n8A,faces/id0012/k-f3Nnd5n8A/0000000.jpg,voices/id0012/English/k-f3Nnd5n8A/00036.wav,faces/id0012/k-f3Nnd5n8A
train,id0052,English,Bk-cX342Faw,faces/id0052/Bk-cX342Faw/0000025.jpg,voices/id0052/English/Bk-cX342Faw/00000.wav,faces/id0052/Bk-cX342Faw
train,id0068,English,-ZrmolsHRi4,faces/id0068/-ZrmolsHRi4/0000500.jpg,voices/id0068/English/-ZrmolsHRi4/00002.wav,faces/id0068/-ZrmolsHRi4
train,id0028,English,REIQ9Vlh0Lk,faces/id0028/REIQ9Vlh0Lk/0000000.jpg,voices/id0028/English/REIQ9Vlh0Lk/00034.wav,faces/id0028/REIQ9Vlh0Lk
train,id0061,English,cOPwZX2_gR4,faces/id0061/cOPwZX2_gR4/0000025.jpg,voices/id0061/English/cOPwZX2_gR4/00006.wav,faces/id0061/cOPwZX2_gR4
train,id0054,English,L1lsne6_YtE,faces/id0054/L1lsne6_YtE/0000025.jpg,voices/id0054/English/L1lsne6_YtE/00043.wav,faces/id0054/L1lsne6_YtE
train,id0006,English,caVRuzpMDNE,faces/id0006/caVRuzpMDNE/0000375.jpg,voices/id0006/English/caVRuzpMDNE/00013.wav,faces/id0006/caVRuzpMDNE
train,id0009,English,ACwVcpt8MFA,faces/id0009/ACwVcpt8MFA/0004675.jpg,voices/id0009/English/ACwVcpt8MFA/00016.wav,faces/id0009/ACwVcpt8MFA
train,id0016,English,8JDCjoGMly8,faces/id0016/8JDCjoGMly8/0001350.jpg,voices/id0016/English/8JDCjoGMly8/00007.wav,faces/id0016/8JDCjoGMly8
train,id0003,English,PFHTzgQ_Bxg,faces/id0003/PFHTzgQ_Bxg/0006175.jpg,voices/id0003/English/PFHTzgQ_Bxg/00004.wav,faces/id0003/PFHTzgQ_Bxg
train,id0039,English,vKiGkbyfHPA,faces/id0039/vKiGkbyfHPA/0000025.jpg,voices/id0039/English/vKiGkbyfHPA/00139.wav,faces/id0039/vKiGkbyfHPA
train,id0001,English,sBBhXKlC4dA,faces/id0001/sBBhXKlC4dA/0000075.jpg,voices/id0001/English/sBBhXKlC4dA/00011.wav,faces/id0001/sBBhXKlC4dA
train,id0054,English,npX324mAtR0,faces/id0054/npX324mAtR0/0000025.jpg,voices/id0054/English/npX324mAtR0/00008.wav,faces/id0054/npX324mAtR0
train,id0021,English,M7smcdBePQA,faces/id0021/M7smcdBePQA/0001175.jpg,voices/id0021/English/M7smcdBePQA/00011.wav,faces/id0021/M7smcdBePQA
train,id0012,English,k-f3Nnd5n8A,faces/id0012/k-f3Nnd5n8A/0000000.jpg,voices/id0012/English/k-f3Nnd5n8A/00010.wav,faces/id0012/k-f3Nnd5n8A
train,id0069,English,9K0_Ba3uRQ8,faces/id0069/9K0_Ba3uRQ8/0000525.jpg,voices/id0069/English/9K0_Ba3uRQ8/00000.wav,faces/id0069/9K0_Ba3uRQ8
train,id0023,English,4JZJ3lvujWQ,faces/id0023/4JZJ3lvujWQ/0000000.jpg,voices/id0023/English/4JZJ3lvujWQ/00009.wav,faces/id0023/4JZJ3lvujWQ
train,id0059,English,fLmv5exbzmg,faces/id0059/fLmv5exbzmg/0001000.jpg,voices/id0059/English/fLmv5exbzmg/00008.wav,faces/id0059/fLmv5exbzmg
train,id0011,English,YwozNG5iuSY,faces/id0011/YwozNG5iuSY/0001125.jpg,voices/id0011/English/YwozNG5iuSY/00001.wav,faces/id0011/YwozNG5iuSY
train,id0028,English,9jcHcByYp_s,faces/id0028/9jcHcByYp_s/0000625.jpg,voices/id0028/English/9jcHcByYp_s/00018.wav,faces/id0028/9jcHcByYp_s
train,id0009,English,CbMvPV-JKew,faces/id0009/CbMvPV-JKew/0001075.jpg,voices/id0009/English/CbMvPV-JKew/00002.wav,faces/id0009/CbMvPV-JKew
train,id0024,English,1yPfpl6daG0,faces/id0024/1yPfpl6daG0/0005250.jpg,voices/id0024/English/1yPfpl6daG0/00014.wav,faces/id0024/1yPfpl6daG0
train,id0025,English,VlFa0S-juA0,faces/id0025/VlFa0S-juA0/0000000.jpg,voices/id0025/English/VlFa0S-juA0/00029.wav,faces/id0025/VlFa0S-juA0
train,id0011,English,YwozNG5iuSY,faces/id0011/YwozNG5iuSY/0001125.jpg,voices/id0011/English/YwozNG5iuSY/00002.wav,faces/id0011/YwozNG5iuSY
train,id0066,English,Z11MbuMakyI,faces/id0066/Z11MbuMakyI/0000400.jpg,voices/id0066/English/Z11MbuMakyI/00000.wav,faces/id0066/Z11MbuMakyI
train,id0059,English,Nqcoz0iuxEk,faces/id0059/Nqcoz0iuxEk/0002250.jpg,voices/id0059/English/Nqcoz0iuxEk/00056.wav,faces/id0059/Nqcoz0iuxEk
train,id0056,English,70s,faces/id0056/70s/0000200.jpg,voices/id0056/English/70s/00011.wav,faces/id0056/70s
train,id0009,English,gXnUW8OooRk,faces/id0009/gXnUW8OooRk/0000275.jpg,voices/id0009/English/gXnUW8OooRk/00021.wav,faces/id0009/gXnUW8OooRk
train,id0028,English,9jcHcByYp_s,faces/id0028/9jcHcByYp_s/0000625.jpg,voices/id0028/English/9jcHcByYp_s/00065.wav,faces/id0028/9jcHcByYp_s
train,id0050,English,68s,faces/id0050/68s/0000025.jpg,voices/id0050/English/68s/00007.wav,faces/id0050/68s
train,id0032,English,VeOK09y1z7g,faces/id0032/VeOK09y1z7g/0000125.jpg,voices/id0032/English/VeOK09y1z7g/00007.wav,faces/id0032/VeOK09y1z7g
train,id0067,English,aGdUenA305A,faces/id0067/aGdUenA305A/0000025.jpg,voices/id0067/English/aGdUenA305A/00046.wav,faces/id0067/aGdUenA305A
train,id0029,English,07mOlveC3kM,faces/id0029/07mOlveC3kM/0000000.jpg,voices/id0029/English/07mOlveC3kM/00008.wav,faces/id0029/07mOlveC3kM
train,id0003,English,COiUHZ_xbO4,faces/id0003/COiUHZ_xbO4/0000600.jpg,voices/id0003/English/COiUHZ_xbO4/00004.wav,faces/id0003/COiUHZ_xbO4
train,id0048,English,dpd_s0t0geM,faces/id0048/dpd_s0t0geM/0002900.jpg,voices/id0048/English/dpd_s0t0geM/00009.wav,faces/id0048/dpd_s0t0geM
train,id0024,English,27T3pMqtDG8,faces/id0024/27T3pMqtDG8/0003225.jpg,voices/id0024/English/27T3pMqtDG8/00014.wav,faces/id0024/27T3pMqtDG8
train,id0012,English,ERAJ_QXo-oY,faces/id0012/ERAJ_QXo-oY/0002775.jpg,voices/id0012/English/ERAJ_QXo-oY/00010.wav,faces/id0012/ERAJ_QXo-oY
train,id0027,English,EowqP0lupjI,faces/id0027/EowqP0lupjI/0000000.jpg,voices/id0027/English/EowqP0lupjI/00000.wav,faces/id0027/EowqP0lupjI
train,id0014,English,eZvFT9J80TQ,faces/id0014/eZvFT9J80TQ/0001000.jpg,voices/id0014/English/eZvFT9J80TQ/00003.wav,faces/id0014/eZvFT9J80TQ
train,id0005,English,GuO4KvXh7Js,faces/id0005/GuO4KvXh7Js/0000000.jpg,voices/id0005/English/GuO4KvXh7Js/00007.wav,faces/id0005/GuO4KvXh7Js
train,id0013,English,CbHAv1DqVtA,faces/id0013/CbHAv1DqVtA/0000450.jpg,voices/id0013/English/CbHAv1DqVtA/00021.wav,faces/id0013/CbHAv1DqVtA
train,id0065,English,aDRUp-LbiH4,faces/id0065/aDRUp-LbiH4/0014500.jpg,voices/id0065/English/aDRUp-LbiH4/00004.wav,faces/id0065/aDRUp-LbiH4
train,id0006,English,caVRuzpMDNE,faces/id0006/caVRuzpMDNE/0000375.jpg,voices/id0006/English/caVRuzpMDNE/00023.wav,faces/id0006/caVRuzpMDNE
train,id0013,English,O4f7_5Mv_5c,faces/id0013/O4f7_5Mv_5c/0000400.jpg,voices/id0013/English/O4f7_5Mv_5c/00012.wav,faces/id0013/O4f7_5Mv_5c
train,id0054,English,L1lsne6_YtE,faces/id0054/L1lsne6_YtE/0000025.jpg,voices/id0054/English/L1lsne6_YtE/00033.wav,faces/id0054/L1lsne6_YtE
train,id0012,English,k-f3Nnd5n8A,faces/id0012/k-f3Nnd5n8A/0000000.jpg,voices/id0012/English/k-f3Nnd5n8A/00006.wav,faces/id0012/k-f3Nnd5n8A
train,id0028,English,9jcHcByYp_s,faces/id0028/9jcHcByYp_s/0000625.jpg,voices/id0028/English/9jcHcByYp_s/00107.wav,faces/id0028/9jcHcByYp_s
train,id0019,English,u2eClpoLbb4,faces/id0019/u2eClpoLbb4/0002750.jpg,voices/id0019/English/u2eClpoLbb4/00004.wav,faces/id0019/u2eClpoLbb4
train,id0052,English,bxObwwjdMnY,faces/id0052/bxObwwjdMnY/0000025.jpg,voices/id0052/English/bxObwwjdMnY/00025.wav,faces/id0052/bxObwwjdMnY
train,id0054,English,npX324mAtR0,faces/id0054/npX324mAtR0/0000025.jpg,voices/id0054/English/npX324mAtR0/00023.wav,faces/id0054/npX324mAtR0
train,id0028,English,9jcHcByYp_s,faces/id0028/9jcHcByYp_s/0000625.jpg,voices/id0028/English/9jcHcByYp_s/00004.wav,faces/id0028/9jcHcByYp_s
train,id0052,English,oKKSSoDfquA,faces/id0052/oKKSSoDfquA/0000025.jpg,voices/id0052/English/oKKSSoDfquA/00097.wav,faces/id0052/oKKSSoDfquA
train,id0053,English,f3LgAvRhY5Q,faces/id0053/f3LgAvRhY5Q/0000000.jpg,voices/id0053/English/f3LgAvRhY5Q/00000.wav,faces/id0053/f3LgAvRhY5Q
train,id0067,English,910VR2VJABs,faces/id0067/910VR2VJABs/0000025.jpg,voices/id0067/English/910VR2VJABs/00004.wav,faces/id0067/910VR2VJABs
train,id0057,English,ibr4dXajSJ8,faces/id0057/ibr4dXajSJ8/0000225.jpg,voices/id0057/English/ibr4dXajSJ8/00036.wav,faces/id0057/ibr4dXajSJ8
train,id0058,English,L-c4RFnf6w4,faces/id0058/L-c4RFnf6w4/0002100.jpg,voices/id0058/English/L-c4RFnf6w4/00000.wav,faces/id0058/L-c4RFnf6w4
train,id0009,English,CbMvPV-JKew,faces/id0009/CbMvPV-JKew/0001075.jpg,voices/id0009/English/CbMvPV-JKew/00071.wav,faces/id0009/CbMvPV-JKew
train,id0011,English,de7oVYjfT3Y,faces/id0011/de7oVYjfT3Y/0000050.jpg,voices/id0011/English/de7oVYjfT3Y/00009.wav,faces/id0011/de7oVYjfT3Y
train,id0038,English,ePuTjFlzREA,faces/id0038/ePuTjFlzREA/0000075.jpg,voices/id0038/English/ePuTjFlzREA/00003.wav,faces/id0038/ePuTjFlzREA
train,id0006,English,caVRuzpMDNE,faces/id0006/caVRuzpMDNE/0000375.jpg,voices/id0006/English/caVRuzpMDNE/00015.wav,faces/id0006/caVRuzpMDNE
train,id0054,English,F7C87RNgnK4,faces/id0054/F7C87RNgnK4/0000150.jpg,voices/id0054/English/F7C87RNgnK4/00003.wav,faces/id0054/F7C87RNgnK4
train,id0054,English,cTcgPLwmetk,faces/id0054/cTcgPLwmetk/0000000.jpg,voices/id0054/English/cTcgPLwmetk/00004.wav,faces/id0054/cTcgPLwmetk
train,id0021,English,M7smcdBePQA,faces/id0021/M7smcdBePQA/0001175.jpg,voices/id0021/English/M7smcdBePQA/00006.wav,faces/id0021/M7smcdBePQA
train,id0015,English,hU5pLzIixjw,faces/id0015/hU5pLzIixjw/0000975.jpg,voices/id0015/English/hU5pLzIixjw/00028.wav,faces/id0015/hU5pLzIixjw
train,id0049,English,Ba427Ry5-Og,faces/id0049/Ba427Ry5-Og/0000225.jpg,voices/id0049/English/Ba427Ry5-Og/00000.wav,faces/id0049/Ba427Ry5-Og
train,id0012,English,gFMo-DDs2KY,faces/id0012/gFMo-DDs2KY/0000075.jpg,voices/id0012/English/gFMo-DDs2KY/00000.wav,faces/id0012/gFMo-DDs2KY
train,id0017,English,iNzFuVDC0vE,faces/id0017/iNzFuVDC0vE/0001325.jpg,voices/id0017/English/iNzFuVDC0vE/00008.wav,faces/id0017/iNzFuVDC0vE
train,id0023,English,4JZJ3lvujWQ,faces/id0023/4JZJ3lvujWQ/0000000.jpg,voices/id0023/English/4JZJ3lvujWQ/00008.wav,faces/id0023/4JZJ3lvujWQ
train,id0052,English,Bk-cX342Faw,faces/id0052/Bk-cX342Faw/0000025.jpg,voices/id0052/English/Bk-cX342Faw/00001.wav,faces/id0052/Bk-cX342Faw
train,id0002,English,a8YwLpyHArc,faces/id0002/a8YwLpyHArc/0000075.jpg,voices/id0002/English/a8YwLpyHArc/00029.wav,faces/id0002/a8YwLpyHArc
train,id0067,English,aGdUenA305A,faces/id0067/aGdUenA305A/0000025.jpg,voices/id0067/English/aGdUenA305A/00011.wav,faces/id0067/aGdUenA305A
train,id0052,English,m_2TipjC5pw,faces/id0052/m_2TipjC5pw/0000025.jpg,voices/id0052/English/m_2TipjC5pw/00014.wav,faces/id0052/m_2TipjC5pw
train,id0062,English,SK8nrapRgqQ,faces/id0062/SK8nrapRgqQ/0001575.jpg,voices/id0062/English/SK8nrapRgqQ/00055.wav,faces/id0062/SK8nrapRgqQ
train,id0011,English,ymgOryA8uUQ,faces/id0011/ymgOryA8uUQ/0000100.jpg,voices/id0011/English/ymgOryA8uUQ/00020.wav,faces/id0011/ymgOryA8uUQ
train,id0033,English,4qW3aevy548,faces/id0033/4qW3aevy548/0001825.jpg,voices/id0033/English/4qW3aevy548/00009.wav,faces/id0033/4qW3aevy548
train,id0049,English,bQXzC47izaE,faces/id0049/bQXzC47izaE/0001525.jpg,voices/id0049/English/bQXzC47izaE/00010.wav,faces/id0049/bQXzC47izaE
train,id0052,English,oKKSSoDfquA,faces/id0052/oKKSSoDfquA/0000025.jpg,voices/id0052/English/oKKSSoDfquA/00077.wav,faces/id0052/oKKSSoDfquA
train,id0006,English,caVRuzpMDNE,faces/id0006/caVRuzpMDNE/0000375.jpg,voices/id0006/English/caVRuzpMDNE/00037.wav,faces/id0006/caVRuzpMDNE
train,id0011,English,zH9gdUqT7Hs,faces/id0011/zH9gdUqT7Hs/0000000.jpg,voices/id0011/English/zH9gdUqT7Hs/00028.wav,faces/id0011/zH9gdUqT7Hs
train,id0052,English,m_2TipjC5pw,faces/id0052/m_2TipjC5pw/0000025.jpg,voices/id0052/English/m_2TipjC5pw/00020.wav,faces/id0052/m_2TipjC5pw
train,id0053,English,oO1YLLuj52g,faces/id0053/oO1YLLuj52g/0000250.jpg,voices/id0053/English/oO1YLLuj52g/00020.wav,faces/id0053/oO1YLLuj52g
train,id0062,English,SK8nrapRgqQ,faces/id0062/SK8nrapRgqQ/0001575.jpg,voices/id0062/English/SK8nrapRgqQ/00042.wav,faces/id0062/SK8nrapRgqQ
train,id0028,English,9jcHcByYp_s,faces/id0028/9jcHcByYp_s/0000625.jpg,voices/id0028/English/9jcHcByYp_s/00028.wav,faces/id0028/9jcHcByYp_s
train,id0033,English,Bd_fr4OC_pk,faces/id0033/Bd_fr4OC_pk/0000525.jpg,voices/id0033/English/Bd_fr4OC_pk/00002.wav,faces/id0033/Bd_fr4OC_pk
train,id0064,English,-IdCGsKL8KE,faces/id0064/-IdCGsKL8KE/0004200.jpg,voices/id0064/English/-IdCGsKL8KE/00011.wav,faces/id0064/-IdCGsKL8KE
train,id0023,English,ekT7a8A-JDk,faces/id0023/ekT7a8A-JDk/0000000.jpg,voices/id0023/English/ekT7a8A-JDk/00004.wav,faces/id0023/ekT7a8A-JDk
train,id0041,English,igda3vF6SuI,faces/id0041/igda3vF6SuI/0001950.jpg,voices/id0041/English/igda3vF6SuI/00021.wav,faces/id0041/igda3vF6SuI
train,id0005,English,YETolXZneZA,faces/id0005/YETolXZneZA/0000000.jpg,voices/id0005/English/YETolXZneZA/00007.wav,faces/id0005/YETolXZneZA
train,id0049,English,bQXzC47izaE,faces/id0049/bQXzC47izaE/0001525.jpg,voices/id0049/English/bQXzC47izaE/00021.wav,faces/id0049/bQXzC47izaE
train,id0055,English,ygbDcr4pHtk,faces/id0055/ygbDcr4pHtk/0000175.jpg,voices/id0055/English/ygbDcr4pHtk/00006.wav,faces/id0055/ygbDcr4pHtk
train,id0011,English,YwozNG5iuSY,faces/id0011/YwozNG5iuSY/0001125.jpg,voices/id0011/English/YwozNG5iuSY/00011.wav,faces/id0011/YwozNG5iuSY
train,id0014,English,eZvFT9J80TQ,faces/id0014/eZvFT9J80TQ/0001000.jpg,voices/id0014/English/eZvFT9J80TQ/00005.wav,faces/id0014/eZvFT9J80TQ
train,id0039,English,vKiGkbyfHPA,faces/id0039/vKiGkbyfHPA/0000025.jpg,voices/id0039/English/vKiGkbyfHPA/00128.wav,faces/id0039/vKiGkbyfHPA
train,id0001,English,Y16ltGEvXzI,faces/id0001/Y16ltGEvXzI/0001300.jpg,voices/id0001/English/Y16ltGEvXzI/00066.wav,faces/id0001/Y16ltGEvXzI
train,id0028,English,9jcHcByYp_s,faces/id0028/9jcHcByYp_s/0000625.jpg,voices/id0028/English/9jcHcByYp_s/00083.wav,faces/id0028/9jcHcByYp_s
train,id0022,English,vHzoWDUboWA,faces/id0022/vHzoWDUboWA/0000900.jpg,voices/id0022/English/vHzoWDUboWA/00022.wav,faces/id0022/vHzoWDUboWA
train,id0018,English,fV7clNE9P7k,faces/id0018/fV7clNE9P7k/0002200.jpg,voices/id0018/English/fV7clNE9P7k/00059.wav,faces/id0018/fV7clNE9P7k
train,id0041,English,igda3vF6SuI,faces/id0041/igda3vF6SuI/0001950.jpg,voices/id0041/English/igda3vF6SuI/00070.wav,faces/id0041/igda3vF6SuI
train,id0005,English,YETolXZneZA,faces/id0005/YETolXZneZA/0000000.jpg,voices/id0005/English/YETolXZneZA/00018.wav,faces/id0005/YETolXZneZA
train,id0065,English,A3JQypspDbs,faces/id0065/A3JQypspDbs/0000900.jpg,voices/id0065/English/A3JQypspDbs/00000.wav,faces/id0065/A3JQypspDbs
train,id0033,English,02L6RPzTSoI,faces/id0033/02L6RPzTSoI/0001475.jpg,voices/id0033/English/02L6RPzTSoI/00028.wav,faces/id0033/02L6RPzTSoI
train,id0069,English,9K0_Ba3uRQ8,faces/id0069/9K0_Ba3uRQ8/0000525.jpg,voices/id0069/English/9K0_Ba3uRQ8/00011.wav,faces/id0069/9K0_Ba3uRQ8
train,id0052,English,oKKSSoDfquA,faces/id0052/oKKSSoDfquA/0000025.jpg,voices/id0052/English/oKKSSoDfquA/00047.wav,faces/id0052/oKKSSoDfquA
train,id0048,English,dpd_s0t0geM,faces/id0048/dpd_s0t0geM/0002900.jpg,voices/id0048/English/dpd_s0t0geM/00001.wav,faces/id0048/dpd_s0t0geM
train,id0062,English,SK8nrapRgqQ,faces/id0062/SK8nrapRgqQ/0001575.jpg,voices/id0062/English/SK8nrapRgqQ/00027.wav,faces/id0062/SK8nrapRgqQ
train,id0062,English,4BHTy1yc7II,faces/id0062/4BHTy1yc7II/0000250.jpg,voices/id0062/English/4BHTy1yc7II/00001.wav,faces/id0062/4BHTy1yc7II
train,id0011,English,CsnMSIZg04A,faces/id0011/CsnMSIZg04A/0000075.jpg,voices/id0011/English/CsnMSIZg04A/00002.wav,faces/id0011/CsnMSIZg04A
train,id0014,English,4HS4dZrpe-M,faces/id0014/4HS4dZrpe-M/0000425.jpg,voices/id0014/English/4HS4dZrpe-M/00002.wav,faces/id0014/4HS4dZrpe-M
train,id0027,English,Pmd64Lm2bKg,faces/id0027/Pmd64Lm2bKg/0000125.jpg,voices/id0027/English/Pmd64Lm2bKg/00015.wav,faces/id0027/Pmd64Lm2bKg
train,id0028,English,9jcHcByYp_s,faces/id0028/9jcHcByYp_s/0000625.jpg,voices/id0028/English/9jcHcByYp_s/00088.wav,faces/id0028/9jcHcByYp_s
train,id0045,English,QjPkuA2BoX4,faces/id0045/QjPkuA2BoX4/0001625.jpg,voices/id0045/English/QjPkuA2BoX4/00067.wav,faces/id0045/QjPkuA2BoX4
train,id0016,English,_ZWgPMT33as,faces/id0016/_ZWgPMT33as/0000000.jpg,voices/id0016/English/_ZWgPMT33as/00027.wav,faces/id0016/_ZWgPMT33as
train,id0042,English,Z7JJExtV0sU,faces/id0042/Z7JJExtV0sU/0008600.jpg,voices/id0042/English/Z7JJExtV0sU/00000.wav,faces/id0042/Z7JJExtV0sU
train,id0056,English,1_a3Y6LGpAA,faces/id0056/1_a3Y6LGpAA/0000825.jpg,voices/id0056/English/1_a3Y6LGpAA/00048.wav,faces/id0056/1_a3Y6LGpAA
train,id0012,English,ERAJ_QXo-oY,faces/id0012/ERAJ_QXo-oY/0002775.jpg,voices/id0012/English/ERAJ_QXo-oY/00013.wav,faces/id0012/ERAJ_QXo-oY
train,id0069,English,9K0_Ba3uRQ8,faces/id0069/9K0_Ba3uRQ8/0000525.jpg,voices/id0069/English/9K0_Ba3uRQ8/00024.wav,faces/id0069/9K0_Ba3uRQ8
train,id0070,English,Xu4MTv5wgys,faces/id0070/Xu4MTv5wgys/0000025.jpg,voices/id0070/English/Xu4MTv5wgys/00005.wav,faces/id0070/Xu4MTv5wgys
train,id0029,English,52M95d6dSTo,faces/id0029/52M95d6dSTo/0000550.jpg,voices/id0029/English/52M95d6dSTo/00007.wav,faces/id0029/52M95d6dSTo
train,id0067,English,aGdUenA305A,faces/id0067/aGdUenA305A/0000025.jpg,voices/id0067/English/aGdUenA305A/00073.wav,faces/id0067/aGdUenA305A
train,id0017,English,2FtXCQxZdGI,faces/id0017/2FtXCQxZdGI/0000000.jpg,voices/id0017/English/2FtXCQxZdGI/00000.wav,faces/id0017/2FtXCQxZdGI
train,id0039,English,qyZ004QI6Iw,faces/id0039/qyZ004QI6Iw/0000025.jpg,voices/id0039/English/qyZ004QI6Iw/00071.wav,faces/id0039/qyZ004QI6Iw
train,id0043,English,BcP6EKeHE4U,faces/id0043/BcP6EKeHE4U/0000425.jpg,voices/id0043/English/BcP6EKeHE4U/00004.wav,faces/id0043/BcP6EKeHE4U
train,id0052,English,01m7_4ZfcLs,faces/id0052/01m7_4ZfcLs/0000175.jpg,voices/id0052/English/01m7_4ZfcLs/00000.wav,faces/id0052/01m7_4ZfcLs
train,id0011,English,de7oVYjfT3Y,faces/id0011/de7oVYjfT3Y/0000050.jpg,voices/id0011/English/de7oVYjfT3Y/00011.wav,faces/id0011/de7oVYjfT3Y
train,id0001,English,cFU_ez_naak,faces/id0001/cFU_ez_naak/0001000.jpg,voices/id0001/English/cFU_ez_naak/00007.wav,faces/id0001/cFU_ez_naak
train,id0060,English,11_JiPr1pEk,faces/id0060/11_JiPr1pEk/0000325.jpg,voices/id0060/English/11_JiPr1pEk/00001.wav,faces/id0060/11_JiPr1pEk
train,id0003,English,PFHTzgQ_Bxg,faces/id0003/PFHTzgQ_Bxg/0006175.jpg,voices/id0003/English/PFHTzgQ_Bxg/00010.wav,faces/id0003/PFHTzgQ_Bxg
train,id0032,English,J6tj_dnS-20,faces/id0032/J6tj_dnS-20/0000675.jpg,voices/id0032/English/J6tj_dnS-20/00004.wav,faces/id0032/J6tj_dnS-20
train,id0009,English,gXnUW8OooRk,faces/id0009/gXnUW8OooRk/0000275.jpg,voices/id0009/English/gXnUW8OooRk/00016.wav,faces/id0009/gXnUW8OooRk
train,id0024,English,27T3pMqtDG8,faces/id0024/27T3pMqtDG8/0003225.jpg,voices/id0024/English/27T3pMqtDG8/00002.wav,faces/id0024/27T3pMqtDG8
train,id0040,English,hJHGUoPB3Ws,faces/id0040/hJHGUoPB3Ws/0000075.jpg,voices/id0040/English/hJHGUoPB3Ws/00000.wav,faces/id0040/hJHGUoPB3Ws
train,id0052,English,oKKSSoDfquA,faces/id0052/oKKSSoDfquA/0000025.jpg,voices/id0052/English/oKKSSoDfquA/00078.wav,faces/id0052/oKKSSoDfquA
train,id0006,English,3YdCvOC-kI0,faces/id0006/3YdCvOC-kI0/0002650.jpg,voices/id0006/English/3YdCvOC-kI0/00007.wav,faces/id0006/3YdCvOC-kI0
train,id0009,English,xbfE-IE7Sho,faces/id0009/xbfE-IE7Sho/0000425.jpg,voices/id0009/English/xbfE-IE7Sho/00000.wav,faces/id0009/xbfE-IE7Sho
train,id0001,English,Y16ltGEvXzI,faces/id0001/Y16ltGEvXzI/0001300.jpg,voices/id0001/English/Y16ltGEvXzI/00009.wav,faces/id0001/Y16ltGEvXzI
train,id0039,English,Aq57LMnhilM,faces/id0039/Aq57LMnhilM/0000000.jpg,voices/id0039/English/Aq57LMnhilM/00028.wav,faces/id0039/Aq57LMnhilM
train,id0014,English,4HS4dZrpe-M,faces/id0014/4HS4dZrpe-M/0000425.jpg,voices/id0014/English/4HS4dZrpe-M/00007.wav,faces/id0014/4HS4dZrpe-M
train,id0028,English,9jcHcByYp_s,faces/id0028/9jcHcByYp_s/0000625.jpg,voices/id0028/English/9jcHcByYp_s/00005.wav,faces/id0028/9jcHcByYp_s
train,id0010,English,YA3TA8K8CPM,faces/id0010/YA3TA8K8CPM/0000200.jpg,voices/id0010/English/YA3TA8K8CPM/00004.wav,faces/id0010/YA3TA8K8CPM
train,id0039,English,qyZ004QI6Iw,faces/id0039/qyZ004QI6Iw/0000025.jpg,voices/id0039/English/qyZ004QI6Iw/00144.wav,faces/id0039/qyZ004QI6Iw
train,id0024,English,27T3pMqtDG8,faces/id0024/27T3pMqtDG8/0003225.jpg,voices/id0024/English/27T3pMqtDG8/00011.wav,faces/id0024/27T3pMqtDG8
train,id0045,English,h7A9ToTEKQA,faces/id0045/h7A9ToTEKQA/0000750.jpg,voices/id0045/English/h7A9ToTEKQA/00026.wav,faces/id0045/h7A9ToTEKQA
train,id0010,English,turCcuNH2jc,faces/id0010/turCcuNH2jc/0011275.jpg,voices/id0010/English/turCcuNH2jc/00003.wav,faces/id0010/turCcuNH2jc
train,id0027,English,Pmd64Lm2bKg,faces/id0027/Pmd64Lm2bKg/0000125.jpg,voices/id0027/English/Pmd64Lm2bKg/00016.wav,faces/id0027/Pmd64Lm2bKg
train,id0009,English,xbfE-IE7Sho,faces/id0009/xbfE-IE7Sho/0000425.jpg,voices/id0009/English/xbfE-IE7Sho/00019.wav,faces/id0009/xbfE-IE7Sho
train,id0016,English,8JDCjoGMly8,faces/id0016/8JDCjoGMly8/0001350.jpg,voices/id0016/English/8JDCjoGMly8/00029.wav,faces/id0016/8JDCjoGMly8
train,id0049,English,bQXzC47izaE,faces/id0049/bQXzC47izaE/0001525.jpg,voices/id0049/English/bQXzC47izaE/00005.wav,faces/id0049/bQXzC47izaE
train,id0062,English,SK8nrapRgqQ,faces/id0062/SK8nrapRgqQ/0001575.jpg,voices/id0062/English/SK8nrapRgqQ/00047.wav,faces/id0062/SK8nrapRgqQ
train,id0021,English,M7smcdBePQA,faces/id0021/M7smcdBePQA/0001175.jpg,voices/id0021/English/M7smcdBePQA/00007.wav,faces/id0021/M7smcdBePQA
train,id0052,English,uX3Q8CzGyVk,faces/id0052/uX3Q8CzGyVk/0000025.jpg,voices/id0052/English/uX3Q8CzGyVk/00040.wav,faces/id0052/uX3Q8CzGyVk
train,id0039,English,qyZ004QI6Iw,faces/id0039/qyZ004QI6Iw/0000025.jpg,voices/id0039/English/qyZ004QI6Iw/00099.wav,faces/id0039/qyZ004QI6Iw
train,id0059,English,fLmv5exbzmg,faces/id0059/fLmv5exbzmg/0001000.jpg,voices/id0059/English/fLmv5exbzmg/00013.wav,faces/id0059/fLmv5exbzmg
train,id0012,English,fD-bx1O1Lp4,faces/id0012/fD-bx1O1Lp4/0001300.jpg,voices/id0012/English/fD-bx1O1Lp4/00015.wav,faces/id0012/fD-bx1O1Lp4
train,id0018,English,fV7clNE9P7k,faces/id0018/fV7clNE9P7k/0002200.jpg,voices/id0018/English/fV7clNE9P7k/00018.wav,faces/id0018/fV7clNE9P7k
train,id0052,English,m_2TipjC5pw,faces/id0052/m_2TipjC5pw/0000025.jpg,voices/id0052/English/m_2TipjC5pw/00003.wav,faces/id0052/m_2TipjC5pw
train,id0039,English,vKiGkbyfHPA,faces/id0039/vKiGkbyfHPA/0000025.jpg,voices/id0039/English/vKiGkbyfHPA/00077.wav,faces/id0039/vKiGkbyfHPA
train,id0039,English,vKiGkbyfHPA,faces/id0039/vKiGkbyfHPA/0000025.jpg,voices/id0039/English/vKiGkbyfHPA/00053.wav,faces/id0039/vKiGkbyfHPA
train,id0044,English,vYJc6nLFq40,faces/id0044/vYJc6nLFq40/0000625.jpg,voices/id0044/English/vYJc6nLFq40/00007.wav,faces/id0044/vYJc6nLFq40
train,id0009,English,ACwVcpt8MFA,faces/id0009/ACwVcpt8MFA/0004675.jpg,voices/id0009/English/ACwVcpt8MFA/00006.wav,faces/id0009/ACwVcpt8MFA
train,id0019,English,u2eClpoLbb4,faces/id0019/u2eClpoLbb4/0002750.jpg,voices/id0019/English/u2eClpoLbb4/00012.wav,faces/id0019/u2eClpoLbb4
train,id0025,English,VlFa0S-juA0,faces/id0025/VlFa0S-juA0/0000000.jpg,voices/id0025/English/VlFa0S-juA0/00011.wav,faces/id0025/VlFa0S-juA0
train,id0044,English,vYJc6nLFq40,faces/id0044/vYJc6nLFq40/0000625.jpg,voices/id0044/English/vYJc6nLFq40/00071.wav,faces/id0044/vYJc6nLFq40
train,id0021,English,YFvtct2Yc94,faces/id0021/YFvtct2Yc94/0000225.jpg,voices/id0021/English/YFvtct2Yc94/00001.wav,faces/id0021/YFvtct2Yc94
train,id0028,English,REIQ9Vlh0Lk,faces/id0028/REIQ9Vlh0Lk/0000000.jpg,voices/id0028/English/REIQ9Vlh0Lk/00063.wav,faces/id0028/REIQ9Vlh0Lk
train,id0062,English,SK8nrapRgqQ,faces/id0062/SK8nrapRgqQ/0001575.jpg,voices/id0062/English/SK8nrapRgqQ/00041.wav,faces/id0062/SK8nrapRgqQ
train,id0046,English,D_ybxA8YDYI,faces/id0046/D_ybxA8YDYI/0000375.jpg,voices/id0046/English/D_ybxA8YDYI/00004.wav,faces/id0046/D_ybxA8YDYI
train,id0012,English,fvt3f_xZZl0,faces/id0012/fvt3f_xZZl0/0004750.jpg,voices/id0012/English/fvt3f_xZZl0/00005.wav,faces/id0012/fvt3f_xZZl0
train,id0052,English,uX3Q8CzGyVk,faces/id0052/uX3Q8CzGyVk/0000025.jpg,voices/id0052/English/uX3Q8CzGyVk/00049.wav,faces/id0052/uX3Q8CzGyVk
train,id0056,English,uhqXPuUaGZ8,faces/id0056/uhqXPuUaGZ8/0001750.jpg,voices/id0056/English/uhqXPuUaGZ8/00002.wav,faces/id0056/uhqXPuUaGZ8
train,id0033,English,02L6RPzTSoI,faces/id0033/02L6RPzTSoI/0001475.jpg,voices/id0033/English/02L6RPzTSoI/00040.wav,faces/id0033/02L6RPzTSoI
train,id0062,English,SK8nrapRgqQ,faces/id0062/SK8nrapRgqQ/0001575.jpg,voices/id0062/English/SK8nrapRgqQ/00058.wav,faces/id0062/SK8nrapRgqQ
train,id0057,English,ibr4dXajSJ8,faces/id0057/ibr4dXajSJ8/0000225.jpg,voices/id0057/English/ibr4dXajSJ8/00006.wav,faces/id0057/ibr4dXajSJ8
train,id0003,English,sHbyLrzEByw,faces/id0003/sHbyLrzEByw/0000975.jpg,voices/id0003/English/sHbyLrzEByw/00025.wav,faces/id0003/sHbyLrzEByw
train,id0053,English,f3LgAvRhY5Q,faces/id0053/f3LgAvRhY5Q/0000000.jpg,voices/id0053/English/f3LgAvRhY5Q/00005.wav,faces/id0053/f3LgAvRhY5Q
train,id0054,English,GWFx6kTr5Kg,faces/id0054/GWFx6kTr5Kg/0000000.jpg,voices/id0054/English/GWFx6kTr5Kg/00003.wav,faces/id0054/GWFx6kTr5Kg
train,id0060,English,QHdn7Zte9MU,faces/id0060/QHdn7Zte9MU/0000225.jpg,voices/id0060/English/QHdn7Zte9MU/00007.wav,faces/id0060/QHdn7Zte9MU
train,id0028,English,dxqN3FoMml8,faces/id0028/dxqN3FoMml8/0002125.jpg,voices/id0028/English/dxqN3FoMml8/00023.wav,faces/id0028/dxqN3FoMml8
train,id0049,English,jf3oK8oAoFA,faces/id0049/jf3oK8oAoFA/0000350.jpg,voices/id0049/English/jf3oK8oAoFA/00000.wav,faces/id0049/jf3oK8oAoFA
train,id0018,English,KQrdbivDg9E,faces/id0018/KQrdbivDg9E/0000000.jpg,voices/id0018/English/KQrdbivDg9E/00048.wav,faces/id0018/KQrdbivDg9E
train,id0002,English,a8YwLpyHArc,faces/id0002/a8YwLpyHArc/0000075.jpg,voices/id0002/English/a8YwLpyHArc/00023.wav,faces/id0002/a8YwLpyHArc
train,id0047,English,_CYmYRbUo50,faces/id0047/_CYmYRbUo50/0000150.jpg,voices/id0047/English/_CYmYRbUo50/00001.wav,faces/id0047/_CYmYRbUo50
train,id0010,English,YA3TA8K8CPM,faces/id0010/YA3TA8K8CPM/0000200.jpg,voices/id0010/English/YA3TA8K8CPM/00014.wav,faces/id0010/YA3TA8K8CPM
train,id0050,English,68s,faces/id0050/68s/0000025.jpg,voices/id0050/English/68s/00009.wav,faces/id0050/68s
train,id0009,English,ACwVcpt8MFA,faces/id0009/ACwVcpt8MFA/0004675.jpg,voices/id0009/English/ACwVcpt8MFA/00010.wav,faces/id0009/ACwVcpt8MFA
train,id0043,English,6hf-RQmsLTg,faces/id0043/6hf-RQmsLTg/0002050.jpg,voices/id0043/English/6hf-RQmsLTg/00021.wav,faces/id0043/6hf-RQmsLTg
train,id0045,English,QjPkuA2BoX4,faces/id0045/QjPkuA2BoX4/0001625.jpg,voices/id0045/English/QjPkuA2BoX4/00092.wav,faces/id0045/QjPkuA2BoX4
train,id0014,English,eZvFT9J80TQ,faces/id0014/eZvFT9J80TQ/0001000.jpg,voices/id0014/English/eZvFT9J80TQ/00016.wav,faces/id0014/eZvFT9J80TQ
train,id0001,English,Y16ltGEvXzI,faces/id0001/Y16ltGEvXzI/0001300.jpg,voices/id0001/English/Y16ltGEvXzI/00000.wav,faces/id0001/Y16ltGEvXzI
train,id0041,English,igda3vF6SuI,faces/id0041/igda3vF6SuI/0001950.jpg,voices/id0041/English/igda3vF6SuI/00011.wav,faces/id0041/igda3vF6SuI
train,id0029,English,6Afm15o4tqw,faces/id0029/6Afm15o4tqw/0000325.jpg,voices/id0029/English/6Afm15o4tqw/00012.wav,faces/id0029/6Afm15o4tqw
train,id0001,English,QmtzJnC8ZUk,faces/id0001/QmtzJnC8ZUk/0000450.jpg,voices/id0001/English/QmtzJnC8ZUk/00001.wav,faces/id0001/QmtzJnC8ZUk
train,id0045,English,Erq4Y9TVf4o,faces/id0045/Erq4Y9TVf4o/0001125.jpg,voices/id0045/English/Erq4Y9TVf4o/00019.wav,faces/id0045/Erq4Y9TVf4o
train,id0032,English,co8amcOfd4g,faces/id0032/co8amcOfd4g/0000000.jpg,voices/id0032/English/co8amcOfd4g/00002.wav,faces/id0032/co8amcOfd4g
train,id0062,English,HVf8Sd11R5k,faces/id0062/HVf8Sd11R5k/0000000.jpg,voices/id0062/English/HVf8Sd11R5k/00001.wav,faces/id0062/HVf8Sd11R5k
train,id0046,English,HDK2xWJnVAg,faces/id0046/HDK2xWJnVAg/0013075.jpg,voices/id0046/English/HDK2xWJnVAg/00004.wav,faces/id0046/HDK2xWJnVAg
train,id0003,English,s4eWJQjHB0I,faces/id0003/s4eWJQjHB0I/0001275.jpg,voices/id0003/English/s4eWJQjHB0I/00032.wav,faces/id0003/s4eWJQjHB0I
train,id0013,English,CbHAv1DqVtA,faces/id0013/CbHAv1DqVtA/0000450.jpg,voices/id0013/English/CbHAv1DqVtA/00023.wav,faces/id0013/CbHAv1DqVtA
train,id0069,English,9K0_Ba3uRQ8,faces/id0069/9K0_Ba3uRQ8/0000525.jpg,voices/id0069/English/9K0_Ba3uRQ8/00010.wav,faces/id0069/9K0_Ba3uRQ8
train,id0009,English,ODh-79Lk63g,faces/id0009/ODh-79Lk63g/0000325.jpg,voices/id0009/English/ODh-79Lk63g/00005.wav,faces/id0009/ODh-79Lk63g
train,id0057,English,ibr4dXajSJ8,faces/id0057/ibr4dXajSJ8/0000225.jpg,voices/id0057/English/ibr4dXajSJ8/00008.wav,faces/id0057/ibr4dXajSJ8
train,id0028,English,9jcHcByYp_s,faces/id0028/9jcHcByYp_s/0000625.jpg,voices/id0028/English/9jcHcByYp_s/00077.wav,faces/id0028/9jcHcByYp_s
train,id0037,English,JQXdD8SMjkI,faces/id0037/JQXdD8SMjkI/0001425.jpg,voices/id0037/English/JQXdD8SMjkI/00008.wav,faces/id0037/JQXdD8SMjkI
train,id0044,English,vYJc6nLFq40,faces/id0044/vYJc6nLFq40/0000625.jpg,voices/id0044/English/vYJc6nLFq40/00047.wav,faces/id0044/vYJc6nLFq40
train,id0043,English,BcP6EKeHE4U,faces/id0043/BcP6EKeHE4U/0000425.jpg,voices/id0043/English/BcP6EKeHE4U/00014.wav,faces/id0043/BcP6EKeHE4U
train,id0012,English,fD-bx1O1Lp4,faces/id0012/fD-bx1O1Lp4/0001300.jpg,voices/id0012/English/fD-bx1O1Lp4/00022.wav,faces/id0012/fD-bx1O1Lp4
train,id0059,English,Nqcoz0iuxEk,faces/id0059/Nqcoz0iuxEk/0002250.jpg,voices/id0059/English/Nqcoz0iuxEk/00026.wav,faces/id0059/Nqcoz0iuxEk
train,id0025,English,9UKSten91H4,faces/id0025/9UKSten91H4/0000025.jpg,voices/id0025/English/9UKSten91H4/00017.wav,faces/id0025/9UKSten91H4
train,id0001,English,SpfaJtrTMfc,faces/id0001/SpfaJtrTMfc/0002475.jpg,voices/id0001/English/SpfaJtrTMfc/00049.wav,faces/id0001/SpfaJtrTMfc
train,id0022,English,PoMGgCakSb0,faces/id0022/PoMGgCakSb0/0000000.jpg,voices/id0022/English/PoMGgCakSb0/00035.wav,faces/id0022/PoMGgCakSb0
train,id0056,English,uhzP5FBium0,faces/id0056/uhzP5FBium0/0000500.jpg,voices/id0056/English/uhzP5FBium0/00005.wav,faces/id0056/uhzP5FBium0
train,id0001,English,cFU_ez_naak,faces/id0001/cFU_ez_naak/0001000.jpg,voices/id0001/English/cFU_ez_naak/00001.wav,faces/id0001/cFU_ez_naak
train,id0001,English,SpfaJtrTMfc,faces/id0001/SpfaJtrTMfc/0002475.jpg,voices/id0001/English/SpfaJtrTMfc/00035.wav,faces/id0001/SpfaJtrTMfc
train,id0062,English,SK8nrapRgqQ,faces/id0062/SK8nrapRgqQ/0001575.jpg,voices/id0062/English/SK8nrapRgqQ/00011.wav,faces/id0062/SK8nrapRgqQ
train,id0037,English,JQXdD8SMjkI,faces/id0037/JQXdD8SMjkI/0001425.jpg,voices/id0037/English/JQXdD8SMjkI/00013.wav,faces/id0037/JQXdD8SMjkI
train,id0059,English,Nqcoz0iuxEk,faces/id0059/Nqcoz0iuxEk/0002250.jpg,voices/id0059/English/Nqcoz0iuxEk/00060.wav,faces/id0059/Nqcoz0iuxEk
train,id0048,English,dpd_s0t0geM,faces/id0048/dpd_s0t0geM/0002900.jpg,voices/id0048/English/dpd_s0t0geM/00073.wav,faces/id0048/dpd_s0t0geM
train,id0048,English,dpd_s0t0geM,faces/id0048/dpd_s0t0geM/0002900.jpg,voices/id0048/English/dpd_s0t0geM/00044.wav,faces/id0048/dpd_s0t0geM
train,id0003,English,O_wAm_ewgz4,faces/id0003/O_wAm_ewgz4/0000350.jpg,voices/id0003/English/O_wAm_ewgz4/00008.wav,faces/id0003/O_wAm_ewgz4
train,id0025,English,aBJDnyNhWPQ,faces/id0025/aBJDnyNhWPQ/0000650.jpg,voices/id0025/English/aBJDnyNhWPQ/00004.wav,faces/id0025/aBJDnyNhWPQ
train,id0032,English,P4049PTO0EY,faces/id0032/P4049PTO0EY/0000000.jpg,voices/id0032/English/P4049PTO0EY/00001.wav,faces/id0032/P4049PTO0EY
train,id0014,English,8EkiwaWYds8,faces/id0014/8EkiwaWYds8/0001450.jpg,voices/id0014/English/8EkiwaWYds8/00001.wav,faces/id0014/8EkiwaWYds8
train,id0039,English,vKiGkbyfHPA,faces/id0039/vKiGkbyfHPA/0000025.jpg,voices/id0039/English/vKiGkbyfHPA/00153.wav,faces/id0039/vKiGkbyfHPA
train,id0046,English,l3B08ddiu50,faces/id0046/l3B08ddiu50/0000375.jpg,voices/id0046/English/l3B08ddiu50/00008.wav,faces/id0046/l3B08ddiu50
train,id0001,English,cFU_ez_naak,faces/id0001/cFU_ez_naak/0001000.jpg,voices/id0001/English/cFU_ez_naak/00005.wav,faces/id0001/cFU_ez_naak
train,id0054,English,GWFx6kTr5Kg,faces/id0054/GWFx6kTr5Kg/0000000.jpg,voices/id0054/English/GWFx6kTr5Kg/00004.wav,faces/id0054/GWFx6kTr5Kg
train,id0009,English,CbMvPV-JKew,faces/id0009/CbMvPV-JKew/0001075.jpg,voices/id0009/English/CbMvPV-JKew/00029.wav,faces/id0009/CbMvPV-JKew
train,id0011,English,de7oVYjfT3Y,faces/id0011/de7oVYjfT3Y/0000050.jpg,voices/id0011/English/de7oVYjfT3Y/00000.wav,faces/id0011/de7oVYjfT3Y
train,id0028,English,dxqN3FoMml8,faces/id0028/dxqN3FoMml8/0002125.jpg,voices/id0028/English/dxqN3FoMml8/00019.wav,faces/id0028/dxqN3FoMml8
train,id0041,English,igda3vF6SuI,faces/id0041/igda3vF6SuI/0001950.jpg,voices/id0041/English/igda3vF6SuI/00014.wav,faces/id0041/igda3vF6SuI
train,id0064,English,_dIfZzcdpN0,faces/id0064/_dIfZzcdpN0/0001125.jpg,voices/id0064/English/_dIfZzcdpN0/00000.wav,faces/id0064/_dIfZzcdpN0
train,id0032,English,R94FJ76YAbg,faces/id0032/R94FJ76YAbg/0000250.jpg,voices/id0032/English/R94FJ76YAbg/00007.wav,faces/id0032/R94FJ76YAbg
train,id0052,English,oKKSSoDfquA,faces/id0052/oKKSSoDfquA/0000025.jpg,voices/id0052/English/oKKSSoDfquA/00094.wav,faces/id0052/oKKSSoDfquA
train,id0045,English,QjPkuA2BoX4,faces/id0045/QjPkuA2BoX4/0001625.jpg,voices/id0045/English/QjPkuA2BoX4/00045.wav,faces/id0045/QjPkuA2BoX4
train,id0052,English,uX3Q8CzGyVk,faces/id0052/uX3Q8CzGyVk/0000025.jpg,voices/id0052/English/uX3Q8CzGyVk/00053.wav,faces/id0052/uX3Q8CzGyVk
train,id0006,English,c0qE9UlV38c,faces/id0006/c0qE9UlV38c/0000150.jpg,voices/id0006/English/c0qE9UlV38c/00014.wav,faces/id0006/c0qE9UlV38c
train,id0018,English,KQrdbivDg9E,faces/id0018/KQrdbivDg9E/0000000.jpg,voices/id0018/English/KQrdbivDg9E/00052.wav,faces/id0018/KQrdbivDg9E
train,id0011,English,ymgOryA8uUQ,faces/id0011/ymgOryA8uUQ/0000100.jpg,voices/id0011/English/ymgOryA8uUQ/00009.wav,faces/id0011/ymgOryA8uUQ
train,id0050,English,68s,faces/id0050/68s/0000025.jpg,voices/id0050/English/68s/00002.wav,faces/id0050/68s
train,id0062,English,SK8nrapRgqQ,faces/id0062/SK8nrapRgqQ/0001575.jpg,voices/id0062/English/SK8nrapRgqQ/00068.wav,faces/id0062/SK8nrapRgqQ
train,id0001,English,mg8ST-ymYv0,faces/id0001/mg8ST-ymYv0/0030925.jpg,voices/id0001/English/mg8ST-ymYv0/00007.wav,faces/id0001/mg8ST-ymYv0
train,id0039,English,qyZ004QI6Iw,faces/id0039/qyZ004QI6Iw/0000025.jpg,voices/id0039/English/qyZ004QI6Iw/00145.wav,faces/id0039/qyZ004QI6Iw
train,id0011,English,CsnMSIZg04A,faces/id0011/CsnMSIZg04A/0000075.jpg,voices/id0011/English/CsnMSIZg04A/00022.wav,faces/id0011/CsnMSIZg04A
train,id0012,English,k-f3Nnd5n8A,faces/id0012/k-f3Nnd5n8A/0000000.jpg,voices/id0012/English/k-f3Nnd5n8A/00007.wav,faces/id0012/k-f3Nnd5n8A
train,id0017,English,iNzFuVDC0vE,faces/id0017/iNzFuVDC0vE/0001325.jpg,voices/id0017/English/iNzFuVDC0vE/00056.wav,faces/id0017/iNzFuVDC0vE
train,id0028,English,REIQ9Vlh0Lk,faces/id0028/REIQ9Vlh0Lk/0000000.jpg,voices/id0028/English/REIQ9Vlh0Lk/00039.wav,faces/id0028/REIQ9Vlh0Lk
train,id0003,English,sHbyLrzEByw,faces/id0003/sHbyLrzEByw/0000975.jpg,voices/id0003/English/sHbyLrzEByw/00017.wav,faces/id0003/sHbyLrzEByw
train,id0022,English,vHzoWDUboWA,faces/id0022/vHzoWDUboWA/0000900.jpg,voices/id0022/English/vHzoWDUboWA/00021.wav,faces/id0022/vHzoWDUboWA
train,id0037,English,JQXdD8SMjkI,faces/id0037/JQXdD8SMjkI/0001425.jpg,voices/id0037/English/JQXdD8SMjkI/00003.wav,faces/id0037/JQXdD8SMjkI
train,id0023,English,NkXVXcyhczQ,faces/id0023/NkXVXcyhczQ/0000000.jpg,voices/id0023/English/NkXVXcyhczQ/00000.wav,faces/id0023/NkXVXcyhczQ
train,id0005,English,ffgGqDAHcjQ,faces/id0005/ffgGqDAHcjQ/0000625.jpg,voices/id0005/English/ffgGqDAHcjQ/00009.wav,faces/id0005/ffgGqDAHcjQ
train,id0042,English,QKZNY_Tfz38,faces/id0042/QKZNY_Tfz38/0000000.jpg,voices/id0042/English/QKZNY_Tfz38/00012.wav,faces/id0042/QKZNY_Tfz38
train,id0041,English,igda3vF6SuI,faces/id0041/igda3vF6SuI/0001950.jpg,voices/id0041/English/igda3vF6SuI/00005.wav,faces/id0041/igda3vF6SuI
train,id0003,English,sHbyLrzEByw,faces/id0003/sHbyLrzEByw/0000975.jpg,voices/id0003/English/sHbyLrzEByw/00011.wav,faces/id0003/sHbyLrzEByw
train,id0025,English,VlFa0S-juA0,faces/id0025/VlFa0S-juA0/0000000.jpg,voices/id0025/English/VlFa0S-juA0/00070.wav,faces/id0025/VlFa0S-juA0
train,id0018,English,fV7clNE9P7k,faces/id0018/fV7clNE9P7k/0002200.jpg,voices/id0018/English/fV7clNE9P7k/00004.wav,faces/id0018/fV7clNE9P7k
train,id0044,English,vYJc6nLFq40,faces/id0044/vYJc6nLFq40/0000625.jpg,voices/id0044/English/vYJc6nLFq40/00023.wav,faces/id0044/vYJc6nLFq40
train,id0023,English,_TCHCsQECzI,faces/id0023/_TCHCsQECzI/0000025.jpg,voices/id0023/English/_TCHCsQECzI/00010.wav,faces/id0023/_TCHCsQECzI
train,id0037,English,JQXdD8SMjkI,faces/id0037/JQXdD8SMjkI/0001425.jpg,voices/id0037/English/JQXdD8SMjkI/00005.wav,faces/id0037/JQXdD8SMjkI
train,id0053,English,oO1YLLuj52g,faces/id0053/oO1YLLuj52g/0000250.jpg,voices/id0053/English/oO1YLLuj52g/00017.wav,faces/id0053/oO1YLLuj52g
train,id0009,English,xbfE-IE7Sho,faces/id0009/xbfE-IE7Sho/0000425.jpg,voices/id0009/English/xbfE-IE7Sho/00009.wav,faces/id0009/xbfE-IE7Sho
train,id0031,English,d5sDmRCcKEU,faces/id0031/d5sDmRCcKEU/0006250.jpg,voices/id0031/English/d5sDmRCcKEU/00001.wav,faces/id0031/d5sDmRCcKEU
train,id0045,English,QjPkuA2BoX4,faces/id0045/QjPkuA2BoX4/0001625.jpg,voices/id0045/English/QjPkuA2BoX4/00137.wav,faces/id0045/QjPkuA2BoX4
train,id0024,English,27T3pMqtDG8,faces/id0024/27T3pMqtDG8/0003225.jpg,voices/id0024/English/27T3pMqtDG8/00019.wav,faces/id0024/27T3pMqtDG8
train,id0001,English,Y16ltGEvXzI,faces/id0001/Y16ltGEvXzI/0001300.jpg,voices/id0001/English/Y16ltGEvXzI/00028.wav,faces/id0001/Y16ltGEvXzI
train,id0013,English,O4f7_5Mv_5c,faces/id0013/O4f7_5Mv_5c/0000400.jpg,voices/id0013/English/O4f7_5Mv_5c/00005.wav,faces/id0013/O4f7_5Mv_5c
train,id0038,English,ePuTjFlzREA,faces/id0038/ePuTjFlzREA/0000075.jpg,voices/id0038/English/ePuTjFlzREA/00017.wav,faces/id0038/ePuTjFlzREA
train,id0003,English,bV2qGq9jc9Y,faces/id0003/bV2qGq9jc9Y/0001275.jpg,voices/id0003/English/bV2qGq9jc9Y/00023.wav,faces/id0003/bV2qGq9jc9Y
train,id0048,English,MzgfSKySMIU,faces/id0048/MzgfSKySMIU/0000000.jpg,voices/id0048/English/MzgfSKySMIU/00001.wav,faces/id0048/MzgfSKySMIU
train,id0025,English,VlFa0S-juA0,faces/id0025/VlFa0S-juA0/0000000.jpg,voices/id0025/English/VlFa0S-juA0/00071.wav,faces/id0025/VlFa0S-juA0
train,id0028,English,REIQ9Vlh0Lk,faces/id0028/REIQ9Vlh0Lk/0000000.jpg,voices/id0028/English/REIQ9Vlh0Lk/00006.wav,faces/id0028/REIQ9Vlh0Lk
train,id0029,English,SnVpb830XpQ,faces/id0029/SnVpb830XpQ/0000025.jpg,voices/id0029/English/SnVpb830XpQ/00000.wav,faces/id0029/SnVpb830XpQ
train,id0032,English,9Zq9lVPWIUQ,faces/id0032/9Zq9lVPWIUQ/0000250.jpg,voices/id0032/English/9Zq9lVPWIUQ/00002.wav,faces/id0032/9Zq9lVPWIUQ
train,id0045,English,h7A9ToTEKQA,faces/id0045/h7A9ToTEKQA/0000750.jpg,voices/id0045/English/h7A9ToTEKQA/00005.wav,faces/id0045/h7A9ToTEKQA
train,id0001,English,U3rWfLEkFvg,faces/id0001/U3rWfLEkFvg/0000450.jpg,voices/id0001/English/U3rWfLEkFvg/00015.wav,faces/id0001/U3rWfLEkFvg
train,id0054,English,XZhRQgDQ1j4,faces/id0054/XZhRQgDQ1j4/0000125.jpg,voices/id0054/English/XZhRQgDQ1j4/00000.wav,faces/id0054/XZhRQgDQ1j4
train,id0055,English,YYrCJzoCHvk,faces/id0055/YYrCJzoCHvk/0000050.jpg,voices/id0055/English/YYrCJzoCHvk/00003.wav,faces/id0055/YYrCJzoCHvk
train,id0020,English,eJbUxNrtE70,faces/id0020/eJbUxNrtE70/0001900.jpg,voices/id0020/English/eJbUxNrtE70/00006.wav,faces/id0020/eJbUxNrtE70
train,id0045,English,QjPkuA2BoX4,faces/id0045/QjPkuA2BoX4/0001625.jpg,voices/id0045/English/QjPkuA2BoX4/00086.wav,faces/id0045/QjPkuA2BoX4
train,id0009,English,gXnUW8OooRk,faces/id0009/gXnUW8OooRk/0000275.jpg,voices/id0009/English/gXnUW8OooRk/00093.wav,faces/id0009/gXnUW8OooRk
train,id0015,English,hU5pLzIixjw,faces/id0015/hU5pLzIixjw/0000975.jpg,voices/id0015/English/hU5pLzIixjw/00012.wav,faces/id0015/hU5pLzIixjw
train,id0025,English,9UKSten91H4,faces/id0025/9UKSten91H4/0000025.jpg,voices/id0025/English/9UKSten91H4/00022.wav,faces/id0025/9UKSten91H4
train,id0001,English,U3rWfLEkFvg,faces/id0001/U3rWfLEkFvg/0000450.jpg,voices/id0001/English/U3rWfLEkFvg/00018.wav,faces/id0001/U3rWfLEkFvg
train,id0052,English,m_2TipjC5pw,faces/id0052/m_2TipjC5pw/0000025.jpg,voices/id0052/English/m_2TipjC5pw/00028.wav,faces/id0052/m_2TipjC5pw
train,id0042,English,879NYRQPID8,faces/id0042/879NYRQPID8/0000000.jpg,voices/id0042/English/879NYRQPID8/00012.wav,faces/id0042/879NYRQPID8
train,id0043,English,BcP6EKeHE4U,faces/id0043/BcP6EKeHE4U/0000425.jpg,voices/id0043/English/BcP6EKeHE4U/00016.wav,faces/id0043/BcP6EKeHE4U
train,id0009,English,xbfE-IE7Sho,faces/id0009/xbfE-IE7Sho/0000425.jpg,voices/id0009/English/xbfE-IE7Sho/00004.wav,faces/id0009/xbfE-IE7Sho
train,id0059,English,Nqcoz0iuxEk,faces/id0059/Nqcoz0iuxEk/0002250.jpg,voices/id0059/English/Nqcoz0iuxEk/00007.wav,faces/id0059/Nqcoz0iuxEk
train,id0057,English,4dLiEsFxDCE,faces/id0057/4dLiEsFxDCE/0000525.jpg,voices/id0057/English/4dLiEsFxDCE/00001.wav,faces/id0057/4dLiEsFxDCE
train,id0015,English,0R531JwP45k,faces/id0015/0R531JwP45k/0000950.jpg,voices/id0015/English/0R531JwP45k/00030.wav,faces/id0015/0R531JwP45k
train,id0048,English,dpd_s0t0geM,faces/id0048/dpd_s0t0geM/0002900.jpg,voices/id0048/English/dpd_s0t0geM/00004.wav,faces/id0048/dpd_s0t0geM
train,id0003,English,O_wAm_ewgz4,faces/id0003/O_wAm_ewgz4/0000350.jpg,voices/id0003/English/O_wAm_ewgz4/00010.wav,faces/id0003/O_wAm_ewgz4
train,id0003,English,s4eWJQjHB0I,faces/id0003/s4eWJQjHB0I/0001275.jpg,voices/id0003/English/s4eWJQjHB0I/00018.wav,faces/id0003/s4eWJQjHB0I
train,id0001,English,SpfaJtrTMfc,faces/id0001/SpfaJtrTMfc/0002475.jpg,voices/id0001/English/SpfaJtrTMfc/00009.wav,faces/id0001/SpfaJtrTMfc
train,id0006,English,caVRuzpMDNE,faces/id0006/caVRuzpMDNE/0000375.jpg,voices/id0006/English/caVRuzpMDNE/00022.wav,faces/id0006/caVRuzpMDNE
train,id0015,English,BupAovo40Uc,faces/id0015/BupAovo40Uc/0000250.jpg,voices/id0015/English/BupAovo40Uc/00026.wav,faces/id0015/BupAovo40Uc
train,id0045,English,QjPkuA2BoX4,faces/id0045/QjPkuA2BoX4/0001625.jpg,voices/id0045/English/QjPkuA2BoX4/00064.wav,faces/id0045/QjPkuA2BoX4
train,id0069,English,BNvjmBk5psM,faces/id0069/BNvjmBk5psM/0000400.jpg,voices/id0069/English/BNvjmBk5psM/00010.wav,faces/id0069/BNvjmBk5psM
train,id0006,English,c0qE9UlV38c,faces/id0006/c0qE9UlV38c/0000150.jpg,voices/id0006/English/c0qE9UlV38c/00037.wav,faces/id0006/c0qE9UlV38c
train,id0042,English,QKZNY_Tfz38,faces/id0042/QKZNY_Tfz38/0000000.jpg,voices/id0042/English/QKZNY_Tfz38/00004.wav,faces/id0042/QKZNY_Tfz38
train,id0012,English,fvt3f_xZZl0,faces/id0012/fvt3f_xZZl0/0004750.jpg,voices/id0012/English/fvt3f_xZZl0/00012.wav,faces/id0012/fvt3f_xZZl0
train,id0028,English,9jcHcByYp_s,faces/id0028/9jcHcByYp_s/0000625.jpg,voices/id0028/English/9jcHcByYp_s/00085.wav,faces/id0028/9jcHcByYp_s
train,id0054,English,2Z3VFOAuNXI,faces/id0054/2Z3VFOAuNXI/0000025.jpg,voices/id0054/English/2Z3VFOAuNXI/00002.wav,faces/id0054/2Z3VFOAuNXI
train,id0052,English,ZMFntWRg8LY,faces/id0052/ZMFntWRg8LY/0002375.jpg,voices/id0052/English/ZMFntWRg8LY/00010.wav,faces/id0052/ZMFntWRg8LY
train,id0006,English,caVRuzpMDNE,faces/id0006/caVRuzpMDNE/0000375.jpg,voices/id0006/English/caVRuzpMDNE/00001.wav,faces/id0006/caVRuzpMDNE
train,id0032,English,R94FJ76YAbg,faces/id0032/R94FJ76YAbg/0000250.jpg,voices/id0032/English/R94FJ76YAbg/00004.wav,faces/id0032/R94FJ76YAbg
train,id0042,English,QKZNY_Tfz38,faces/id0042/QKZNY_Tfz38/0000000.jpg,voices/id0042/English/QKZNY_Tfz38/00003.wav,faces/id0042/QKZNY_Tfz38
train,id0060,English,11_JiPr1pEk,faces/id0060/11_JiPr1pEk/0000325.jpg,voices/id0060/English/11_JiPr1pEk/00004.wav,faces/id0060/11_JiPr1pEk
train,id0025,English,JBGHwJ7o_I8,faces/id0025/JBGHwJ7o_I8/0000375.jpg,voices/id0025/English/JBGHwJ7o_I8/00005.wav,faces/id0025/JBGHwJ7o_I8
train,id0067,English,aGdUenA305A,faces/id0067/aGdUenA305A/0000025.jpg,voices/id0067/English/aGdUenA305A/00077.wav,faces/id0067/aGdUenA305A
train,id0055,English,ygbDcr4pHtk,faces/id0055/ygbDcr4pHtk/0000175.jpg,voices/id0055/English/ygbDcr4pHtk/00002.wav,faces/id0055/ygbDcr4pHtk
train,id0032,English,co8amcOfd4g,faces/id0032/co8amcOfd4g/0000000.jpg,voices/id0032/English/co8amcOfd4g/00004.wav,faces/id0032/co8amcOfd4g
train,id0003,English,RRdfeB-NRqw,faces/id0003/RRdfeB-NRqw/0001300.jpg,voices/id0003/English/RRdfeB-NRqw/00000.wav,faces/id0003/RRdfeB-NRqw
train,id0028,English,REIQ9Vlh0Lk,faces/id0028/REIQ9Vlh0Lk/0000000.jpg,voices/id0028/English/REIQ9Vlh0Lk/00069.wav,faces/id0028/REIQ9Vlh0Lk
train,id0011,English,de7oVYjfT3Y,faces/id0011/de7oVYjfT3Y/0000050.jpg,voices/id0011/English/de7oVYjfT3Y/00016.wav,faces/id0011/de7oVYjfT3Y
train,id0015,English,hU5pLzIixjw,faces/id0015/hU5pLzIixjw/0000975.jpg,voices/id0015/English/hU5pLzIixjw/00020.wav,faces/id0015/hU5pLzIixjw
train,id0015,English,hU5pLzIixjw,faces/id0015/hU5pLzIixjw/0000975.jpg,voices/id0015/English/hU5pLzIixjw/00007.wav,faces/id0015/hU5pLzIixjw
train,id0003,English,s4eWJQjHB0I,faces/id0003/s4eWJQjHB0I/0001275.jpg,voices/id0003/English/s4eWJQjHB0I/00027.wav,faces/id0003/s4eWJQjHB0I
train,id0020,English,https_,faces/id0020/https_/0000125.jpg,voices/id0020/English/https_/00002.wav,faces/id0020/https_
train,id0025,English,9UKSten91H4,faces/id0025/9UKSten91H4/0000025.jpg,voices/id0025/English/9UKSten91H4/00004.wav,faces/id0025/9UKSten91H4
train,id0052,English,uX3Q8CzGyVk,faces/id0052/uX3Q8CzGyVk/0000025.jpg,voices/id0052/English/uX3Q8CzGyVk/00014.wav,faces/id0052/uX3Q8CzGyVk
train,id0052,English,uX3Q8CzGyVk,faces/id0052/uX3Q8CzGyVk/0000025.jpg,voices/id0052/English/uX3Q8CzGyVk/00054.wav,faces/id0052/uX3Q8CzGyVk
train,id0066,English,foG89Q_YrTY,faces/id0066/foG89Q_YrTY/0000000.jpg,voices/id0066/English/foG89Q_YrTY/00006.wav,faces/id0066/foG89Q_YrTY
train,id0003,English,s4eWJQjHB0I,faces/id0003/s4eWJQjHB0I/0001275.jpg,voices/id0003/English/s4eWJQjHB0I/00008.wav,faces/id0003/s4eWJQjHB0I
train,id0009,English,CbMvPV-JKew,faces/id0009/CbMvPV-JKew/0001075.jpg,voices/id0009/English/CbMvPV-JKew/00012.wav,faces/id0009/CbMvPV-JKew
train,id0015,English,0R531JwP45k,faces/id0015/0R531JwP45k/0000950.jpg,voices/id0015/English/0R531JwP45k/00049.wav,faces/id0015/0R531JwP45k
train,id0063,English,e4viFF_N14E,faces/id0063/e4viFF_N14E/0001375.jpg,voices/id0063/English/e4viFF_N14E/00002.wav,faces/id0063/e4viFF_N14E
train,id0044,English,vYJc6nLFq40,faces/id0044/vYJc6nLFq40/0000625.jpg,voices/id0044/English/vYJc6nLFq40/00075.wav,faces/id0044/vYJc6nLFq40
train,id0045,English,Erq4Y9TVf4o,faces/id0045/Erq4Y9TVf4o/0001125.jpg,voices/id0045/English/Erq4Y9TVf4o/00007.wav,faces/id0045/Erq4Y9TVf4o
train,id0028,English,dxqN3FoMml8,faces/id0028/dxqN3FoMml8/0002125.jpg,voices/id0028/English/dxqN3FoMml8/00039.wav,faces/id0028/dxqN3FoMml8
train,id0016,English,_ZWgPMT33as,faces/id0016/_ZWgPMT33as/0000000.jpg,voices/id0016/English/_ZWgPMT33as/00025.wav,faces/id0016/_ZWgPMT33as
train,id0055,English,1E2M_GJQpfc,faces/id0055/1E2M_GJQpfc/0004125.jpg,voices/id0055/English/1E2M_GJQpfc/00000.wav,faces/id0055/1E2M_GJQpfc
train,id0003,English,RRdfeB-NRqw,faces/id0003/RRdfeB-NRqw/0001300.jpg,voices/id0003/English/RRdfeB-NRqw/00007.wav,faces/id0003/RRdfeB-NRqw
train,id0057,English,ibr4dXajSJ8,faces/id0057/ibr4dXajSJ8/0000225.jpg,voices/id0057/English/ibr4dXajSJ8/00005.wav,faces/id0057/ibr4dXajSJ8
train,id0015,English,0R531JwP45k,faces/id0015/0R531JwP45k/0000950.jpg,voices/id0015/English/0R531JwP45k/00022.wav,faces/id0015/0R531JwP45k
train,id0011,English,YwozNG5iuSY,faces/id0011/YwozNG5iuSY/0001125.jpg,voices/id0011/English/YwozNG5iuSY/00012.wav,faces/id0011/YwozNG5iuSY
train,id0045,English,h7A9ToTEKQA,faces/id0045/h7A9ToTEKQA/0000750.jpg,voices/id0045/English/h7A9ToTEKQA/00009.wav,faces/id0045/h7A9ToTEKQA
train,id0006,English,caVRuzpMDNE,faces/id0006/caVRuzpMDNE/0000375.jpg,voices/id0006/English/caVRuzpMDNE/00011.wav,faces/id0006/caVRuzpMDNE
train,id0011,English,zH9gdUqT7Hs,faces/id0011/zH9gdUqT7Hs/0000000.jpg,voices/id0011/English/zH9gdUqT7Hs/00018.wav,faces/id0011/zH9gdUqT7Hs
train,id0039,English,qyZ004QI6Iw,faces/id0039/qyZ004QI6Iw/0000025.jpg,voices/id0039/English/qyZ004QI6Iw/00137.wav,faces/id0039/qyZ004QI6Iw
train,id0043,English,6hf-RQmsLTg,faces/id0043/6hf-RQmsLTg/0002050.jpg,voices/id0043/English/6hf-RQmsLTg/00034.wav,faces/id0043/6hf-RQmsLTg
train,id0051,English,w_c9WOoaAJ8,faces/id0051/w_c9WOoaAJ8/0000200.jpg,voices/id0051/English/w_c9WOoaAJ8/00011.wav,faces/id0051/w_c9WOoaAJ8
train,id0066,English,Z11MbuMakyI,faces/id0066/Z11MbuMakyI/0000400.jpg,voices/id0066/English/Z11MbuMakyI/00016.wav,faces/id0066/Z11MbuMakyI
train,id0052,English,oKKSSoDfquA,faces/id0052/oKKSSoDfquA/0000025.jpg,voices/id0052/English/oKKSSoDfquA/00055.wav,faces/id0052/oKKSSoDfquA
train,id0005,English,YETolXZneZA,faces/id0005/YETolXZneZA/0000000.jpg,voices/id0005/English/YETolXZneZA/00027.wav,faces/id0005/YETolXZneZA
train,id0009,English,gXnUW8OooRk,faces/id0009/gXnUW8OooRk/0000275.jpg,voices/id0009/English/gXnUW8OooRk/00029.wav,faces/id0009/gXnUW8OooRk
train,id0045,English,QjPkuA2BoX4,faces/id0045/QjPkuA2BoX4/0001625.jpg,voices/id0045/English/QjPkuA2BoX4/00076.wav,faces/id0045/QjPkuA2BoX4
train,id0009,English,CbMvPV-JKew,faces/id0009/CbMvPV-JKew/0001075.jpg,voices/id0009/English/CbMvPV-JKew/00040.wav,faces/id0009/CbMvPV-JKew
train,id0041,English,igda3vF6SuI,faces/id0041/igda3vF6SuI/0001950.jpg,voices/id0041/English/igda3vF6SuI/00017.wav,faces/id0041/igda3vF6SuI
train,id0039,English,vKiGkbyfHPA,faces/id0039/vKiGkbyfHPA/0000025.jpg,voices/id0039/English/vKiGkbyfHPA/00096.wav,faces/id0039/vKiGkbyfHPA
train,id0067,English,910VR2VJABs,faces/id0067/910VR2VJABs/0000025.jpg,voices/id0067/English/910VR2VJABs/00007.wav,faces/id0067/910VR2VJABs
train,id0043,English,ImeJKRoLlQ0,faces/id0043/ImeJKRoLlQ0/0000225.jpg,voices/id0043/English/ImeJKRoLlQ0/00002.wav,faces/id0043/ImeJKRoLlQ0
train,id0039,English,vKiGkbyfHPA,faces/id0039/vKiGkbyfHPA/0000025.jpg,voices/id0039/English/vKiGkbyfHPA/00070.wav,faces/id0039/vKiGkbyfHPA
train,id0003,English,sHbyLrzEByw,faces/id0003/sHbyLrzEByw/0000975.jpg,voices/id0003/English/sHbyLrzEByw/00023.wav,faces/id0003/sHbyLrzEByw
train,id0005,English,aT4fcH93Fxw,faces/id0005/aT4fcH93Fxw/0004250.jpg,voices/id0005/English/aT4fcH93Fxw/00000.wav,faces/id0005/aT4fcH93Fxw
train,id0041,English,igda3vF6SuI,faces/id0041/igda3vF6SuI/0001950.jpg,voices/id0041/English/igda3vF6SuI/00057.wav,faces/id0041/igda3vF6SuI
train,id0001,English,Y16ltGEvXzI,faces/id0001/Y16ltGEvXzI/0001300.jpg,voices/id0001/English/Y16ltGEvXzI/00070.wav,faces/id0001/Y16ltGEvXzI
train,id0001,English,U3rWfLEkFvg,faces/id0001/U3rWfLEkFvg/0000450.jpg,voices/id0001/English/U3rWfLEkFvg/00007.wav,faces/id0001/U3rWfLEkFvg
train,id0011,English,ymgOryA8uUQ,faces/id0011/ymgOryA8uUQ/0000100.jpg,voices/id0011/English/ymgOryA8uUQ/00006.wav,faces/id0011/ymgOryA8uUQ
train,id0015,English,0R531JwP45k,faces/id0015/0R531JwP45k/0000950.jpg,voices/id0015/English/0R531JwP45k/00034.wav,faces/id0015/0R531JwP45k
train,id0055,English,mvPkO0InuOk,faces/id0055/mvPkO0InuOk/0000050.jpg,voices/id0055/English/mvPkO0InuOk/00000.wav,faces/id0055/mvPkO0InuOk
train,id0047,English,EN3qQZhg6FA,faces/id0047/EN3qQZhg6FA/0000350.jpg,voices/id0047/English/EN3qQZhg6FA/00014.wav,faces/id0047/EN3qQZhg6FA
train,id0012,English,ERAJ_QXo-oY,faces/id0012/ERAJ_QXo-oY/0002775.jpg,voices/id0012/English/ERAJ_QXo-oY/00021.wav,faces/id0012/ERAJ_QXo-oY
train,id0054,English,L1lsne6_YtE,faces/id0054/L1lsne6_YtE/0000025.jpg,voices/id0054/English/L1lsne6_YtE/00011.wav,faces/id0054/L1lsne6_YtE
train,id0054,English,F7C87RNgnK4,faces/id0054/F7C87RNgnK4/0000150.jpg,voices/id0054/English/F7C87RNgnK4/00008.wav,faces/id0054/F7C87RNgnK4
train,id0052,English,oKKSSoDfquA,faces/id0052/oKKSSoDfquA/0000025.jpg,voices/id0052/English/oKKSSoDfquA/00080.wav,faces/id0052/oKKSSoDfquA
train,id0006,English,FhVHqeWKXvM,faces/id0006/FhVHqeWKXvM/0000325.jpg,voices/id0006/English/FhVHqeWKXvM/00001.wav,faces/id0006/FhVHqeWKXvM
train,id0037,English,UFphD2kfGDs,faces/id0037/UFphD2kfGDs/0000850.jpg,voices/id0037/English/UFphD2kfGDs/00002.wav,faces/id0037/UFphD2kfGDs
train,id0005,English,ffgGqDAHcjQ,faces/id0005/ffgGqDAHcjQ/0000625.jpg,voices/id0005/English/ffgGqDAHcjQ/00010.wav,faces/id0005/ffgGqDAHcjQ
train,id0027,English,45XvDmnzABk,faces/id0027/45XvDmnzABk/0005075.jpg,voices/id0027/English/45XvDmnzABk/00000.wav,faces/id0027/45XvDmnzABk
train,id0049,English,bQXzC47izaE,faces/id0049/bQXzC47izaE/0001525.jpg,voices/id0049/English/bQXzC47izaE/00004.wav,faces/id0049/bQXzC47izaE
train,id0003,English,bV2qGq9jc9Y,faces/id0003/bV2qGq9jc9Y/0001275.jpg,voices/id0003/English/bV2qGq9jc9Y/00008.wav,faces/id0003/bV2qGq9jc9Y
train,id0001,English,Y16ltGEvXzI,faces/id0001/Y16ltGEvXzI/0001300.jpg,voices/id0001/English/Y16ltGEvXzI/00074.wav,faces/id0001/Y16ltGEvXzI
train,id0044,English,vYJc6nLFq40,faces/id0044/vYJc6nLFq40/0000625.jpg,voices/id0044/English/vYJc6nLFq40/00063.wav,faces/id0044/vYJc6nLFq40
train,id0001,English,SpfaJtrTMfc,faces/id0001/SpfaJtrTMfc/0002475.jpg,voices/id0001/English/SpfaJtrTMfc/00034.wav,faces/id0001/SpfaJtrTMfc
train,id0039,English,qyZ004QI6Iw,faces/id0039/qyZ004QI6Iw/0000025.jpg,voices/id0039/English/qyZ004QI6Iw/00000.wav,faces/id0039/qyZ004QI6Iw
train,id0018,English,KQrdbivDg9E,faces/id0018/KQrdbivDg9E/0000000.jpg,voices/id0018/English/KQrdbivDg9E/00047.wav,faces/id0018/KQrdbivDg9E
train,id0052,English,uX3Q8CzGyVk,faces/id0052/uX3Q8CzGyVk/0000025.jpg,voices/id0052/English/uX3Q8CzGyVk/00037.wav,faces/id0052/uX3Q8CzGyVk
train,id0045,English,QjPkuA2BoX4,faces/id0045/QjPkuA2BoX4/0001625.jpg,voices/id0045/English/QjPkuA2BoX4/00068.wav,faces/id0045/QjPkuA2BoX4
train,id0044,English,vYJc6nLFq40,faces/id0044/vYJc6nLFq40/0000625.jpg,voices/id0044/English/vYJc6nLFq40/00006.wav,faces/id0044/vYJc6nLFq40
train,id0022,English,PoMGgCakSb0,faces/id0022/PoMGgCakSb0/0000000.jpg,voices/id0022/English/PoMGgCakSb0/00026.wav,faces/id0022/PoMGgCakSb0
train,id0035,English,BbKxP-BW8to,faces/id0035/BbKxP-BW8to/0000000.jpg,voices/id0035/English/BbKxP-BW8to/00000.wav,faces/id0035/BbKxP-BW8to
train,id0011,English,de7oVYjfT3Y,faces/id0011/de7oVYjfT3Y/0000050.jpg,voices/id0011/English/de7oVYjfT3Y/00020.wav,faces/id0011/de7oVYjfT3Y
train,id0061,English,qXhXigw8GU8,faces/id0061/qXhXigw8GU8/0000000.jpg,voices/id0061/English/qXhXigw8GU8/00000.wav,faces/id0061/qXhXigw8GU8
train,id0060,English,WyInmhVL3Ok,faces/id0060/WyInmhVL3Ok/0002575.jpg,voices/id0060/English/WyInmhVL3Ok/00004.wav,faces/id0060/WyInmhVL3Ok
train,id0063,English,e4viFF_N14E,faces/id0063/e4viFF_N14E/0001375.jpg,voices/id0063/English/e4viFF_N14E/00000.wav,faces/id0063/e4viFF_N14E
train,id0014,English,eZvFT9J80TQ,faces/id0014/eZvFT9J80TQ/0001000.jpg,voices/id0014/English/eZvFT9J80TQ/00009.wav,faces/id0014/eZvFT9J80TQ
train,id0044,English,vYJc6nLFq40,faces/id0044/vYJc6nLFq40/0000625.jpg,voices/id0044/English/vYJc6nLFq40/00068.wav,faces/id0044/vYJc6nLFq40
train,id0061,English,cOPwZX2_gR4,faces/id0061/cOPwZX2_gR4/0000025.jpg,voices/id0061/English/cOPwZX2_gR4/00009.wav,faces/id0061/cOPwZX2_gR4
train,id0025,English,VlFa0S-juA0,faces/id0025/VlFa0S-juA0/0000000.jpg,voices/id0025/English/VlFa0S-juA0/00043.wav,faces/id0025/VlFa0S-juA0
train,id0039,English,FfXTPqi0BVU,faces/id0039/FfXTPqi0BVU/0001975.jpg,voices/id0039/English/FfXTPqi0BVU/00019.wav,faces/id0039/FfXTPqi0BVU
train,id0043,English,6hf-RQmsLTg,faces/id0043/6hf-RQmsLTg/0002050.jpg,voices/id0043/English/6hf-RQmsLTg/00012.wav,faces/id0043/6hf-RQmsLTg
train,id0015,English,BupAovo40Uc,faces/id0015/BupAovo40Uc/0000250.jpg,voices/id0015/English/BupAovo40Uc/00023.wav,faces/id0015/BupAovo40Uc
train,id0066,English,sbwHlZjFWUI,faces/id0066/sbwHlZjFWUI/0000000.jpg,voices/id0066/English/sbwHlZjFWUI/00000.wav,faces/id0066/sbwHlZjFWUI
train,id0015,English,0R531JwP45k,faces/id0015/0R531JwP45k/0000950.jpg,voices/id0015/English/0R531JwP45k/00011.wav,faces/id0015/0R531JwP45k
train,id0066,English,svXViGNrvRg,faces/id0066/svXViGNrvRg/0001225.jpg,voices/id0066/English/svXViGNrvRg/00001.wav,faces/id0066/svXViGNrvRg
train,id0057,English,ibr4dXajSJ8,faces/id0057/ibr4dXajSJ8/0000225.jpg,voices/id0057/English/ibr4dXajSJ8/00037.wav,faces/id0057/ibr4dXajSJ8
train,id0055,English,8fShKg7xrtI,faces/id0055/8fShKg7xrtI/0000450.jpg,voices/id0055/English/8fShKg7xrtI/00007.wav,faces/id0055/8fShKg7xrtI
train,id0043,English,ImeJKRoLlQ0,faces/id0043/ImeJKRoLlQ0/0000225.jpg,voices/id0043/English/ImeJKRoLlQ0/00000.wav,faces/id0043/ImeJKRoLlQ0
train,id0040,English,ZJdxFPQdF7M,faces/id0040/ZJdxFPQdF7M/0000125.jpg,voices/id0040/English/ZJdxFPQdF7M/00005.wav,faces/id0040/ZJdxFPQdF7M
train,id0059,English,Nqcoz0iuxEk,faces/id0059/Nqcoz0iuxEk/0002250.jpg,voices/id0059/English/Nqcoz0iuxEk/00030.wav,faces/id0059/Nqcoz0iuxEk
train,id0066,English,sbwHlZjFWUI,faces/id0066/sbwHlZjFWUI/0000000.jpg,voices/id0066/English/sbwHlZjFWUI/00003.wav,faces/id0066/sbwHlZjFWUI
train,id0052,English,m_2TipjC5pw,faces/id0052/m_2TipjC5pw/0000025.jpg,voices/id0052/English/m_2TipjC5pw/00016.wav,faces/id0052/m_2TipjC5pw
train,id0062,English,HVf8Sd11R5k,faces/id0062/HVf8Sd11R5k/0000000.jpg,voices/id0062/English/HVf8Sd11R5k/00000.wav,faces/id0062/HVf8Sd11R5k
train,id0001,English,Y16ltGEvXzI,faces/id0001/Y16ltGEvXzI/0001300.jpg,voices/id0001/English/Y16ltGEvXzI/00082.wav,faces/id0001/Y16ltGEvXzI
train,id0044,English,OdUCFZTx9xs,faces/id0044/OdUCFZTx9xs/0000750.jpg,voices/id0044/English/OdUCFZTx9xs/00005.wav,faces/id0044/OdUCFZTx9xs
train,id0037,English,RvS7RB4PYqg,faces/id0037/RvS7RB4PYqg/0000000.jpg,voices/id0037/English/RvS7RB4PYqg/00006.wav,faces/id0037/RvS7RB4PYqg
train,id0018,English,KQrdbivDg9E,faces/id0018/KQrdbivDg9E/0000000.jpg,voices/id0018/English/KQrdbivDg9E/00060.wav,faces/id0018/KQrdbivDg9E
train,id0044,English,vYJc6nLFq40,faces/id0044/vYJc6nLFq40/0000625.jpg,voices/id0044/English/vYJc6nLFq40/00030.wav,faces/id0044/vYJc6nLFq40
train,id0024,English,27T3pMqtDG8,faces/id0024/27T3pMqtDG8/0003225.jpg,voices/id0024/English/27T3pMqtDG8/00023.wav,faces/id0024/27T3pMqtDG8
train,id0028,English,SxPxjK1j_CY,faces/id0028/SxPxjK1j_CY/0000325.jpg,voices/id0028/English/SxPxjK1j_CY/00008.wav,faces/id0028/SxPxjK1j_CY
train,id0062,English,SK8nrapRgqQ,faces/id0062/SK8nrapRgqQ/0001575.jpg,voices/id0062/English/SK8nrapRgqQ/00004.wav,faces/id0062/SK8nrapRgqQ
train,id0001,English,Y16ltGEvXzI,faces/id0001/Y16ltGEvXzI/0001300.jpg,voices/id0001/English/Y16ltGEvXzI/00083.wav,faces/id0001/Y16ltGEvXzI
train,id0052,English,oKKSSoDfquA,faces/id0052/oKKSSoDfquA/0000025.jpg,voices/id0052/English/oKKSSoDfquA/00033.wav,faces/id0052/oKKSSoDfquA
train,id0037,English,JQXdD8SMjkI,faces/id0037/JQXdD8SMjkI/0001425.jpg,voices/id0037/English/JQXdD8SMjkI/00000.wav,faces/id0037/JQXdD8SMjkI
train,id0050,English,QDoC9o2ArtE,faces/id0050/QDoC9o2ArtE/0000225.jpg,voices/id0050/English/QDoC9o2ArtE/00003.wav,faces/id0050/QDoC9o2ArtE
train,id0015,English,0R531JwP45k,faces/id0015/0R531JwP45k/0000950.jpg,voices/id0015/English/0R531JwP45k/00036.wav,faces/id0015/0R531JwP45k
train,id0057,English,ibr4dXajSJ8,faces/id0057/ibr4dXajSJ8/0000225.jpg,voices/id0057/English/ibr4dXajSJ8/00029.wav,faces/id0057/ibr4dXajSJ8
train,id0052,English,bxObwwjdMnY,faces/id0052/bxObwwjdMnY/0000025.jpg,voices/id0052/English/bxObwwjdMnY/00017.wav,faces/id0052/bxObwwjdMnY
train,id0045,English,QjPkuA2BoX4,faces/id0045/QjPkuA2BoX4/0001625.jpg,voices/id0045/English/QjPkuA2BoX4/00134.wav,faces/id0045/QjPkuA2BoX4
train,id0066,English,eX-1HKOXZ3A,faces/id0066/eX-1HKOXZ3A/0000150.jpg,voices/id0066/English/eX-1HKOXZ3A/00001.wav,faces/id0066/eX-1HKOXZ3A
train,id0013,English,Sp7QnA99m1E,faces/id0013/Sp7QnA99m1E/0000675.jpg,voices/id0013/English/Sp7QnA99m1E/00002.wav,faces/id0013/Sp7QnA99m1E
train,id0069,English,9K0_Ba3uRQ8,faces/id0069/9K0_Ba3uRQ8/0000525.jpg,voices/id0069/English/9K0_Ba3uRQ8/00027.wav,faces/id0069/9K0_Ba3uRQ8
train,id0048,English,dpd_s0t0geM,faces/id0048/dpd_s0t0geM/0002900.jpg,voices/id0048/English/dpd_s0t0geM/00034.wav,faces/id0048/dpd_s0t0geM
train,id0049,English,bQXzC47izaE,faces/id0049/bQXzC47izaE/0001525.jpg,voices/id0049/English/bQXzC47izaE/00029.wav,faces/id0049/bQXzC47izaE
train,id0018,English,fV7clNE9P7k,faces/id0018/fV7clNE9P7k/0002200.jpg,voices/id0018/English/fV7clNE9P7k/00048.wav,faces/id0018/fV7clNE9P7k
train,id0029,English,4Wn4cNh5ZYU,faces/id0029/4Wn4cNh5ZYU/0021575.jpg,voices/id0029/English/4Wn4cNh5ZYU/00000.wav,faces/id0029/4Wn4cNh5ZYU
train,id0025,English,9UKSten91H4,faces/id0025/9UKSten91H4/0000025.jpg,voices/id0025/English/9UKSten91H4/00021.wav,faces/id0025/9UKSten91H4
train,id0028,English,REIQ9Vlh0Lk,faces/id0028/REIQ9Vlh0Lk/0000000.jpg,voices/id0028/English/REIQ9Vlh0Lk/00012.wav,faces/id0028/REIQ9Vlh0Lk
train,id0054,English,npX324mAtR0,faces/id0054/npX324mAtR0/0000025.jpg,voices/id0054/English/npX324mAtR0/00014.wav,faces/id0054/npX324mAtR0
train,id0002,English,a8YwLpyHArc,faces/id0002/a8YwLpyHArc/0000075.jpg,voices/id0002/English/a8YwLpyHArc/00007.wav,faces/id0002/a8YwLpyHArc
train,id0009,English,CbMvPV-JKew,faces/id0009/CbMvPV-JKew/0001075.jpg,voices/id0009/English/CbMvPV-JKew/00075.wav,faces/id0009/CbMvPV-JKew
train,id0069,English,BNvjmBk5psM,faces/id0069/BNvjmBk5psM/0000400.jpg,voices/id0069/English/BNvjmBk5psM/00013.wav,faces/id0069/BNvjmBk5psM
train,id0052,English,m_2TipjC5pw,faces/id0052/m_2TipjC5pw/0000025.jpg,voices/id0052/English/m_2TipjC5pw/00029.wav,faces/id0052/m_2TipjC5pw
train,id0002,English,a8YwLpyHArc,faces/id0002/a8YwLpyHArc/0000075.jpg,voices/id0002/English/a8YwLpyHArc/00002.wav,faces/id0002/a8YwLpyHArc
train,id0022,English,cIaJasZFQ94,faces/id0022/cIaJasZFQ94/0002650.jpg,voices/id0022/English/cIaJasZFQ94/00007.wav,faces/id0022/cIaJasZFQ94
train,id0039,English,qyZ004QI6Iw,faces/id0039/qyZ004QI6Iw/0000025.jpg,voices/id0039/English/qyZ004QI6Iw/00001.wav,faces/id0039/qyZ004QI6Iw
train,id0012,English,k-f3Nnd5n8A,faces/id0012/k-f3Nnd5n8A/0000000.jpg,voices/id0012/English/k-f3Nnd5n8A/00017.wav,faces/id0012/k-f3Nnd5n8A
train,id0010,English,YA3TA8K8CPM,faces/id0010/YA3TA8K8CPM/0000200.jpg,voices/id0010/English/YA3TA8K8CPM/00001.wav,faces/id0010/YA3TA8K8CPM
train,id0059,English,Nqcoz0iuxEk,faces/id0059/Nqcoz0iuxEk/0002250.jpg,voices/id0059/English/Nqcoz0iuxEk/00004.wav,faces/id0059/Nqcoz0iuxEk
train,id0047,English,EN3qQZhg6FA,faces/id0047/EN3qQZhg6FA/0000350.jpg,voices/id0047/English/EN3qQZhg6FA/00011.wav,faces/id0047/EN3qQZhg6FA
train,id0028,English,SxPxjK1j_CY,faces/id0028/SxPxjK1j_CY/0000325.jpg,voices/id0028/English/SxPxjK1j_CY/00005.wav,faces/id0028/SxPxjK1j_CY
train,id0052,English,oKKSSoDfquA,faces/id0052/oKKSSoDfquA/0000025.jpg,voices/id0052/English/oKKSSoDfquA/00048.wav,faces/id0052/oKKSSoDfquA
train,id0061,English,D1y3bdSAfqg,faces/id0061/D1y3bdSAfqg/0000450.jpg,voices/id0061/English/D1y3bdSAfqg/00005.wav,faces/id0061/D1y3bdSAfqg
train,id0024,English,dtA2eON1fJA,faces/id0024/dtA2eON1fJA/0005525.jpg,voices/id0024/English/dtA2eON1fJA/00009.wav,faces/id0024/dtA2eON1fJA
train,id0049,English,bQXzC47izaE,faces/id0049/bQXzC47izaE/0001525.jpg,voices/id0049/English/bQXzC47izaE/00003.wav,faces/id0049/bQXzC47izaE
train,id0027,English,Pmd64Lm2bKg,faces/id0027/Pmd64Lm2bKg/0000125.jpg,voices/id0027/English/Pmd64Lm2bKg/00003.wav,faces/id0027/Pmd64Lm2bKg
train,id0033,English,Bd_fr4OC_pk,faces/id0033/Bd_fr4OC_pk/0000525.jpg,voices/id0033/English/Bd_fr4OC_pk/00005.wav,faces/id0033/Bd_fr4OC_pk
train,id0052,English,oKKSSoDfquA,faces/id0052/oKKSSoDfquA/0000025.jpg,voices/id0052/English/oKKSSoDfquA/00062.wav,faces/id0052/oKKSSoDfquA
train,id0039,English,qyZ004QI6Iw,faces/id0039/qyZ004QI6Iw/0000025.jpg,voices/id0039/English/qyZ004QI6Iw/00086.wav,faces/id0039/qyZ004QI6Iw
train,id0009,English,gXnUW8OooRk,faces/id0009/gXnUW8OooRk/0000275.jpg,voices/id0009/English/gXnUW8OooRk/00010.wav,faces/id0009/gXnUW8OooRk
train,id0003,English,COiUHZ_xbO4,faces/id0003/COiUHZ_xbO4/0000600.jpg,voices/id0003/English/COiUHZ_xbO4/00013.wav,faces/id0003/COiUHZ_xbO4
train,id0022,English,cIaJasZFQ94,faces/id0022/cIaJasZFQ94/0002650.jpg,voices/id0022/English/cIaJasZFQ94/00018.wav,faces/id0022/cIaJasZFQ94
train,id0001,English,SpfaJtrTMfc,faces/id0001/SpfaJtrTMfc/0002475.jpg,voices/id0001/English/SpfaJtrTMfc/00033.wav,faces/id0001/SpfaJtrTMfc
train,id0037,English,RvS7RB4PYqg,faces/id0037/RvS7RB4PYqg/0000000.jpg,voices/id0037/English/RvS7RB4PYqg/00010.wav,faces/id0037/RvS7RB4PYqg
train,id0062,English,SK8nrapRgqQ,faces/id0062/SK8nrapRgqQ/0001575.jpg,voices/id0062/English/SK8nrapRgqQ/00034.wav,faces/id0062/SK8nrapRgqQ
train,id0032,English,VeOK09y1z7g,faces/id0032/VeOK09y1z7g/0000125.jpg,voices/id0032/English/VeOK09y1z7g/00009.wav,faces/id0032/VeOK09y1z7g
train,id0053,English,oO1YLLuj52g,faces/id0053/oO1YLLuj52g/0000250.jpg,voices/id0053/English/oO1YLLuj52g/00015.wav,faces/id0053/oO1YLLuj52g
train,id0045,English,QjPkuA2BoX4,faces/id0045/QjPkuA2BoX4/0001625.jpg,voices/id0045/English/QjPkuA2BoX4/00108.wav,faces/id0045/QjPkuA2BoX4
train,id0050,English,VryIsSpFp4k,faces/id0050/VryIsSpFp4k/0000025.jpg,voices/id0050/English/VryIsSpFp4k/00005.wav,faces/id0050/VryIsSpFp4k
train,id0015,English,hU5pLzIixjw,faces/id0015/hU5pLzIixjw/0000975.jpg,voices/id0015/English/hU5pLzIixjw/00004.wav,faces/id0015/hU5pLzIixjw
train,id0011,English,YwozNG5iuSY,faces/id0011/YwozNG5iuSY/0001125.jpg,voices/id0011/English/YwozNG5iuSY/00004.wav,faces/id0011/YwozNG5iuSY
train,id0024,English,1yPfpl6daG0,faces/id0024/1yPfpl6daG0/0005250.jpg,voices/id0024/English/1yPfpl6daG0/00008.wav,faces/id0024/1yPfpl6daG0
train,id0028,English,SxPxjK1j_CY,faces/id0028/SxPxjK1j_CY/0000325.jpg,voices/id0028/English/SxPxjK1j_CY/00021.wav,faces/id0028/SxPxjK1j_CY
train,id0069,English,BNvjmBk5psM,faces/id0069/BNvjmBk5psM/0000400.jpg,voices/id0069/English/BNvjmBk5psM/00002.wav,faces/id0069/BNvjmBk5psM
train,id0009,English,CbMvPV-JKew,faces/id0009/CbMvPV-JKew/0001075.jpg,voices/id0009/English/CbMvPV-JKew/00077.wav,faces/id0009/CbMvPV-JKew
train,id0048,English,dpd_s0t0geM,faces/id0048/dpd_s0t0geM/0002900.jpg,voices/id0048/English/dpd_s0t0geM/00064.wav,faces/id0048/dpd_s0t0geM
train,id0039,English,vKiGkbyfHPA,faces/id0039/vKiGkbyfHPA/0000025.jpg,voices/id0039/English/vKiGkbyfHPA/00119.wav,faces/id0039/vKiGkbyfHPA
train,id0011,English,zH9gdUqT7Hs,faces/id0011/zH9gdUqT7Hs/0000000.jpg,voices/id0011/English/zH9gdUqT7Hs/00029.wav,faces/id0011/zH9gdUqT7Hs
train,id0039,English,qyZ004QI6Iw,faces/id0039/qyZ004QI6Iw/0000025.jpg,voices/id0039/English/qyZ004QI6Iw/00132.wav,faces/id0039/qyZ004QI6Iw
train,id0006,English,c0qE9UlV38c,faces/id0006/c0qE9UlV38c/0000150.jpg,voices/id0006/English/c0qE9UlV38c/00009.wav,faces/id0006/c0qE9UlV38c
train,id0048,English,dpd_s0t0geM,faces/id0048/dpd_s0t0geM/0002900.jpg,voices/id0048/English/dpd_s0t0geM/00103.wav,faces/id0048/dpd_s0t0geM
train,id0001,English,Y16ltGEvXzI,faces/id0001/Y16ltGEvXzI/0001300.jpg,voices/id0001/English/Y16ltGEvXzI/00035.wav,faces/id0001/Y16ltGEvXzI
train,id0015,English,BupAovo40Uc,faces/id0015/BupAovo40Uc/0000250.jpg,voices/id0015/English/BupAovo40Uc/00016.wav,faces/id0015/BupAovo40Uc
train,id0016,English,8JDCjoGMly8,faces/id0016/8JDCjoGMly8/0001350.jpg,voices/id0016/English/8JDCjoGMly8/00012.wav,faces/id0016/8JDCjoGMly8
train,id0016,English,8JDCjoGMly8,faces/id0016/8JDCjoGMly8/0001350.jpg,voices/id0016/English/8JDCjoGMly8/00020.wav,faces/id0016/8JDCjoGMly8
train,id0041,English,7m4O_-EO16E,faces/id0041/7m4O_-EO16E/0000050.jpg,voices/id0041/English/7m4O_-EO16E/00009.wav,faces/id0041/7m4O_-EO16E
train,id0009,English,Vx6_0RMT3jw,faces/id0009/Vx6_0RMT3jw/0000600.jpg,voices/id0009/English/Vx6_0RMT3jw/00019.wav,faces/id0009/Vx6_0RMT3jw
train,id0015,English,0R531JwP45k,faces/id0015/0R531JwP45k/0000950.jpg,voices/id0015/English/0R531JwP45k/00004.wav,faces/id0015/0R531JwP45k
train,id0016,English,8JDCjoGMly8,faces/id0016/8JDCjoGMly8/0001350.jpg,voices/id0016/English/8JDCjoGMly8/00004.wav,faces/id0016/8JDCjoGMly8
train,id0050,English,4v8-g5ByMh4,faces/id0050/4v8-g5ByMh4/0000025.jpg,voices/id0050/English/4v8-g5ByMh4/00006.wav,faces/id0050/4v8-g5ByMh4
train,id0003,English,COiUHZ_xbO4,faces/id0003/COiUHZ_xbO4/0000600.jpg,voices/id0003/English/COiUHZ_xbO4/00016.wav,faces/id0003/COiUHZ_xbO4
train,id0033,English,02L6RPzTSoI,faces/id0033/02L6RPzTSoI/0001475.jpg,voices/id0033/English/02L6RPzTSoI/00032.wav,faces/id0033/02L6RPzTSoI
train,id0009,English,gXnUW8OooRk,faces/id0009/gXnUW8OooRk/0000275.jpg,voices/id0009/English/gXnUW8OooRk/00008.wav,faces/id0009/gXnUW8OooRk
train,id0069,English,BNvjmBk5psM,faces/id0069/BNvjmBk5psM/0000400.jpg,voices/id0069/English/BNvjmBk5psM/00011.wav,faces/id0069/BNvjmBk5psM
train,id0069,English,Jc0T91kFMLo,faces/id0069/Jc0T91kFMLo/0000000.jpg,voices/id0069/English/Jc0T91kFMLo/00000.wav,faces/id0069/Jc0T91kFMLo
train,id0017,English,iNzFuVDC0vE,faces/id0017/iNzFuVDC0vE/0001325.jpg,voices/id0017/English/iNzFuVDC0vE/00010.wav,faces/id0017/iNzFuVDC0vE
train,id0001,English,U3rWfLEkFvg,faces/id0001/U3rWfLEkFvg/0000450.jpg,voices/id0001/English/U3rWfLEkFvg/00016.wav,faces/id0001/U3rWfLEkFvg
train,id0041,English,igda3vF6SuI,faces/id0041/igda3vF6SuI/0001950.jpg,voices/id0041/English/igda3vF6SuI/00036.wav,faces/id0041/igda3vF6SuI
train,id0059,English,Nqcoz0iuxEk,faces/id0059/Nqcoz0iuxEk/0002250.jpg,voices/id0059/English/Nqcoz0iuxEk/00051.wav,faces/id0059/Nqcoz0iuxEk
train,id0017,English,zlk48IYyvQY,faces/id0017/zlk48IYyvQY/0000000.jpg,voices/id0017/English/zlk48IYyvQY/00000.wav,faces/id0017/zlk48IYyvQY
train,id0043,English,6hf-RQmsLTg,faces/id0043/6hf-RQmsLTg/0002050.jpg,voices/id0043/English/6hf-RQmsLTg/00027.wav,faces/id0043/6hf-RQmsLTg
train,id0002,English,a8YwLpyHArc,faces/id0002/a8YwLpyHArc/0000075.jpg,voices/id0002/English/a8YwLpyHArc/00012.wav,faces/id0002/a8YwLpyHArc
train,id0039,English,vKiGkbyfHPA,faces/id0039/vKiGkbyfHPA/0000025.jpg,voices/id0039/English/vKiGkbyfHPA/00141.wav,faces/id0039/vKiGkbyfHPA
train,id0010,English,nnQb0PVW9Zc,faces/id0010/nnQb0PVW9Zc/0000175.jpg,voices/id0010/English/nnQb0PVW9Zc/00006.wav,faces/id0010/nnQb0PVW9Zc
train,id0039,English,vKiGkbyfHPA,faces/id0039/vKiGkbyfHPA/0000025.jpg,voices/id0039/English/vKiGkbyfHPA/00100.wav,faces/id0039/vKiGkbyfHPA
train,id0029,English,07mOlveC3kM,faces/id0029/07mOlveC3kM/0000000.jpg,voices/id0029/English/07mOlveC3kM/00001.wav,faces/id0029/07mOlveC3kM
train,id0041,English,Upt0nCuiOo8,faces/id0041/Upt0nCuiOo8/0000125.jpg,voices/id0041/English/Upt0nCuiOo8/00017.wav,faces/id0041/Upt0nCuiOo8
train,id0067,English,aGdUenA305A,faces/id0067/aGdUenA305A/0000025.jpg,voices/id0067/English/aGdUenA305A/00051.wav,faces/id0067/aGdUenA305A
train,id0015,English,BupAovo40Uc,faces/id0015/BupAovo40Uc/0000250.jpg,voices/id0015/English/BupAovo40Uc/00014.wav,faces/id0015/BupAovo40Uc
train,id0039,English,Rd7cpcoG0lE,faces/id0039/Rd7cpcoG0lE/0000150.jpg,voices/id0039/English/Rd7cpcoG0lE/00002.wav,faces/id0039/Rd7cpcoG0lE
train,id0056,English,1_a3Y6LGpAA,faces/id0056/1_a3Y6LGpAA/0000825.jpg,voices/id0056/English/1_a3Y6LGpAA/00036.wav,faces/id0056/1_a3Y6LGpAA
train,id0062,English,SK8nrapRgqQ,faces/id0062/SK8nrapRgqQ/0001575.jpg,voices/id0062/English/SK8nrapRgqQ/00052.wav,faces/id0062/SK8nrapRgqQ
train,id0018,English,fV7clNE9P7k,faces/id0018/fV7clNE9P7k/0002200.jpg,voices/id0018/English/fV7clNE9P7k/00020.wav,faces/id0018/fV7clNE9P7k
train,id0039,English,vKiGkbyfHPA,faces/id0039/vKiGkbyfHPA/0000025.jpg,voices/id0039/English/vKiGkbyfHPA/00032.wav,faces/id0039/vKiGkbyfHPA
train,id0045,English,QjPkuA2BoX4,faces/id0045/QjPkuA2BoX4/0001625.jpg,voices/id0045/English/QjPkuA2BoX4/00100.wav,faces/id0045/QjPkuA2BoX4
train,id0001,English,SRqhJUGuE-E,faces/id0001/SRqhJUGuE-E/0000100.jpg,voices/id0001/English/SRqhJUGuE-E/00006.wav,faces/id0001/SRqhJUGuE-E
train,id0010,English,nnQb0PVW9Zc,faces/id0010/nnQb0PVW9Zc/0000175.jpg,voices/id0010/English/nnQb0PVW9Zc/00016.wav,faces/id0010/nnQb0PVW9Zc
train,id0017,English,iNzFuVDC0vE,faces/id0017/iNzFuVDC0vE/0001325.jpg,voices/id0017/English/iNzFuVDC0vE/00057.wav,faces/id0017/iNzFuVDC0vE
train,id0017,English,iNzFuVDC0vE,faces/id0017/iNzFuVDC0vE/0001325.jpg,voices/id0017/English/iNzFuVDC0vE/00039.wav,faces/id0017/iNzFuVDC0vE
train,id0022,English,vHzoWDUboWA,faces/id0022/vHzoWDUboWA/0000900.jpg,voices/id0022/English/vHzoWDUboWA/00016.wav,faces/id0022/vHzoWDUboWA
train,id0028,English,7vkCG4Yzfzo,faces/id0028/7vkCG4Yzfzo/0000075.jpg,voices/id0028/English/7vkCG4Yzfzo/00004.wav,faces/id0028/7vkCG4Yzfzo
train,id0020,English,eJbUxNrtE70,faces/id0020/eJbUxNrtE70/0001900.jpg,voices/id0020/English/eJbUxNrtE70/00003.wav,faces/id0020/eJbUxNrtE70
train,id0048,English,dpd_s0t0geM,faces/id0048/dpd_s0t0geM/0002900.jpg,voices/id0048/English/dpd_s0t0geM/00074.wav,faces/id0048/dpd_s0t0geM
train,id0039,English,qyZ004QI6Iw,faces/id0039/qyZ004QI6Iw/0000025.jpg,voices/id0039/English/qyZ004QI6Iw/00105.wav,faces/id0039/qyZ004QI6Iw
train,id0029,English,6Afm15o4tqw,faces/id0029/6Afm15o4tqw/0000325.jpg,voices/id0029/English/6Afm15o4tqw/00002.wav,faces/id0029/6Afm15o4tqw
train,id0028,English,dxqN3FoMml8,faces/id0028/dxqN3FoMml8/0002125.jpg,voices/id0028/English/dxqN3FoMml8/00015.wav,faces/id0028/dxqN3FoMml8
train,id0029,English,Zq6M_N4rZ44,faces/id0029/Zq6M_N4rZ44/0000000.jpg,voices/id0029/English/Zq6M_N4rZ44/00003.wav,faces/id0029/Zq6M_N4rZ44
train,id0001,English,SpfaJtrTMfc,faces/id0001/SpfaJtrTMfc/0002475.jpg,voices/id0001/English/SpfaJtrTMfc/00001.wav,faces/id0001/SpfaJtrTMfc
train,id0050,English,sEABEOxWNB4,faces/id0050/sEABEOxWNB4/0000000.jpg,voices/id0050/English/sEABEOxWNB4/00001.wav,faces/id0050/sEABEOxWNB4
train,id0037,English,GVM-bO_Kr9Y,faces/id0037/GVM-bO_Kr9Y/0000125.jpg,voices/id0037/English/GVM-bO_Kr9Y/00003.wav,faces/id0037/GVM-bO_Kr9Y
train,id0022,English,PoMGgCakSb0,faces/id0022/PoMGgCakSb0/0000000.jpg,voices/id0022/English/PoMGgCakSb0/00011.wav,faces/id0022/PoMGgCakSb0
train,id0002,English,a8YwLpyHArc,faces/id0002/a8YwLpyHArc/0000075.jpg,voices/id0002/English/a8YwLpyHArc/00022.wav,faces/id0002/a8YwLpyHArc
train,id0055,English,1E2M_GJQpfc,faces/id0055/1E2M_GJQpfc/0004125.jpg,voices/id0055/English/1E2M_GJQpfc/00003.wav,faces/id0055/1E2M_GJQpfc
train,id0054,English,npX324mAtR0,faces/id0054/npX324mAtR0/0000025.jpg,voices/id0054/English/npX324mAtR0/00009.wav,faces/id0054/npX324mAtR0
train,id0039,English,qyZ004QI6Iw,faces/id0039/qyZ004QI6Iw/0000025.jpg,voices/id0039/English/qyZ004QI6Iw/00095.wav,faces/id0039/qyZ004QI6Iw
train,id0038,English,apQLBNbBzZU,faces/id0038/apQLBNbBzZU/0000100.jpg,voices/id0038/English/apQLBNbBzZU/00001.wav,faces/id0038/apQLBNbBzZU
train,id0041,English,7m4O_-EO16E,faces/id0041/7m4O_-EO16E/0000050.jpg,voices/id0041/English/7m4O_-EO16E/00022.wav,faces/id0041/7m4O_-EO16E
train,id0044,English,vYJc6nLFq40,faces/id0044/vYJc6nLFq40/0000625.jpg,voices/id0044/English/vYJc6nLFq40/00059.wav,faces/id0044/vYJc6nLFq40
train,id0053,English,p4VrOiTqD3A,faces/id0053/p4VrOiTqD3A/0013075.jpg,voices/id0053/English/p4VrOiTqD3A/00000.wav,faces/id0053/p4VrOiTqD3A
train,id0067,English,910VR2VJABs,faces/id0067/910VR2VJABs/0000025.jpg,voices/id0067/English/910VR2VJABs/00000.wav,faces/id0067/910VR2VJABs
train,id0048,English,R0UMqq9U6wg,faces/id0048/R0UMqq9U6wg/0000625.jpg,voices/id0048/English/R0UMqq9U6wg/00005.wav,faces/id0048/R0UMqq9U6wg
train,id0041,English,igda3vF6SuI,faces/id0041/igda3vF6SuI/0001950.jpg,voices/id0041/English/igda3vF6SuI/00052.wav,faces/id0041/igda3vF6SuI
train,id0029,English,6Afm15o4tqw,faces/id0029/6Afm15o4tqw/0000325.jpg,voices/id0029/English/6Afm15o4tqw/00003.wav,faces/id0029/6Afm15o4tqw
train,id0015,English,0R531JwP45k,faces/id0015/0R531JwP45k/0000950.jpg,voices/id0015/English/0R531JwP45k/00024.wav,faces/id0015/0R531JwP45k
train,id0005,English,GuO4KvXh7Js,faces/id0005/GuO4KvXh7Js/0000000.jpg,voices/id0005/English/GuO4KvXh7Js/00009.wav,faces/id0005/GuO4KvXh7Js
train,id0040,English,6YMUgzYERQs,faces/id0040/6YMUgzYERQs/0000250.jpg,voices/id0040/English/6YMUgzYERQs/00011.wav,faces/id0040/6YMUgzYERQs
train,id0037,English,7,faces/id0037/7/0000000.jpg,voices/id0037/English/7/00007.wav,faces/id0037/7
train,id0003,English,bV2qGq9jc9Y,faces/id0003/bV2qGq9jc9Y/0001275.jpg,voices/id0003/English/bV2qGq9jc9Y/00035.wav,faces/id0003/bV2qGq9jc9Y
train,id0059,English,Nqcoz0iuxEk,faces/id0059/Nqcoz0iuxEk/0002250.jpg,voices/id0059/English/Nqcoz0iuxEk/00055.wav,faces/id0059/Nqcoz0iuxEk
train,id0016,English,_ZWgPMT33as,faces/id0016/_ZWgPMT33as/0000000.jpg,voices/id0016/English/_ZWgPMT33as/00014.wav,faces/id0016/_ZWgPMT33as
train,id0050,English,4v8-g5ByMh4,faces/id0050/4v8-g5ByMh4/0000025.jpg,voices/id0050/English/4v8-g5ByMh4/00014.wav,faces/id0050/4v8-g5ByMh4
train,id0037,English,GVM-bO_Kr9Y,faces/id0037/GVM-bO_Kr9Y/0000125.jpg,voices/id0037/English/GVM-bO_Kr9Y/00000.wav,faces/id0037/GVM-bO_Kr9Y
train,id0048,English,dpd_s0t0geM,faces/id0048/dpd_s0t0geM/0002900.jpg,voices/id0048/English/dpd_s0t0geM/00068.wav,faces/id0048/dpd_s0t0geM
train,id0062,English,4BHTy1yc7II,faces/id0062/4BHTy1yc7II/0000250.jpg,voices/id0062/English/4BHTy1yc7II/00003.wav,faces/id0062/4BHTy1yc7II
train,id0009,English,Vx6_0RMT3jw,faces/id0009/Vx6_0RMT3jw/0000600.jpg,voices/id0009/English/Vx6_0RMT3jw/00015.wav,faces/id0009/Vx6_0RMT3jw
train,id0003,English,bV2qGq9jc9Y,faces/id0003/bV2qGq9jc9Y/0001275.jpg,voices/id0003/English/bV2qGq9jc9Y/00014.wav,faces/id0003/bV2qGq9jc9Y
train,id0045,English,QjPkuA2BoX4,faces/id0045/QjPkuA2BoX4/0001625.jpg,voices/id0045/English/QjPkuA2BoX4/00099.wav,faces/id0045/QjPkuA2BoX4
train,id0057,English,CkhXmrKN5A8,faces/id0057/CkhXmrKN5A8/0004325.jpg,voices/id0057/English/CkhXmrKN5A8/00003.wav,faces/id0057/CkhXmrKN5A8
train,id0039,English,Aq57LMnhilM,faces/id0039/Aq57LMnhilM/0000000.jpg,voices/id0039/English/Aq57LMnhilM/00010.wav,faces/id0039/Aq57LMnhilM
train,id0063,English,RvC3GXVE4JY,faces/id0063/RvC3GXVE4JY/0000475.jpg,voices/id0063/English/RvC3GXVE4JY/00002.wav,faces/id0063/RvC3GXVE4JY
train,id0045,English,QjPkuA2BoX4,faces/id0045/QjPkuA2BoX4/0001625.jpg,voices/id0045/English/QjPkuA2BoX4/00022.wav,faces/id0045/QjPkuA2BoX4
train,id0032,English,R94FJ76YAbg,faces/id0032/R94FJ76YAbg/0000250.jpg,voices/id0032/English/R94FJ76YAbg/00002.wav,faces/id0032/R94FJ76YAbg
train,id0039,English,FfXTPqi0BVU,faces/id0039/FfXTPqi0BVU/0001975.jpg,voices/id0039/English/FfXTPqi0BVU/00003.wav,faces/id0039/FfXTPqi0BVU
train,id0001,English,Y16ltGEvXzI,faces/id0001/Y16ltGEvXzI/0001300.jpg,voices/id0001/English/Y16ltGEvXzI/00031.wav,faces/id0001/Y16ltGEvXzI
train,id0001,English,wiIZUuya6tM,faces/id0001/wiIZUuya6tM/0000800.jpg,voices/id0001/English/wiIZUuya6tM/00005.wav,faces/id0001/wiIZUuya6tM
train,id0024,English,l_0BFvm_rBc,faces/id0024/l_0BFvm_rBc/0005200.jpg,voices/id0024/English/l_0BFvm_rBc/00010.wav,faces/id0024/l_0BFvm_rBc
train,id0039,English,vKiGkbyfHPA,faces/id0039/vKiGkbyfHPA/0000025.jpg,voices/id0039/English/vKiGkbyfHPA/00097.wav,faces/id0039/vKiGkbyfHPA
train,id0039,English,FfXTPqi0BVU,faces/id0039/FfXTPqi0BVU/0001975.jpg,voices/id0039/English/FfXTPqi0BVU/00001.wav,faces/id0039/FfXTPqi0BVU
train,id0027,English,Pmd64Lm2bKg,faces/id0027/Pmd64Lm2bKg/0000125.jpg,voices/id0027/English/Pmd64Lm2bKg/00010.wav,faces/id0027/Pmd64Lm2bKg
train,id0015,English,0R531JwP45k,faces/id0015/0R531JwP45k/0000950.jpg,voices/id0015/English/0R531JwP45k/00054.wav,faces/id0015/0R531JwP45k
train,id0033,English,02L6RPzTSoI,faces/id0033/02L6RPzTSoI/0001475.jpg,voices/id0033/English/02L6RPzTSoI/00025.wav,faces/id0033/02L6RPzTSoI
train,id0062,English,4BHTy1yc7II,faces/id0062/4BHTy1yc7II/0000250.jpg,voices/id0062/English/4BHTy1yc7II/00014.wav,faces/id0062/4BHTy1yc7II
train,id0066,English,foG89Q_YrTY,faces/id0066/foG89Q_YrTY/0000000.jpg,voices/id0066/English/foG89Q_YrTY/00013.wav,faces/id0066/foG89Q_YrTY
train,id0048,English,dpd_s0t0geM,faces/id0048/dpd_s0t0geM/0002900.jpg,voices/id0048/English/dpd_s0t0geM/00093.wav,faces/id0048/dpd_s0t0geM
train,id0033,English,02L6RPzTSoI,faces/id0033/02L6RPzTSoI/0001475.jpg,voices/id0033/English/02L6RPzTSoI/00049.wav,faces/id0033/02L6RPzTSoI
train,id0054,English,0FnebXK4Dp8,faces/id0054/0FnebXK4Dp8/0000025.jpg,voices/id0054/English/0FnebXK4Dp8/00014.wav,faces/id0054/0FnebXK4Dp8
train,id0001,English,SpfaJtrTMfc,faces/id0001/SpfaJtrTMfc/0002475.jpg,voices/id0001/English/SpfaJtrTMfc/00019.wav,faces/id0001/SpfaJtrTMfc
train,id0067,English,aGdUenA305A,faces/id0067/aGdUenA305A/0000025.jpg,voices/id0067/English/aGdUenA305A/00026.wav,faces/id0067/aGdUenA305A
train,id0028,English,REIQ9Vlh0Lk,faces/id0028/REIQ9Vlh0Lk/0000000.jpg,voices/id0028/English/REIQ9Vlh0Lk/00036.wav,faces/id0028/REIQ9Vlh0Lk
train,id0011,English,zH9gdUqT7Hs,faces/id0011/zH9gdUqT7Hs/0000000.jpg,voices/id0011/English/zH9gdUqT7Hs/00007.wav,faces/id0011/zH9gdUqT7Hs
train,id0013,English,CbHAv1DqVtA,faces/id0013/CbHAv1DqVtA/0000450.jpg,voices/id0013/English/CbHAv1DqVtA/00039.wav,faces/id0013/CbHAv1DqVtA
train,id0022,English,cIaJasZFQ94,faces/id0022/cIaJasZFQ94/0002650.jpg,voices/id0022/English/cIaJasZFQ94/00024.wav,faces/id0022/cIaJasZFQ94
train,id0052,English,Bk-cX342Faw,faces/id0052/Bk-cX342Faw/0000025.jpg,voices/id0052/English/Bk-cX342Faw/00004.wav,faces/id0052/Bk-cX342Faw
train,id0028,English,9jcHcByYp_s,faces/id0028/9jcHcByYp_s/0000625.jpg,voices/id0028/English/9jcHcByYp_s/00050.wav,faces/id0028/9jcHcByYp_s
train,id0039,English,qyZ004QI6Iw,faces/id0039/qyZ004QI6Iw/0000025.jpg,voices/id0039/English/qyZ004QI6Iw/00102.wav,faces/id0039/qyZ004QI6Iw
train,id0028,English,REIQ9Vlh0Lk,faces/id0028/REIQ9Vlh0Lk/0000000.jpg,voices/id0028/English/REIQ9Vlh0Lk/00027.wav,faces/id0028/REIQ9Vlh0Lk
train,id0028,English,9jcHcByYp_s,faces/id0028/9jcHcByYp_s/0000625.jpg,voices/id0028/English/9jcHcByYp_s/00071.wav,faces/id0028/9jcHcByYp_s
train,id0059,English,Nqcoz0iuxEk,faces/id0059/Nqcoz0iuxEk/0002250.jpg,voices/id0059/English/Nqcoz0iuxEk/00042.wav,faces/id0059/Nqcoz0iuxEk
train,id0059,English,Nqcoz0iuxEk,faces/id0059/Nqcoz0iuxEk/0002250.jpg,voices/id0059/English/Nqcoz0iuxEk/00011.wav,faces/id0059/Nqcoz0iuxEk
train,id0028,English,SxPxjK1j_CY,faces/id0028/SxPxjK1j_CY/0000325.jpg,voices/id0028/English/SxPxjK1j_CY/00022.wav,faces/id0028/SxPxjK1j_CY
train,id0062,English,SK8nrapRgqQ,faces/id0062/SK8nrapRgqQ/0001575.jpg,voices/id0062/English/SK8nrapRgqQ/00037.wav,faces/id0062/SK8nrapRgqQ
train,id0045,English,QjPkuA2BoX4,faces/id0045/QjPkuA2BoX4/0001625.jpg,voices/id0045/English/QjPkuA2BoX4/00125.wav,faces/id0045/QjPkuA2BoX4
train,id0051,English,w_c9WOoaAJ8,faces/id0051/w_c9WOoaAJ8/0000200.jpg,voices/id0051/English/w_c9WOoaAJ8/00006.wav,faces/id0051/w_c9WOoaAJ8
train,id0028,English,9jcHcByYp_s,faces/id0028/9jcHcByYp_s/0000625.jpg,voices/id0028/English/9jcHcByYp_s/00060.wav,faces/id0028/9jcHcByYp_s
train,id0059,English,fLmv5exbzmg,faces/id0059/fLmv5exbzmg/0001000.jpg,voices/id0059/English/fLmv5exbzmg/00005.wav,faces/id0059/fLmv5exbzmg
train,id0042,English,879NYRQPID8,faces/id0042/879NYRQPID8/0000000.jpg,voices/id0042/English/879NYRQPID8/00013.wav,faces/id0042/879NYRQPID8
train,id0009,English,gXnUW8OooRk,faces/id0009/gXnUW8OooRk/0000275.jpg,voices/id0009/English/gXnUW8OooRk/00064.wav,faces/id0009/gXnUW8OooRk
train,id0003,English,bV2qGq9jc9Y,faces/id0003/bV2qGq9jc9Y/0001275.jpg,voices/id0003/English/bV2qGq9jc9Y/00017.wav,faces/id0003/bV2qGq9jc9Y
train,id0057,English,CkhXmrKN5A8,faces/id0057/CkhXmrKN5A8/0004325.jpg,voices/id0057/English/CkhXmrKN5A8/00009.wav,faces/id0057/CkhXmrKN5A8
train,id0028,English,tD2IDd4aDVg,faces/id0028/tD2IDd4aDVg/0000075.jpg,voices/id0028/English/tD2IDd4aDVg/00004.wav,faces/id0028/tD2IDd4aDVg
train,id0043,English,BcP6EKeHE4U,faces/id0043/BcP6EKeHE4U/0000425.jpg,voices/id0043/English/BcP6EKeHE4U/00002.wav,faces/id0043/BcP6EKeHE4U
train,id0068,English,HqI2vq9xQNc,faces/id0068/HqI2vq9xQNc/0000125.jpg,voices/id0068/English/HqI2vq9xQNc/00003.wav,faces/id0068/HqI2vq9xQNc
train,id0046,English,wvNCshp5114,faces/id0046/wvNCshp5114/0000100.jpg,voices/id0046/English/wvNCshp5114/00001.wav,faces/id0046/wvNCshp5114
train,id0009,English,ODh-79Lk63g,faces/id0009/ODh-79Lk63g/0000325.jpg,voices/id0009/English/ODh-79Lk63g/00003.wav,faces/id0009/ODh-79Lk63g
train,id0001,English,mg8ST-ymYv0,faces/id0001/mg8ST-ymYv0/0030925.jpg,voices/id0001/English/mg8ST-ymYv0/00001.wav,faces/id0001/mg8ST-ymYv0
train,id0043,English,6hf-RQmsLTg,faces/id0043/6hf-RQmsLTg/0002050.jpg,voices/id0043/English/6hf-RQmsLTg/00013.wav,faces/id0043/6hf-RQmsLTg
train,id0003,English,PFHTzgQ_Bxg,faces/id0003/PFHTzgQ_Bxg/0006175.jpg,voices/id0003/English/PFHTzgQ_Bxg/00006.wav,faces/id0003/PFHTzgQ_Bxg
train,id0001,English,U3rWfLEkFvg,faces/id0001/U3rWfLEkFvg/0000450.jpg,voices/id0001/English/U3rWfLEkFvg/00004.wav,faces/id0001/U3rWfLEkFvg
train,id0009,English,CbMvPV-JKew,faces/id0009/CbMvPV-JKew/0001075.jpg,voices/id0009/English/CbMvPV-JKew/00037.wav,faces/id0009/CbMvPV-JKew
train,id0009,English,gXnUW8OooRk,faces/id0009/gXnUW8OooRk/0000275.jpg,voices/id0009/English/gXnUW8OooRk/00084.wav,faces/id0009/gXnUW8OooRk
train,id0044,English,OdUCFZTx9xs,faces/id0044/OdUCFZTx9xs/0000750.jpg,voices/id0044/English/OdUCFZTx9xs/00026.wav,faces/id0044/OdUCFZTx9xs
train,id0017,English,whnDqsIJoqI,faces/id0017/whnDqsIJoqI/0000250.jpg,voices/id0017/English/whnDqsIJoqI/00007.wav,faces/id0017/whnDqsIJoqI
train,id0056,English,1_a3Y6LGpAA,faces/id0056/1_a3Y6LGpAA/0000825.jpg,voices/id0056/English/1_a3Y6LGpAA/00058.wav,faces/id0056/1_a3Y6LGpAA
train,id0028,English,ghJA8nG4w2s,faces/id0028/ghJA8nG4w2s/0001550.jpg,voices/id0028/English/ghJA8nG4w2s/00005.wav,faces/id0028/ghJA8nG4w2s
train,id0024,English,l_0BFvm_rBc,faces/id0024/l_0BFvm_rBc/0005200.jpg,voices/id0024/English/l_0BFvm_rBc/00003.wav,faces/id0024/l_0BFvm_rBc
train,id0039,English,Aq57LMnhilM,faces/id0039/Aq57LMnhilM/0000000.jpg,voices/id0039/English/Aq57LMnhilM/00001.wav,faces/id0039/Aq57LMnhilM
train,id0011,English,ymgOryA8uUQ,faces/id0011/ymgOryA8uUQ/0000100.jpg,voices/id0011/English/ymgOryA8uUQ/00018.wav,faces/id0011/ymgOryA8uUQ
train,id0052,English,uX3Q8CzGyVk,faces/id0052/uX3Q8CzGyVk/0000025.jpg,voices/id0052/English/uX3Q8CzGyVk/00013.wav,faces/id0052/uX3Q8CzGyVk
train,id0029,English,6Afm15o4tqw,faces/id0029/6Afm15o4tqw/0000325.jpg,voices/id0029/English/6Afm15o4tqw/00020.wav,faces/id0029/6Afm15o4tqw
train,id0011,English,ymgOryA8uUQ,faces/id0011/ymgOryA8uUQ/0000100.jpg,voices/id0011/English/ymgOryA8uUQ/00001.wav,faces/id0011/ymgOryA8uUQ
train,id0012,English,i2ajDycYLFQ,faces/id0012/i2ajDycYLFQ/0001800.jpg,voices/id0012/English/i2ajDycYLFQ/00007.wav,faces/id0012/i2ajDycYLFQ
train,id0039,English,vKiGkbyfHPA,faces/id0039/vKiGkbyfHPA/0000025.jpg,voices/id0039/English/vKiGkbyfHPA/00105.wav,faces/id0039/vKiGkbyfHPA
train,id0028,English,REIQ9Vlh0Lk,faces/id0028/REIQ9Vlh0Lk/0000000.jpg,voices/id0028/English/REIQ9Vlh0Lk/00033.wav,faces/id0028/REIQ9Vlh0Lk
train,id0024,English,l_0BFvm_rBc,faces/id0024/l_0BFvm_rBc/0005200.jpg,voices/id0024/English/l_0BFvm_rBc/00009.wav,faces/id0024/l_0BFvm_rBc
train,id0025,English,9UKSten91H4,faces/id0025/9UKSten91H4/0000025.jpg,voices/id0025/English/9UKSten91H4/00001.wav,faces/id0025/9UKSten91H4
train,id0024,English,dtA2eON1fJA,faces/id0024/dtA2eON1fJA/0005525.jpg,voices/id0024/English/dtA2eON1fJA/00005.wav,faces/id0024/dtA2eON1fJA
train,id0018,English,KQrdbivDg9E,faces/id0018/KQrdbivDg9E/0000000.jpg,voices/id0018/English/KQrdbivDg9E/00034.wav,faces/id0018/KQrdbivDg9E
train,id0041,English,7m4O_-EO16E,faces/id0041/7m4O_-EO16E/0000050.jpg,voices/id0041/English/7m4O_-EO16E/00032.wav,faces/id0041/7m4O_-EO16E
train,id0025,English,9UKSten91H4,faces/id0025/9UKSten91H4/0000025.jpg,voices/id0025/English/9UKSten91H4/00010.wav,faces/id0025/9UKSten91H4
train,id0062,English,SK8nrapRgqQ,faces/id0062/SK8nrapRgqQ/0001575.jpg,voices/id0062/English/SK8nrapRgqQ/00029.wav,faces/id0062/SK8nrapRgqQ
train,id0045,English,QjPkuA2BoX4,faces/id0045/QjPkuA2BoX4/0001625.jpg,voices/id0045/English/QjPkuA2BoX4/00034.wav,faces/id0045/QjPkuA2BoX4
train,id0028,English,REIQ9Vlh0Lk,faces/id0028/REIQ9Vlh0Lk/0000000.jpg,voices/id0028/English/REIQ9Vlh0Lk/00054.wav,faces/id0028/REIQ9Vlh0Lk
train,id0013,English,CbHAv1DqVtA,faces/id0013/CbHAv1DqVtA/0000450.jpg,voices/id0013/English/CbHAv1DqVtA/00019.wav,faces/id0013/CbHAv1DqVtA
train,id0056,English,1_a3Y6LGpAA,faces/id0056/1_a3Y6LGpAA/0000825.jpg,voices/id0056/English/1_a3Y6LGpAA/00009.wav,faces/id0056/1_a3Y6LGpAA
train,id0016,English,_ZWgPMT33as,faces/id0016/_ZWgPMT33as/0000000.jpg,voices/id0016/English/_ZWgPMT33as/00013.wav,faces/id0016/_ZWgPMT33as
train,id0006,English,c0qE9UlV38c,faces/id0006/c0qE9UlV38c/0000150.jpg,voices/id0006/English/c0qE9UlV38c/00021.wav,faces/id0006/c0qE9UlV38c
train,id0023,English,65rZBmCnqtE,faces/id0023/65rZBmCnqtE/0000000.jpg,voices/id0023/English/65rZBmCnqtE/00001.wav,faces/id0023/65rZBmCnqtE
train,id0052,English,oKKSSoDfquA,faces/id0052/oKKSSoDfquA/0000025.jpg,voices/id0052/English/oKKSSoDfquA/00065.wav,faces/id0052/oKKSSoDfquA
train,id0039,English,Aq57LMnhilM,faces/id0039/Aq57LMnhilM/0000000.jpg,voices/id0039/English/Aq57LMnhilM/00027.wav,faces/id0039/Aq57LMnhilM
train,id0045,English,h7A9ToTEKQA,faces/id0045/h7A9ToTEKQA/0000750.jpg,voices/id0045/English/h7A9ToTEKQA/00004.wav,faces/id0045/h7A9ToTEKQA
train,id0001,English,Y16ltGEvXzI,faces/id0001/Y16ltGEvXzI/0001300.jpg,voices/id0001/English/Y16ltGEvXzI/00011.wav,faces/id0001/Y16ltGEvXzI
train,id0002,English,R3Esg-J-Btg,faces/id0002/R3Esg-J-Btg/0000000.jpg,voices/id0002/English/R3Esg-J-Btg/00009.wav,faces/id0002/R3Esg-J-Btg
train,id0039,English,Aq57LMnhilM,faces/id0039/Aq57LMnhilM/0000000.jpg,voices/id0039/English/Aq57LMnhilM/00020.wav,faces/id0039/Aq57LMnhilM
train,id0024,English,dtA2eON1fJA,faces/id0024/dtA2eON1fJA/0005525.jpg,voices/id0024/English/dtA2eON1fJA/00000.wav,faces/id0024/dtA2eON1fJA
train,id0003,English,PFHTzgQ_Bxg,faces/id0003/PFHTzgQ_Bxg/0006175.jpg,voices/id0003/English/PFHTzgQ_Bxg/00011.wav,faces/id0003/PFHTzgQ_Bxg
train,id0017,English,zlk48IYyvQY,faces/id0017/zlk48IYyvQY/0000000.jpg,voices/id0017/English/zlk48IYyvQY/00009.wav,faces/id0017/zlk48IYyvQY
train,id0009,English,gXnUW8OooRk,faces/id0009/gXnUW8OooRk/0000275.jpg,voices/id0009/English/gXnUW8OooRk/00050.wav,faces/id0009/gXnUW8OooRk
train,id0025,English,9UKSten91H4,faces/id0025/9UKSten91H4/0000025.jpg,voices/id0025/English/9UKSten91H4/00005.wav,faces/id0025/9UKSten91H4
train,id0040,English,6YMUgzYERQs,faces/id0040/6YMUgzYERQs/0000250.jpg,voices/id0040/English/6YMUgzYERQs/00002.wav,faces/id0040/6YMUgzYERQs
train,id0001,English,cFU_ez_naak,faces/id0001/cFU_ez_naak/0001000.jpg,voices/id0001/English/cFU_ez_naak/00000.wav,faces/id0001/cFU_ez_naak
train,id0039,English,qyZ004QI6Iw,faces/id0039/qyZ004QI6Iw/0000025.jpg,voices/id0039/English/qyZ004QI6Iw/00124.wav,faces/id0039/qyZ004QI6Iw
train,id0005,English,YETolXZneZA,faces/id0005/YETolXZneZA/0000000.jpg,voices/id0005/English/YETolXZneZA/00004.wav,faces/id0005/YETolXZneZA
train,id0022,English,PoMGgCakSb0,faces/id0022/PoMGgCakSb0/0000000.jpg,voices/id0022/English/PoMGgCakSb0/00007.wav,faces/id0022/PoMGgCakSb0
train,id0046,English,D_ybxA8YDYI,faces/id0046/D_ybxA8YDYI/0000375.jpg,voices/id0046/English/D_ybxA8YDYI/00005.wav,faces/id0046/D_ybxA8YDYI
train,id0028,English,9jcHcByYp_s,faces/id0028/9jcHcByYp_s/0000625.jpg,voices/id0028/English/9jcHcByYp_s/00026.wav,faces/id0028/9jcHcByYp_s
train,id0018,English,fV7clNE9P7k,faces/id0018/fV7clNE9P7k/0002200.jpg,voices/id0018/English/fV7clNE9P7k/00062.wav,faces/id0018/fV7clNE9P7k
train,id0044,English,vYJc6nLFq40,faces/id0044/vYJc6nLFq40/0000625.jpg,voices/id0044/English/vYJc6nLFq40/00065.wav,faces/id0044/vYJc6nLFq40
train,id0039,English,qyZ004QI6Iw,faces/id0039/qyZ004QI6Iw/0000025.jpg,voices/id0039/English/qyZ004QI6Iw/00017.wav,faces/id0039/qyZ004QI6Iw
train,id0018,English,4FamrqoER0A,faces/id0018/4FamrqoER0A/0000725.jpg,voices/id0018/English/4FamrqoER0A/00000.wav,faces/id0018/4FamrqoER0A
train,id0044,English,vYJc6nLFq40,faces/id0044/vYJc6nLFq40/0000625.jpg,voices/id0044/English/vYJc6nLFq40/00073.wav,faces/id0044/vYJc6nLFq40
train,id0012,English,k-f3Nnd5n8A,faces/id0012/k-f3Nnd5n8A/0000000.jpg,voices/id0012/English/k-f3Nnd5n8A/00005.wav,faces/id0012/k-f3Nnd5n8A
train,id0012,English,ERAJ_QXo-oY,faces/id0012/ERAJ_QXo-oY/0002775.jpg,voices/id0012/English/ERAJ_QXo-oY/00025.wav,faces/id0012/ERAJ_QXo-oY
train,id0028,English,SxPxjK1j_CY,faces/id0028/SxPxjK1j_CY/0000325.jpg,voices/id0028/English/SxPxjK1j_CY/00010.wav,faces/id0028/SxPxjK1j_CY
train,id0060,English,QHdn7Zte9MU,faces/id0060/QHdn7Zte9MU/0000225.jpg,voices/id0060/English/QHdn7Zte9MU/00000.wav,faces/id0060/QHdn7Zte9MU
train,id0041,English,igda3vF6SuI,faces/id0041/igda3vF6SuI/0001950.jpg,voices/id0041/English/igda3vF6SuI/00038.wav,faces/id0041/igda3vF6SuI
train,id0025,English,h0Xu0h8Ry8c,faces/id0025/h0Xu0h8Ry8c/0000050.jpg,voices/id0025/English/h0Xu0h8Ry8c/00000.wav,faces/id0025/h0Xu0h8Ry8c
train,id0017,English,iNzFuVDC0vE,faces/id0017/iNzFuVDC0vE/0001325.jpg,voices/id0017/English/iNzFuVDC0vE/00052.wav,faces/id0017/iNzFuVDC0vE
train,id0037,English,HiFhlkZ8VTM,faces/id0037/HiFhlkZ8VTM/0003400.jpg,voices/id0037/English/HiFhlkZ8VTM/00010.wav,faces/id0037/HiFhlkZ8VTM
train,id0028,English,REIQ9Vlh0Lk,faces/id0028/REIQ9Vlh0Lk/0000000.jpg,voices/id0028/English/REIQ9Vlh0Lk/00040.wav,faces/id0028/REIQ9Vlh0Lk
train,id0066,English,Z11MbuMakyI,faces/id0066/Z11MbuMakyI/0000400.jpg,voices/id0066/English/Z11MbuMakyI/00001.wav,faces/id0066/Z11MbuMakyI
train,id0009,English,gXnUW8OooRk,faces/id0009/gXnUW8OooRk/0000275.jpg,voices/id0009/English/gXnUW8OooRk/00024.wav,faces/id0009/gXnUW8OooRk
train,id0001,English,wiIZUuya6tM,faces/id0001/wiIZUuya6tM/0000800.jpg,voices/id0001/English/wiIZUuya6tM/00011.wav,faces/id0001/wiIZUuya6tM
train,id0052,English,uX3Q8CzGyVk,faces/id0052/uX3Q8CzGyVk/0000025.jpg,voices/id0052/English/uX3Q8CzGyVk/00010.wav,faces/id0052/uX3Q8CzGyVk
train,id0041,English,7m4O_-EO16E,faces/id0041/7m4O_-EO16E/0000050.jpg,voices/id0041/English/7m4O_-EO16E/00030.wav,faces/id0041/7m4O_-EO16E
train,id0039,English,qyZ004QI6Iw,faces/id0039/qyZ004QI6Iw/0000025.jpg,voices/id0039/English/qyZ004QI6Iw/00027.wav,faces/id0039/qyZ004QI6Iw
train,id0009,English,CbMvPV-JKew,faces/id0009/CbMvPV-JKew/0001075.jpg,voices/id0009/English/CbMvPV-JKew/00061.wav,faces/id0009/CbMvPV-JKew
train,id0052,English,oKKSSoDfquA,faces/id0052/oKKSSoDfquA/0000025.jpg,voices/id0052/English/oKKSSoDfquA/00064.wav,faces/id0052/oKKSSoDfquA
train,id0012,English,fD-bx1O1Lp4,faces/id0012/fD-bx1O1Lp4/0001300.jpg,voices/id0012/English/fD-bx1O1Lp4/00024.wav,faces/id0012/fD-bx1O1Lp4
train,id0003,English,O_wAm_ewgz4,faces/id0003/O_wAm_ewgz4/0000350.jpg,voices/id0003/English/O_wAm_ewgz4/00007.wav,faces/id0003/O_wAm_ewgz4
train,id0042,English,QKZNY_Tfz38,faces/id0042/QKZNY_Tfz38/0000000.jpg,voices/id0042/English/QKZNY_Tfz38/00010.wav,faces/id0042/QKZNY_Tfz38
train,id0033,English,02L6RPzTSoI,faces/id0033/02L6RPzTSoI/0001475.jpg,voices/id0033/English/02L6RPzTSoI/00037.wav,faces/id0033/02L6RPzTSoI
train,id0064,English,EwbbCMlWCyk,faces/id0064/EwbbCMlWCyk/0004275.jpg,voices/id0064/English/EwbbCMlWCyk/00010.wav,faces/id0064/EwbbCMlWCyk
train,id0052,English,Bk-cX342Faw,faces/id0052/Bk-cX342Faw/0000025.jpg,voices/id0052/English/Bk-cX342Faw/00026.wav,faces/id0052/Bk-cX342Faw
train,id0049,English,bQXzC47izaE,faces/id0049/bQXzC47izaE/0001525.jpg,voices/id0049/English/bQXzC47izaE/00025.wav,faces/id0049/bQXzC47izaE
train,id0039,English,qyZ004QI6Iw,faces/id0039/qyZ004QI6Iw/0000025.jpg,voices/id0039/English/qyZ004QI6Iw/00064.wav,faces/id0039/qyZ004QI6Iw
train,id0057,English,ibr4dXajSJ8,faces/id0057/ibr4dXajSJ8/0000225.jpg,voices/id0057/English/ibr4dXajSJ8/00003.wav,faces/id0057/ibr4dXajSJ8
train,id0067,English,aGdUenA305A,faces/id0067/aGdUenA305A/0000025.jpg,voices/id0067/English/aGdUenA305A/00052.wav,faces/id0067/aGdUenA305A
train,id0006,English,FhVHqeWKXvM,faces/id0006/FhVHqeWKXvM/0000325.jpg,voices/id0006/English/FhVHqeWKXvM/00010.wav,faces/id0006/FhVHqeWKXvM
train,id0039,English,Aq57LMnhilM,faces/id0039/Aq57LMnhilM/0000000.jpg,voices/id0039/English/Aq57LMnhilM/00030.wav,faces/id0039/Aq57LMnhilM
train,id0003,English,O_wAm_ewgz4,faces/id0003/O_wAm_ewgz4/0000350.jpg,voices/id0003/English/O_wAm_ewgz4/00001.wav,faces/id0003/O_wAm_ewgz4
train,id0025,English,9UKSten91H4,faces/id0025/9UKSten91H4/0000025.jpg,voices/id0025/English/9UKSten91H4/00013.wav,faces/id0025/9UKSten91H4
train,id0062,English,4BHTy1yc7II,faces/id0062/4BHTy1yc7II/0000250.jpg,voices/id0062/English/4BHTy1yc7II/00009.wav,faces/id0062/4BHTy1yc7II
train,id0067,English,aGdUenA305A,faces/id0067/aGdUenA305A/0000025.jpg,voices/id0067/English/aGdUenA305A/00018.wav,faces/id0067/aGdUenA305A
train,id0064,English,EwbbCMlWCyk,faces/id0064/EwbbCMlWCyk/0004275.jpg,voices/id0064/English/EwbbCMlWCyk/00002.wav,faces/id0064/EwbbCMlWCyk
train,id0056,English,70s,faces/id0056/70s/0000200.jpg,voices/id0056/English/70s/00009.wav,faces/id0056/70s
train,id0005,English,YETolXZneZA,faces/id0005/YETolXZneZA/0000000.jpg,voices/id0005/English/YETolXZneZA/00008.wav,faces/id0005/YETolXZneZA
train,id0039,English,qyZ004QI6Iw,faces/id0039/qyZ004QI6Iw/0000025.jpg,voices/id0039/English/qyZ004QI6Iw/00055.wav,faces/id0039/qyZ004QI6Iw
train,id0019,English,Grir2BQ14pY,faces/id0019/Grir2BQ14pY/0000850.jpg,voices/id0019/English/Grir2BQ14pY/00002.wav,faces/id0019/Grir2BQ14pY
train,id0028,English,9jcHcByYp_s,faces/id0028/9jcHcByYp_s/0000625.jpg,voices/id0028/English/9jcHcByYp_s/00022.wav,faces/id0028/9jcHcByYp_s
train,id0054,English,L1lsne6_YtE,faces/id0054/L1lsne6_YtE/0000025.jpg,voices/id0054/English/L1lsne6_YtE/00021.wav,faces/id0054/L1lsne6_YtE
train,id0039,English,qyZ004QI6Iw,faces/id0039/qyZ004QI6Iw/0000025.jpg,voices/id0039/English/qyZ004QI6Iw/00059.wav,faces/id0039/qyZ004QI6Iw
train,id0055,English,8fShKg7xrtI,faces/id0055/8fShKg7xrtI/0000450.jpg,voices/id0055/English/8fShKg7xrtI/00000.wav,faces/id0055/8fShKg7xrtI
train,id0032,English,J6tj_dnS-20,faces/id0032/J6tj_dnS-20/0000675.jpg,voices/id0032/English/J6tj_dnS-20/00009.wav,faces/id0032/J6tj_dnS-20
train,id0052,English,m_2TipjC5pw,faces/id0052/m_2TipjC5pw/0000025.jpg,voices/id0052/English/m_2TipjC5pw/00023.wav,faces/id0052/m_2TipjC5pw
train,id0055,English,8fShKg7xrtI,faces/id0055/8fShKg7xrtI/0000450.jpg,voices/id0055/English/8fShKg7xrtI/00006.wav,faces/id0055/8fShKg7xrtI
train,id0045,English,QjPkuA2BoX4,faces/id0045/QjPkuA2BoX4/0001625.jpg,voices/id0045/English/QjPkuA2BoX4/00028.wav,faces/id0045/QjPkuA2BoX4
train,id0048,English,R0UMqq9U6wg,faces/id0048/R0UMqq9U6wg/0000625.jpg,voices/id0048/English/R0UMqq9U6wg/00000.wav,faces/id0048/R0UMqq9U6wg
train,id0003,English,s4eWJQjHB0I,faces/id0003/s4eWJQjHB0I/0001275.jpg,voices/id0003/English/s4eWJQjHB0I/00036.wav,faces/id0003/s4eWJQjHB0I
train,id0044,English,vYJc6nLFq40,faces/id0044/vYJc6nLFq40/0000625.jpg,voices/id0044/English/vYJc6nLFq40/00041.wav,faces/id0044/vYJc6nLFq40
train,id0011,English,YwozNG5iuSY,faces/id0011/YwozNG5iuSY/0001125.jpg,voices/id0011/English/YwozNG5iuSY/00014.wav,faces/id0011/YwozNG5iuSY
train,id0014,English,ULjJgUI2Arw,faces/id0014/ULjJgUI2Arw/0003475.jpg,voices/id0014/English/ULjJgUI2Arw/00003.wav,faces/id0014/ULjJgUI2Arw
train,id0045,English,QjPkuA2BoX4,faces/id0045/QjPkuA2BoX4/0001625.jpg,voices/id0045/English/QjPkuA2BoX4/00047.wav,faces/id0045/QjPkuA2BoX4
train,id0039,English,qyZ004QI6Iw,faces/id0039/qyZ004QI6Iw/0000025.jpg,voices/id0039/English/qyZ004QI6Iw/00067.wav,faces/id0039/qyZ004QI6Iw
train,id0022,English,PoMGgCakSb0,faces/id0022/PoMGgCakSb0/0000000.jpg,voices/id0022/English/PoMGgCakSb0/00030.wav,faces/id0022/PoMGgCakSb0
train,id0039,English,qyZ004QI6Iw,faces/id0039/qyZ004QI6Iw/0000025.jpg,voices/id0039/English/qyZ004QI6Iw/00020.wav,faces/id0039/qyZ004QI6Iw
train,id0028,English,REIQ9Vlh0Lk,faces/id0028/REIQ9Vlh0Lk/0000000.jpg,voices/id0028/English/REIQ9Vlh0Lk/00053.wav,faces/id0028/REIQ9Vlh0Lk
train,id0050,English,68s,faces/id0050/68s/0000025.jpg,voices/id0050/English/68s/00003.wav,faces/id0050/68s
train,id0028,English,9jcHcByYp_s,faces/id0028/9jcHcByYp_s/0000625.jpg,voices/id0028/English/9jcHcByYp_s/00082.wav,faces/id0028/9jcHcByYp_s
train,id0039,English,qyZ004QI6Iw,faces/id0039/qyZ004QI6Iw/0000025.jpg,voices/id0039/English/qyZ004QI6Iw/00049.wav,faces/id0039/qyZ004QI6Iw
train,id0045,English,QjPkuA2BoX4,faces/id0045/QjPkuA2BoX4/0001625.jpg,voices/id0045/English/QjPkuA2BoX4/00037.wav,faces/id0045/QjPkuA2BoX4
train,id0052,English,uX3Q8CzGyVk,faces/id0052/uX3Q8CzGyVk/0000025.jpg,voices/id0052/English/uX3Q8CzGyVk/00004.wav,faces/id0052/uX3Q8CzGyVk
train,id0012,English,fD-bx1O1Lp4,faces/id0012/fD-bx1O1Lp4/0001300.jpg,voices/id0012/English/fD-bx1O1Lp4/00023.wav,faces/id0012/fD-bx1O1Lp4
train,id0067,English,aGdUenA305A,faces/id0067/aGdUenA305A/0000025.jpg,voices/id0067/English/aGdUenA305A/00054.wav,faces/id0067/aGdUenA305A
train,id0003,English,O_wAm_ewgz4,faces/id0003/O_wAm_ewgz4/0000350.jpg,voices/id0003/English/O_wAm_ewgz4/00000.wav,faces/id0003/O_wAm_ewgz4
train,id0024,English,dtA2eON1fJA,faces/id0024/dtA2eON1fJA/0005525.jpg,voices/id0024/English/dtA2eON1fJA/00004.wav,faces/id0024/dtA2eON1fJA
train,id0031,English,tL5GTANKVbQ,faces/id0031/tL5GTANKVbQ/0009275.jpg,voices/id0031/English/tL5GTANKVbQ/00000.wav,faces/id0031/tL5GTANKVbQ
train,id0065,English,eBNt-eUM9RA,faces/id0065/eBNt-eUM9RA/0014500.jpg,voices/id0065/English/eBNt-eUM9RA/00003.wav,faces/id0065/eBNt-eUM9RA
train,id0039,English,qyZ004QI6Iw,faces/id0039/qyZ004QI6Iw/0000025.jpg,voices/id0039/English/qyZ004QI6Iw/00048.wav,faces/id0039/qyZ004QI6Iw
train,id0014,English,8EkiwaWYds8,faces/id0014/8EkiwaWYds8/0001450.jpg,voices/id0014/English/8EkiwaWYds8/00000.wav,faces/id0014/8EkiwaWYds8
train,id0041,English,7m4O_-EO16E,faces/id0041/7m4O_-EO16E/0000050.jpg,voices/id0041/English/7m4O_-EO16E/00000.wav,faces/id0041/7m4O_-EO16E
train,id0014,English,eZvFT9J80TQ,faces/id0014/eZvFT9J80TQ/0001000.jpg,voices/id0014/English/eZvFT9J80TQ/00020.wav,faces/id0014/eZvFT9J80TQ
train,id0063,English,CeNF8cAxWSI,faces/id0063/CeNF8cAxWSI/0000125.jpg,voices/id0063/English/CeNF8cAxWSI/00001.wav,faces/id0063/CeNF8cAxWSI
train,id0039,English,Aq57LMnhilM,faces/id0039/Aq57LMnhilM/0000000.jpg,voices/id0039/English/Aq57LMnhilM/00013.wav,faces/id0039/Aq57LMnhilM
train,id0025,English,VlFa0S-juA0,faces/id0025/VlFa0S-juA0/0000000.jpg,voices/id0025/English/VlFa0S-juA0/00006.wav,faces/id0025/VlFa0S-juA0
train,id0028,English,9jcHcByYp_s,faces/id0028/9jcHcByYp_s/0000625.jpg,voices/id0028/English/9jcHcByYp_s/00080.wav,faces/id0028/9jcHcByYp_s
train,id0037,English,HiFhlkZ8VTM,faces/id0037/HiFhlkZ8VTM/0003400.jpg,voices/id0037/English/HiFhlkZ8VTM/00002.wav,faces/id0037/HiFhlkZ8VTM
train,id0018,English,KQrdbivDg9E,faces/id0018/KQrdbivDg9E/0000000.jpg,voices/id0018/English/KQrdbivDg9E/00042.wav,faces/id0018/KQrdbivDg9E
train,id0051,English,JdwfC6b5xl8,faces/id0051/JdwfC6b5xl8/0000000.jpg,voices/id0051/English/JdwfC6b5xl8/00006.wav,faces/id0051/JdwfC6b5xl8
train,id0003,English,PFHTzgQ_Bxg,faces/id0003/PFHTzgQ_Bxg/0006175.jpg,voices/id0003/English/PFHTzgQ_Bxg/00012.wav,faces/id0003/PFHTzgQ_Bxg
train,id0043,English,BcP6EKeHE4U,faces/id0043/BcP6EKeHE4U/0000425.jpg,voices/id0043/English/BcP6EKeHE4U/00000.wav,faces/id0043/BcP6EKeHE4U
train,id0039,English,qyZ004QI6Iw,faces/id0039/qyZ004QI6Iw/0000025.jpg,voices/id0039/English/qyZ004QI6Iw/00088.wav,faces/id0039/qyZ004QI6Iw
train,id0019,English,u2eClpoLbb4,faces/id0019/u2eClpoLbb4/0002750.jpg,voices/id0019/English/u2eClpoLbb4/00005.wav,faces/id0019/u2eClpoLbb4
train,id0006,English,caVRuzpMDNE,faces/id0006/caVRuzpMDNE/0000375.jpg,voices/id0006/English/caVRuzpMDNE/00031.wav,faces/id0006/caVRuzpMDNE
train,id0059,English,Nqcoz0iuxEk,faces/id0059/Nqcoz0iuxEk/0002250.jpg,voices/id0059/English/Nqcoz0iuxEk/00047.wav,faces/id0059/Nqcoz0iuxEk
train,id0045,English,QjPkuA2BoX4,faces/id0045/QjPkuA2BoX4/0001625.jpg,voices/id0045/English/QjPkuA2BoX4/00010.wav,faces/id0045/QjPkuA2BoX4
train,id0054,English,L1lsne6_YtE,faces/id0054/L1lsne6_YtE/0000025.jpg,voices/id0054/English/L1lsne6_YtE/00035.wav,faces/id0054/L1lsne6_YtE
train,id0064,English,-IdCGsKL8KE,faces/id0064/-IdCGsKL8KE/0004200.jpg,voices/id0064/English/-IdCGsKL8KE/00016.wav,faces/id0064/-IdCGsKL8KE
train,id0006,English,FhVHqeWKXvM,faces/id0006/FhVHqeWKXvM/0000325.jpg,voices/id0006/English/FhVHqeWKXvM/00012.wav,faces/id0006/FhVHqeWKXvM
train,id0009,English,CbMvPV-JKew,faces/id0009/CbMvPV-JKew/0001075.jpg,voices/id0009/English/CbMvPV-JKew/00070.wav,faces/id0009/CbMvPV-JKew
train,id0039,English,Aq57LMnhilM,faces/id0039/Aq57LMnhilM/0000000.jpg,voices/id0039/English/Aq57LMnhilM/00015.wav,faces/id0039/Aq57LMnhilM
train,id0039,English,vKiGkbyfHPA,faces/id0039/vKiGkbyfHPA/0000025.jpg,voices/id0039/English/vKiGkbyfHPA/00031.wav,faces/id0039/vKiGkbyfHPA
train,id0022,English,cIaJasZFQ94,faces/id0022/cIaJasZFQ94/0002650.jpg,voices/id0022/English/cIaJasZFQ94/00009.wav,faces/id0022/cIaJasZFQ94
train,id0049,English,bQXzC47izaE,faces/id0049/bQXzC47izaE/0001525.jpg,voices/id0049/English/bQXzC47izaE/00008.wav,faces/id0049/bQXzC47izaE
train,id0017,English,iNzFuVDC0vE,faces/id0017/iNzFuVDC0vE/0001325.jpg,voices/id0017/English/iNzFuVDC0vE/00021.wav,faces/id0017/iNzFuVDC0vE
train,id0062,English,SK8nrapRgqQ,faces/id0062/SK8nrapRgqQ/0001575.jpg,voices/id0062/English/SK8nrapRgqQ/00056.wav,faces/id0062/SK8nrapRgqQ
train,id0052,English,oKKSSoDfquA,faces/id0052/oKKSSoDfquA/0000025.jpg,voices/id0052/English/oKKSSoDfquA/00015.wav,faces/id0052/oKKSSoDfquA
train,id0029,English,07mOlveC3kM,faces/id0029/07mOlveC3kM/0000000.jpg,voices/id0029/English/07mOlveC3kM/00003.wav,faces/id0029/07mOlveC3kM
train,id0022,English,PoMGgCakSb0,faces/id0022/PoMGgCakSb0/0000000.jpg,voices/id0022/English/PoMGgCakSb0/00018.wav,faces/id0022/PoMGgCakSb0
train,id0006,English,caVRuzpMDNE,faces/id0006/caVRuzpMDNE/0000375.jpg,voices/id0006/English/caVRuzpMDNE/00012.wav,faces/id0006/caVRuzpMDNE
train,id0029,English,52M95d6dSTo,faces/id0029/52M95d6dSTo/0000550.jpg,voices/id0029/English/52M95d6dSTo/00022.wav,faces/id0029/52M95d6dSTo
train,id0003,English,RRdfeB-NRqw,faces/id0003/RRdfeB-NRqw/0001300.jpg,voices/id0003/English/RRdfeB-NRqw/00002.wav,faces/id0003/RRdfeB-NRqw
train,id0001,English,Y16ltGEvXzI,faces/id0001/Y16ltGEvXzI/0001300.jpg,voices/id0001/English/Y16ltGEvXzI/00033.wav,faces/id0001/Y16ltGEvXzI
train,id0032,English,VeOK09y1z7g,faces/id0032/VeOK09y1z7g/0000125.jpg,voices/id0032/English/VeOK09y1z7g/00000.wav,faces/id0032/VeOK09y1z7g
train,id0028,English,9jcHcByYp_s,faces/id0028/9jcHcByYp_s/0000625.jpg,voices/id0028/English/9jcHcByYp_s/00086.wav,faces/id0028/9jcHcByYp_s
train,id0019,English,Grir2BQ14pY,faces/id0019/Grir2BQ14pY/0000850.jpg,voices/id0019/English/Grir2BQ14pY/00006.wav,faces/id0019/Grir2BQ14pY
train,id0054,English,L1lsne6_YtE,faces/id0054/L1lsne6_YtE/0000025.jpg,voices/id0054/English/L1lsne6_YtE/00022.wav,faces/id0054/L1lsne6_YtE
train,id0069,English,9K0_Ba3uRQ8,faces/id0069/9K0_Ba3uRQ8/0000525.jpg,voices/id0069/English/9K0_Ba3uRQ8/00023.wav,faces/id0069/9K0_Ba3uRQ8
train,id0058,English,SvwUFyUZ7-U,faces/id0058/SvwUFyUZ7-U/0000300.jpg,voices/id0058/English/SvwUFyUZ7-U/00002.wav,faces/id0058/SvwUFyUZ7-U
train,id0045,English,QjPkuA2BoX4,faces/id0045/QjPkuA2BoX4/0001625.jpg,voices/id0045/English/QjPkuA2BoX4/00046.wav,faces/id0045/QjPkuA2BoX4
train,id0011,English,CsnMSIZg04A,faces/id0011/CsnMSIZg04A/0000075.jpg,voices/id0011/English/CsnMSIZg04A/00012.wav,faces/id0011/CsnMSIZg04A
train,id0054,English,GWFx6kTr5Kg,faces/id0054/GWFx6kTr5Kg/0000000.jpg,voices/id0054/English/GWFx6kTr5Kg/00005.wav,faces/id0054/GWFx6kTr5Kg
train,id0023,English,_TCHCsQECzI,faces/id0023/_TCHCsQECzI/0000025.jpg,voices/id0023/English/_TCHCsQECzI/00003.wav,faces/id0023/_TCHCsQECzI
train,id0015,English,BupAovo40Uc,faces/id0015/BupAovo40Uc/0000250.jpg,voices/id0015/English/BupAovo40Uc/00019.wav,faces/id0015/BupAovo40Uc
train,id0041,English,Upt0nCuiOo8,faces/id0041/Upt0nCuiOo8/0000125.jpg,voices/id0041/English/Upt0nCuiOo8/00009.wav,faces/id0041/Upt0nCuiOo8
train,id0070,English,IlfiaVElH_U,faces/id0070/IlfiaVElH_U/0000000.jpg,voices/id0070/English/IlfiaVElH_U/00001.wav,faces/id0070/IlfiaVElH_U
train,id0009,English,gXnUW8OooRk,faces/id0009/gXnUW8OooRk/0000275.jpg,voices/id0009/English/gXnUW8OooRk/00079.wav,faces/id0009/gXnUW8OooRk
train,id0013,English,Sp7QnA99m1E,faces/id0013/Sp7QnA99m1E/0000675.jpg,voices/id0013/English/Sp7QnA99m1E/00000.wav,faces/id0013/Sp7QnA99m1E
train,id0013,English,CbHAv1DqVtA,faces/id0013/CbHAv1DqVtA/0000450.jpg,voices/id0013/English/CbHAv1DqVtA/00037.wav,faces/id0013/CbHAv1DqVtA
train,id0029,English,4Wn4cNh5ZYU,faces/id0029/4Wn4cNh5ZYU/0021575.jpg,voices/id0029/English/4Wn4cNh5ZYU/00001.wav,faces/id0029/4Wn4cNh5ZYU
train,id0028,English,9jcHcByYp_s,faces/id0028/9jcHcByYp_s/0000625.jpg,voices/id0028/English/9jcHcByYp_s/00110.wav,faces/id0028/9jcHcByYp_s
train,id0045,English,QjPkuA2BoX4,faces/id0045/QjPkuA2BoX4/0001625.jpg,voices/id0045/English/QjPkuA2BoX4/00042.wav,faces/id0045/QjPkuA2BoX4
train,id0042,English,oHqQPhCcVmQ,faces/id0042/oHqQPhCcVmQ/0000350.jpg,voices/id0042/English/oHqQPhCcVmQ/00001.wav,faces/id0042/oHqQPhCcVmQ
train,id0045,English,h7A9ToTEKQA,faces/id0045/h7A9ToTEKQA/0000750.jpg,voices/id0045/English/h7A9ToTEKQA/00015.wav,faces/id0045/h7A9ToTEKQA
train,id0056,English,1_a3Y6LGpAA,faces/id0056/1_a3Y6LGpAA/0000825.jpg,voices/id0056/English/1_a3Y6LGpAA/00012.wav,faces/id0056/1_a3Y6LGpAA
train,id0028,English,9jcHcByYp_s,faces/id0028/9jcHcByYp_s/0000625.jpg,voices/id0028/English/9jcHcByYp_s/00092.wav,faces/id0028/9jcHcByYp_s
train,id0005,English,ffgGqDAHcjQ,faces/id0005/ffgGqDAHcjQ/0000625.jpg,voices/id0005/English/ffgGqDAHcjQ/00006.wav,faces/id0005/ffgGqDAHcjQ
train,id0029,English,52M95d6dSTo,faces/id0029/52M95d6dSTo/0000550.jpg,voices/id0029/English/52M95d6dSTo/00011.wav,faces/id0029/52M95d6dSTo
train,id0045,English,QjPkuA2BoX4,faces/id0045/QjPkuA2BoX4/0001625.jpg,voices/id0045/English/QjPkuA2BoX4/00082.wav,faces/id0045/QjPkuA2BoX4
train,id0052,English,uX3Q8CzGyVk,faces/id0052/uX3Q8CzGyVk/0000025.jpg,voices/id0052/English/uX3Q8CzGyVk/00036.wav,faces/id0052/uX3Q8CzGyVk
train,id0052,English,m_2TipjC5pw,faces/id0052/m_2TipjC5pw/0000025.jpg,voices/id0052/English/m_2TipjC5pw/00035.wav,faces/id0052/m_2TipjC5pw
train,id0005,English,YETolXZneZA,faces/id0005/YETolXZneZA/0000000.jpg,voices/id0005/English/YETolXZneZA/00026.wav,faces/id0005/YETolXZneZA
train,id0009,English,ACwVcpt8MFA,faces/id0009/ACwVcpt8MFA/0004675.jpg,voices/id0009/English/ACwVcpt8MFA/00008.wav,faces/id0009/ACwVcpt8MFA
train,id0039,English,qyZ004QI6Iw,faces/id0039/qyZ004QI6Iw/0000025.jpg,voices/id0039/English/qyZ004QI6Iw/00079.wav,faces/id0039/qyZ004QI6Iw
train,id0028,English,9jcHcByYp_s,faces/id0028/9jcHcByYp_s/0000625.jpg,voices/id0028/English/9jcHcByYp_s/00066.wav,faces/id0028/9jcHcByYp_s
train,id0064,English,EwbbCMlWCyk,faces/id0064/EwbbCMlWCyk/0004275.jpg,voices/id0064/English/EwbbCMlWCyk/00000.wav,faces/id0064/EwbbCMlWCyk
train,id0037,English,JQXdD8SMjkI,faces/id0037/JQXdD8SMjkI/0001425.jpg,voices/id0037/English/JQXdD8SMjkI/00021.wav,faces/id0037/JQXdD8SMjkI
train,id0052,English,uX3Q8CzGyVk,faces/id0052/uX3Q8CzGyVk/0000025.jpg,voices/id0052/English/uX3Q8CzGyVk/00043.wav,faces/id0052/uX3Q8CzGyVk
train,id0044,English,OdUCFZTx9xs,faces/id0044/OdUCFZTx9xs/0000750.jpg,voices/id0044/English/OdUCFZTx9xs/00010.wav,faces/id0044/OdUCFZTx9xs
train,id0055,English,1E2M_GJQpfc,faces/id0055/1E2M_GJQpfc/0004125.jpg,voices/id0055/English/1E2M_GJQpfc/00019.wav,faces/id0055/1E2M_GJQpfc
train,id0045,English,QjPkuA2BoX4,faces/id0045/QjPkuA2BoX4/0001625.jpg,voices/id0045/English/QjPkuA2BoX4/00121.wav,faces/id0045/QjPkuA2BoX4
train,id0012,English,k-f3Nnd5n8A,faces/id0012/k-f3Nnd5n8A/0000000.jpg,voices/id0012/English/k-f3Nnd5n8A/00021.wav,faces/id0012/k-f3Nnd5n8A
train,id0052,English,bxObwwjdMnY,faces/id0052/bxObwwjdMnY/0000025.jpg,voices/id0052/English/bxObwwjdMnY/00021.wav,faces/id0052/bxObwwjdMnY
train,id0020,English,OqX36wOD1NA,faces/id0020/OqX36wOD1NA/0000125.jpg,voices/id0020/English/OqX36wOD1NA/00001.wav,faces/id0020/OqX36wOD1NA
train,id0055,English,ygbDcr4pHtk,faces/id0055/ygbDcr4pHtk/0000175.jpg,voices/id0055/English/ygbDcr4pHtk/00008.wav,faces/id0055/ygbDcr4pHtk
train,id0022,English,vHzoWDUboWA,faces/id0022/vHzoWDUboWA/0000900.jpg,voices/id0022/English/vHzoWDUboWA/00024.wav,faces/id0022/vHzoWDUboWA
train,id0041,English,Upt0nCuiOo8,faces/id0041/Upt0nCuiOo8/0000125.jpg,voices/id0041/English/Upt0nCuiOo8/00003.wav,faces/id0041/Upt0nCuiOo8
train,id0028,English,9jcHcByYp_s,faces/id0028/9jcHcByYp_s/0000625.jpg,voices/id0028/English/9jcHcByYp_s/00081.wav,faces/id0028/9jcHcByYp_s
train,id0068,English,HqI2vq9xQNc,faces/id0068/HqI2vq9xQNc/0000125.jpg,voices/id0068/English/HqI2vq9xQNc/00007.wav,faces/id0068/HqI2vq9xQNc
train,id0059,English,Nqcoz0iuxEk,faces/id0059/Nqcoz0iuxEk/0002250.jpg,voices/id0059/English/Nqcoz0iuxEk/00009.wav,faces/id0059/Nqcoz0iuxEk
train,id0052,English,oKKSSoDfquA,faces/id0052/oKKSSoDfquA/0000025.jpg,voices/id0052/English/oKKSSoDfquA/00000.wav,faces/id0052/oKKSSoDfquA
train,id0041,English,Upt0nCuiOo8,faces/id0041/Upt0nCuiOo8/0000125.jpg,voices/id0041/English/Upt0nCuiOo8/00007.wav,faces/id0041/Upt0nCuiOo8
train,id0039,English,vKiGkbyfHPA,faces/id0039/vKiGkbyfHPA/0000025.jpg,voices/id0039/English/vKiGkbyfHPA/00048.wav,faces/id0039/vKiGkbyfHPA
train,id0039,English,qyZ004QI6Iw,faces/id0039/qyZ004QI6Iw/0000025.jpg,voices/id0039/English/qyZ004QI6Iw/00033.wav,faces/id0039/qyZ004QI6Iw
train,id0070,English,Xu4MTv5wgys,faces/id0070/Xu4MTv5wgys/0000025.jpg,voices/id0070/English/Xu4MTv5wgys/00010.wav,faces/id0070/Xu4MTv5wgys
train,id0069,English,BNvjmBk5psM,faces/id0069/BNvjmBk5psM/0000400.jpg,voices/id0069/English/BNvjmBk5psM/00000.wav,faces/id0069/BNvjmBk5psM
train,id0025,English,9UKSten91H4,faces/id0025/9UKSten91H4/0000025.jpg,voices/id0025/English/9UKSten91H4/00018.wav,faces/id0025/9UKSten91H4
train,id0028,English,dxqN3FoMml8,faces/id0028/dxqN3FoMml8/0002125.jpg,voices/id0028/English/dxqN3FoMml8/00037.wav,faces/id0028/dxqN3FoMml8
train,id0005,English,ffgGqDAHcjQ,faces/id0005/ffgGqDAHcjQ/0000625.jpg,voices/id0005/English/ffgGqDAHcjQ/00012.wav,faces/id0005/ffgGqDAHcjQ
train,id0002,English,a8YwLpyHArc,faces/id0002/a8YwLpyHArc/0000075.jpg,voices/id0002/English/a8YwLpyHArc/00017.wav,faces/id0002/a8YwLpyHArc
train,id0024,English,J_YDMmqyHDE,faces/id0024/J_YDMmqyHDE/0000275.jpg,voices/id0024/English/J_YDMmqyHDE/00002.wav,faces/id0024/J_YDMmqyHDE
train,id0006,English,c0qE9UlV38c,faces/id0006/c0qE9UlV38c/0000150.jpg,voices/id0006/English/c0qE9UlV38c/00008.wav,faces/id0006/c0qE9UlV38c
train,id0002,English,a8YwLpyHArc,faces/id0002/a8YwLpyHArc/0000075.jpg,voices/id0002/English/a8YwLpyHArc/00014.wav,faces/id0002/a8YwLpyHArc
train,id0044,English,OdUCFZTx9xs,faces/id0044/OdUCFZTx9xs/0000750.jpg,voices/id0044/English/OdUCFZTx9xs/00012.wav,faces/id0044/OdUCFZTx9xs
train,id0001,English,Y16ltGEvXzI,faces/id0001/Y16ltGEvXzI/0001300.jpg,voices/id0001/English/Y16ltGEvXzI/00020.wav,faces/id0001/Y16ltGEvXzI
train,id0009,English,ACwVcpt8MFA,faces/id0009/ACwVcpt8MFA/0004675.jpg,voices/id0009/English/ACwVcpt8MFA/00000.wav,faces/id0009/ACwVcpt8MFA
train,id0002,English,a8YwLpyHArc,faces/id0002/a8YwLpyHArc/0000075.jpg,voices/id0002/English/a8YwLpyHArc/00001.wav,faces/id0002/a8YwLpyHArc
train,id0056,English,uhqXPuUaGZ8,faces/id0056/uhqXPuUaGZ8/0001750.jpg,voices/id0056/English/uhqXPuUaGZ8/00009.wav,faces/id0056/uhqXPuUaGZ8
train,id0038,English,apQLBNbBzZU,faces/id0038/apQLBNbBzZU/0000100.jpg,voices/id0038/English/apQLBNbBzZU/00000.wav,faces/id0038/apQLBNbBzZU
train,id0022,English,PoMGgCakSb0,faces/id0022/PoMGgCakSb0/0000000.jpg,voices/id0022/English/PoMGgCakSb0/00016.wav,faces/id0022/PoMGgCakSb0
train,id0018,English,fV7clNE9P7k,faces/id0018/fV7clNE9P7k/0002200.jpg,voices/id0018/English/fV7clNE9P7k/00030.wav,faces/id0018/fV7clNE9P7k
train,id0003,English,s4eWJQjHB0I,faces/id0003/s4eWJQjHB0I/0001275.jpg,voices/id0003/English/s4eWJQjHB0I/00005.wav,faces/id0003/s4eWJQjHB0I
train,id0010,English,YA3TA8K8CPM,faces/id0010/YA3TA8K8CPM/0000200.jpg,voices/id0010/English/YA3TA8K8CPM/00005.wav,faces/id0010/YA3TA8K8CPM
train,id0060,English,WyInmhVL3Ok,faces/id0060/WyInmhVL3Ok/0002575.jpg,voices/id0060/English/WyInmhVL3Ok/00000.wav,faces/id0060/WyInmhVL3Ok
train,id0039,English,qyZ004QI6Iw,faces/id0039/qyZ004QI6Iw/0000025.jpg,voices/id0039/English/qyZ004QI6Iw/00005.wav,faces/id0039/qyZ004QI6Iw
train,id0017,English,iNzFuVDC0vE,faces/id0017/iNzFuVDC0vE/0001325.jpg,voices/id0017/English/iNzFuVDC0vE/00004.wav,faces/id0017/iNzFuVDC0vE
train,id0052,English,oKKSSoDfquA,faces/id0052/oKKSSoDfquA/0000025.jpg,voices/id0052/English/oKKSSoDfquA/00001.wav,faces/id0052/oKKSSoDfquA
train,id0045,English,QjPkuA2BoX4,faces/id0045/QjPkuA2BoX4/0001625.jpg,voices/id0045/English/QjPkuA2BoX4/00081.wav,faces/id0045/QjPkuA2BoX4
train,id0009,English,gXnUW8OooRk,faces/id0009/gXnUW8OooRk/0000275.jpg,voices/id0009/English/gXnUW8OooRk/00005.wav,faces/id0009/gXnUW8OooRk
train,id0016,English,8JDCjoGMly8,faces/id0016/8JDCjoGMly8/0001350.jpg,voices/id0016/English/8JDCjoGMly8/00023.wav,faces/id0016/8JDCjoGMly8
train,id0018,English,KQrdbivDg9E,faces/id0018/KQrdbivDg9E/0000000.jpg,voices/id0018/English/KQrdbivDg9E/00018.wav,faces/id0018/KQrdbivDg9E
train,id0039,English,vKiGkbyfHPA,faces/id0039/vKiGkbyfHPA/0000025.jpg,voices/id0039/English/vKiGkbyfHPA/00056.wav,faces/id0039/vKiGkbyfHPA
train,id0022,English,PoMGgCakSb0,faces/id0022/PoMGgCakSb0/0000000.jpg,voices/id0022/English/PoMGgCakSb0/00027.wav,faces/id0022/PoMGgCakSb0
train,id0067,English,aGdUenA305A,faces/id0067/aGdUenA305A/0000025.jpg,voices/id0067/English/aGdUenA305A/00079.wav,faces/id0067/aGdUenA305A
train,id0012,English,k-f3Nnd5n8A,faces/id0012/k-f3Nnd5n8A/0000000.jpg,voices/id0012/English/k-f3Nnd5n8A/00013.wav,faces/id0012/k-f3Nnd5n8A
train,id0006,English,c0qE9UlV38c,faces/id0006/c0qE9UlV38c/0000150.jpg,voices/id0006/English/c0qE9UlV38c/00019.wav,faces/id0006/c0qE9UlV38c
train,id0039,English,vKiGkbyfHPA,faces/id0039/vKiGkbyfHPA/0000025.jpg,voices/id0039/English/vKiGkbyfHPA/00118.wav,faces/id0039/vKiGkbyfHPA
train,id0041,English,7m4O_-EO16E,faces/id0041/7m4O_-EO16E/0000050.jpg,voices/id0041/English/7m4O_-EO16E/00028.wav,faces/id0041/7m4O_-EO16E
train,id0001,English,HpzYIwAaNlE,faces/id0001/HpzYIwAaNlE/0000900.jpg,voices/id0001/English/HpzYIwAaNlE/00001.wav,faces/id0001/HpzYIwAaNlE
train,id0006,English,c0qE9UlV38c,faces/id0006/c0qE9UlV38c/0000150.jpg,voices/id0006/English/c0qE9UlV38c/00033.wav,faces/id0006/c0qE9UlV38c
train,id0016,English,8JDCjoGMly8,faces/id0016/8JDCjoGMly8/0001350.jpg,voices/id0016/English/8JDCjoGMly8/00026.wav,faces/id0016/8JDCjoGMly8
train,id0009,English,xbfE-IE7Sho,faces/id0009/xbfE-IE7Sho/0000425.jpg,voices/id0009/English/xbfE-IE7Sho/00020.wav,faces/id0009/xbfE-IE7Sho
train,id0056,English,1_a3Y6LGpAA,faces/id0056/1_a3Y6LGpAA/0000825.jpg,voices/id0056/English/1_a3Y6LGpAA/00068.wav,faces/id0056/1_a3Y6LGpAA
train,id0016,English,_ZWgPMT33as,faces/id0016/_ZWgPMT33as/0000000.jpg,voices/id0016/English/_ZWgPMT33as/00031.wav,faces/id0016/_ZWgPMT33as
train,id0062,English,SK8nrapRgqQ,faces/id0062/SK8nrapRgqQ/0001575.jpg,voices/id0062/English/SK8nrapRgqQ/00025.wav,faces/id0062/SK8nrapRgqQ
train,id0044,English,OdUCFZTx9xs,faces/id0044/OdUCFZTx9xs/0000750.jpg,voices/id0044/English/OdUCFZTx9xs/00016.wav,faces/id0044/OdUCFZTx9xs
train,id0028,English,9jcHcByYp_s,faces/id0028/9jcHcByYp_s/0000625.jpg,voices/id0028/English/9jcHcByYp_s/00013.wav,faces/id0028/9jcHcByYp_s
train,id0049,English,bQXzC47izaE,faces/id0049/bQXzC47izaE/0001525.jpg,voices/id0049/English/bQXzC47izaE/00013.wav,faces/id0049/bQXzC47izaE
train,id0018,English,fV7clNE9P7k,faces/id0018/fV7clNE9P7k/0002200.jpg,voices/id0018/English/fV7clNE9P7k/00016.wav,faces/id0018/fV7clNE9P7k
train,id0037,English,JQXdD8SMjkI,faces/id0037/JQXdD8SMjkI/0001425.jpg,voices/id0037/English/JQXdD8SMjkI/00001.wav,faces/id0037/JQXdD8SMjkI
train,id0017,English,zlk48IYyvQY,faces/id0017/zlk48IYyvQY/0000000.jpg,voices/id0017/English/zlk48IYyvQY/00010.wav,faces/id0017/zlk48IYyvQY
train,id0011,English,ymgOryA8uUQ,faces/id0011/ymgOryA8uUQ/0000100.jpg,voices/id0011/English/ymgOryA8uUQ/00016.wav,faces/id0011/ymgOryA8uUQ
train,id0012,English,k-f3Nnd5n8A,faces/id0012/k-f3Nnd5n8A/0000000.jpg,voices/id0012/English/k-f3Nnd5n8A/00026.wav,faces/id0012/k-f3Nnd5n8A
train,id0018,English,KQrdbivDg9E,faces/id0018/KQrdbivDg9E/0000000.jpg,voices/id0018/English/KQrdbivDg9E/00002.wav,faces/id0018/KQrdbivDg9E
train,id0041,English,igda3vF6SuI,faces/id0041/igda3vF6SuI/0001950.jpg,voices/id0041/English/igda3vF6SuI/00047.wav,faces/id0041/igda3vF6SuI
train,id0057,English,CkhXmrKN5A8,faces/id0057/CkhXmrKN5A8/0004325.jpg,voices/id0057/English/CkhXmrKN5A8/00002.wav,faces/id0057/CkhXmrKN5A8
train,id0001,English,cFU_ez_naak,faces/id0001/cFU_ez_naak/0001000.jpg,voices/id0001/English/cFU_ez_naak/00003.wav,faces/id0001/cFU_ez_naak
train,id0018,English,KQrdbivDg9E,faces/id0018/KQrdbivDg9E/0000000.jpg,voices/id0018/English/KQrdbivDg9E/00064.wav,faces/id0018/KQrdbivDg9E
train,id0048,English,dpd_s0t0geM,faces/id0048/dpd_s0t0geM/0002900.jpg,voices/id0048/English/dpd_s0t0geM/00031.wav,faces/id0048/dpd_s0t0geM
train,id0035,English,cDzKMna80Mg,faces/id0035/cDzKMna80Mg/0000000.jpg,voices/id0035/English/cDzKMna80Mg/00002.wav,faces/id0035/cDzKMna80Mg
train,id0006,English,caVRuzpMDNE,faces/id0006/caVRuzpMDNE/0000375.jpg,voices/id0006/English/caVRuzpMDNE/00018.wav,faces/id0006/caVRuzpMDNE
train,id0001,English,Y16ltGEvXzI,faces/id0001/Y16ltGEvXzI/0001300.jpg,voices/id0001/English/Y16ltGEvXzI/00086.wav,faces/id0001/Y16ltGEvXzI
train,id0055,English,8fShKg7xrtI,faces/id0055/8fShKg7xrtI/0000450.jpg,voices/id0055/English/8fShKg7xrtI/00015.wav,faces/id0055/8fShKg7xrtI
train,id0068,English,HqI2vq9xQNc,faces/id0068/HqI2vq9xQNc/0000125.jpg,voices/id0068/English/HqI2vq9xQNc/00004.wav,faces/id0068/HqI2vq9xQNc
train,id0059,English,Nqcoz0iuxEk,faces/id0059/Nqcoz0iuxEk/0002250.jpg,voices/id0059/English/Nqcoz0iuxEk/00017.wav,faces/id0059/Nqcoz0iuxEk
train,id0067,English,aGdUenA305A,faces/id0067/aGdUenA305A/0000025.jpg,voices/id0067/English/aGdUenA305A/00078.wav,faces/id0067/aGdUenA305A
train,id0054,English,L1lsne6_YtE,faces/id0054/L1lsne6_YtE/0000025.jpg,voices/id0054/English/L1lsne6_YtE/00019.wav,faces/id0054/L1lsne6_YtE
train,id0039,English,FfXTPqi0BVU,faces/id0039/FfXTPqi0BVU/0001975.jpg,voices/id0039/English/FfXTPqi0BVU/00009.wav,faces/id0039/FfXTPqi0BVU
train,id0059,English,Nqcoz0iuxEk,faces/id0059/Nqcoz0iuxEk/0002250.jpg,voices/id0059/English/Nqcoz0iuxEk/00024.wav,faces/id0059/Nqcoz0iuxEk
train,id0045,English,QjPkuA2BoX4,faces/id0045/QjPkuA2BoX4/0001625.jpg,voices/id0045/English/QjPkuA2BoX4/00033.wav,faces/id0045/QjPkuA2BoX4
train,id0001,English,Y16ltGEvXzI,faces/id0001/Y16ltGEvXzI/0001300.jpg,voices/id0001/English/Y16ltGEvXzI/00057.wav,faces/id0001/Y16ltGEvXzI
train,id0018,English,fV7clNE9P7k,faces/id0018/fV7clNE9P7k/0002200.jpg,voices/id0018/English/fV7clNE9P7k/00033.wav,faces/id0018/fV7clNE9P7k
train,id0001,English,sBBhXKlC4dA,faces/id0001/sBBhXKlC4dA/0000075.jpg,voices/id0001/English/sBBhXKlC4dA/00005.wav,faces/id0001/sBBhXKlC4dA
train,id0006,English,caVRuzpMDNE,faces/id0006/caVRuzpMDNE/0000375.jpg,voices/id0006/English/caVRuzpMDNE/00003.wav,faces/id0006/caVRuzpMDNE
train,id0037,English,UFphD2kfGDs,faces/id0037/UFphD2kfGDs/0000850.jpg,voices/id0037/English/UFphD2kfGDs/00000.wav,faces/id0037/UFphD2kfGDs
train,id0054,English,L1lsne6_YtE,faces/id0054/L1lsne6_YtE/0000025.jpg,voices/id0054/English/L1lsne6_YtE/00000.wav,faces/id0054/L1lsne6_YtE
train,id0045,English,QjPkuA2BoX4,faces/id0045/QjPkuA2BoX4/0001625.jpg,voices/id0045/English/QjPkuA2BoX4/00120.wav,faces/id0045/QjPkuA2BoX4
train,id0025,English,9UKSten91H4,faces/id0025/9UKSten91H4/0000025.jpg,voices/id0025/English/9UKSten91H4/00003.wav,faces/id0025/9UKSten91H4
train,id0028,English,REIQ9Vlh0Lk,faces/id0028/REIQ9Vlh0Lk/0000000.jpg,voices/id0028/English/REIQ9Vlh0Lk/00046.wav,faces/id0028/REIQ9Vlh0Lk
train,id0001,English,cFU_ez_naak,faces/id0001/cFU_ez_naak/0001000.jpg,voices/id0001/English/cFU_ez_naak/00004.wav,faces/id0001/cFU_ez_naak
train,id0059,English,Nqcoz0iuxEk,faces/id0059/Nqcoz0iuxEk/0002250.jpg,voices/id0059/English/Nqcoz0iuxEk/00057.wav,faces/id0059/Nqcoz0iuxEk
train,id0012,English,fD-bx1O1Lp4,faces/id0012/fD-bx1O1Lp4/0001300.jpg,voices/id0012/English/fD-bx1O1Lp4/00001.wav,faces/id0012/fD-bx1O1Lp4
train,id0009,English,gXnUW8OooRk,faces/id0009/gXnUW8OooRk/0000275.jpg,voices/id0009/English/gXnUW8OooRk/00092.wav,faces/id0009/gXnUW8OooRk
train,id0044,English,vYJc6nLFq40,faces/id0044/vYJc6nLFq40/0000625.jpg,voices/id0044/English/vYJc6nLFq40/00036.wav,faces/id0044/vYJc6nLFq40
train,id0052,English,Bk-cX342Faw,faces/id0052/Bk-cX342Faw/0000025.jpg,voices/id0052/English/Bk-cX342Faw/00016.wav,faces/id0052/Bk-cX342Faw
train,id0006,English,c0qE9UlV38c,faces/id0006/c0qE9UlV38c/0000150.jpg,voices/id0006/English/c0qE9UlV38c/00028.wav,faces/id0006/c0qE9UlV38c
train,id0054,English,npX324mAtR0,faces/id0054/npX324mAtR0/0000025.jpg,voices/id0054/English/npX324mAtR0/00021.wav,faces/id0054/npX324mAtR0
train,id0049,English,Ba427Ry5-Og,faces/id0049/Ba427Ry5-Og/0000225.jpg,voices/id0049/English/Ba427Ry5-Og/00004.wav,faces/id0049/Ba427Ry5-Og
train,id0069,English,9K0_Ba3uRQ8,faces/id0069/9K0_Ba3uRQ8/0000525.jpg,voices/id0069/English/9K0_Ba3uRQ8/00015.wav,faces/id0069/9K0_Ba3uRQ8
train,id0019,English,u2eClpoLbb4,faces/id0019/u2eClpoLbb4/0002750.jpg,voices/id0019/English/u2eClpoLbb4/00006.wav,faces/id0019/u2eClpoLbb4
train,id0049,English,bQXzC47izaE,faces/id0049/bQXzC47izaE/0001525.jpg,voices/id0049/English/bQXzC47izaE/00027.wav,faces/id0049/bQXzC47izaE
train,id0018,English,fV7clNE9P7k,faces/id0018/fV7clNE9P7k/0002200.jpg,voices/id0018/English/fV7clNE9P7k/00039.wav,faces/id0018/fV7clNE9P7k
train,id0037,English,xE-l0qCfemc,faces/id0037/xE-l0qCfemc/0000000.jpg,voices/id0037/English/xE-l0qCfemc/00000.wav,faces/id0037/xE-l0qCfemc
train,id0054,English,npX324mAtR0,faces/id0054/npX324mAtR0/0000025.jpg,voices/id0054/English/npX324mAtR0/00012.wav,faces/id0054/npX324mAtR0
train,id0048,English,R0UMqq9U6wg,faces/id0048/R0UMqq9U6wg/0000625.jpg,voices/id0048/English/R0UMqq9U6wg/00006.wav,faces/id0048/R0UMqq9U6wg
train,id0032,English,J6tj_dnS-20,faces/id0032/J6tj_dnS-20/0000675.jpg,voices/id0032/English/J6tj_dnS-20/00008.wav,faces/id0032/J6tj_dnS-20
train,id0022,English,PoMGgCakSb0,faces/id0022/PoMGgCakSb0/0000000.jpg,voices/id0022/English/PoMGgCakSb0/00029.wav,faces/id0022/PoMGgCakSb0
train,id0011,English,CsnMSIZg04A,faces/id0011/CsnMSIZg04A/0000075.jpg,voices/id0011/English/CsnMSIZg04A/00003.wav,faces/id0011/CsnMSIZg04A
train,id0009,English,CbMvPV-JKew,faces/id0009/CbMvPV-JKew/0001075.jpg,voices/id0009/English/CbMvPV-JKew/00007.wav,faces/id0009/CbMvPV-JKew
train,id0033,English,02L6RPzTSoI,faces/id0033/02L6RPzTSoI/0001475.jpg,voices/id0033/English/02L6RPzTSoI/00036.wav,faces/id0033/02L6RPzTSoI
train,id0031,English,NLJmOGa0A8Q,faces/id0031/NLJmOGa0A8Q/0001700.jpg,voices/id0031/English/NLJmOGa0A8Q/00001.wav,faces/id0031/NLJmOGa0A8Q
train,id0063,English,RvC3GXVE4JY,faces/id0063/RvC3GXVE4JY/0000475.jpg,voices/id0063/English/RvC3GXVE4JY/00001.wav,faces/id0063/RvC3GXVE4JY
train,id0033,English,02L6RPzTSoI,faces/id0033/02L6RPzTSoI/0001475.jpg,voices/id0033/English/02L6RPzTSoI/00018.wav,faces/id0033/02L6RPzTSoI
train,id0005,English,aT4fcH93Fxw,faces/id0005/aT4fcH93Fxw/0004250.jpg,voices/id0005/English/aT4fcH93Fxw/00002.wav,faces/id0005/aT4fcH93Fxw
train,id0062,English,SK8nrapRgqQ,faces/id0062/SK8nrapRgqQ/0001575.jpg,voices/id0062/English/SK8nrapRgqQ/00017.wav,faces/id0062/SK8nrapRgqQ
train,id0050,English,4v8-g5ByMh4,faces/id0050/4v8-g5ByMh4/0000025.jpg,voices/id0050/English/4v8-g5ByMh4/00003.wav,faces/id0050/4v8-g5ByMh4
train,id0001,English,Y16ltGEvXzI,faces/id0001/Y16ltGEvXzI/0001300.jpg,voices/id0001/English/Y16ltGEvXzI/00076.wav,faces/id0001/Y16ltGEvXzI
train,id0050,English,57s,faces/id0050/57s/0002075.jpg,voices/id0050/English/57s/00001.wav,faces/id0050/57s
train,id0024,English,27T3pMqtDG8,faces/id0024/27T3pMqtDG8/0003225.jpg,voices/id0024/English/27T3pMqtDG8/00006.wav,faces/id0024/27T3pMqtDG8
train,id0006,English,caVRuzpMDNE,faces/id0006/caVRuzpMDNE/0000375.jpg,voices/id0006/English/caVRuzpMDNE/00010.wav,faces/id0006/caVRuzpMDNE
train,id0011,English,YwozNG5iuSY,faces/id0011/YwozNG5iuSY/0001125.jpg,voices/id0011/English/YwozNG5iuSY/00010.wav,faces/id0011/YwozNG5iuSY
train,id0018,English,fV7clNE9P7k,faces/id0018/fV7clNE9P7k/0002200.jpg,voices/id0018/English/fV7clNE9P7k/00065.wav,faces/id0018/fV7clNE9P7k
train,id0069,English,9K0_Ba3uRQ8,faces/id0069/9K0_Ba3uRQ8/0000525.jpg,voices/id0069/English/9K0_Ba3uRQ8/00004.wav,faces/id0069/9K0_Ba3uRQ8
train,id0012,English,Nw6OPCHmZYc,faces/id0012/Nw6OPCHmZYc/0008300.jpg,voices/id0012/English/Nw6OPCHmZYc/00000.wav,faces/id0012/Nw6OPCHmZYc
train,id0018,English,fV7clNE9P7k,faces/id0018/fV7clNE9P7k/0002200.jpg,voices/id0018/English/fV7clNE9P7k/00015.wav,faces/id0018/fV7clNE9P7k
train,id0052,English,bxObwwjdMnY,faces/id0052/bxObwwjdMnY/0000025.jpg,voices/id0052/English/bxObwwjdMnY/00015.wav,faces/id0052/bxObwwjdMnY
train,id0028,English,9jcHcByYp_s,faces/id0028/9jcHcByYp_s/0000625.jpg,voices/id0028/English/9jcHcByYp_s/00072.wav,faces/id0028/9jcHcByYp_s
train,id0024,English,1yPfpl6daG0,faces/id0024/1yPfpl6daG0/0005250.jpg,voices/id0024/English/1yPfpl6daG0/00004.wav,faces/id0024/1yPfpl6daG0
train,id0014,English,eZvFT9J80TQ,faces/id0014/eZvFT9J80TQ/0001000.jpg,voices/id0014/English/eZvFT9J80TQ/00017.wav,faces/id0014/eZvFT9J80TQ
train,id0054,English,L1lsne6_YtE,faces/id0054/L1lsne6_YtE/0000025.jpg,voices/id0054/English/L1lsne6_YtE/00044.wav,faces/id0054/L1lsne6_YtE
train,id0033,English,4qW3aevy548,faces/id0033/4qW3aevy548/0001825.jpg,voices/id0033/English/4qW3aevy548/00007.wav,faces/id0033/4qW3aevy548
train,id0005,English,GuO4KvXh7Js,faces/id0005/GuO4KvXh7Js/0000000.jpg,voices/id0005/English/GuO4KvXh7Js/00003.wav,faces/id0005/GuO4KvXh7Js
train,id0057,English,ibr4dXajSJ8,faces/id0057/ibr4dXajSJ8/0000225.jpg,voices/id0057/English/ibr4dXajSJ8/00027.wav,faces/id0057/ibr4dXajSJ8
train,id0016,English,8JDCjoGMly8,faces/id0016/8JDCjoGMly8/0001350.jpg,voices/id0016/English/8JDCjoGMly8/00021.wav,faces/id0016/8JDCjoGMly8
train,id0001,English,cFU_ez_naak,faces/id0001/cFU_ez_naak/0001000.jpg,voices/id0001/English/cFU_ez_naak/00006.wav,faces/id0001/cFU_ez_naak
train,id0045,English,QjPkuA2BoX4,faces/id0045/QjPkuA2BoX4/0001625.jpg,voices/id0045/English/QjPkuA2BoX4/00098.wav,faces/id0045/QjPkuA2BoX4
train,id0018,English,fV7clNE9P7k,faces/id0018/fV7clNE9P7k/0002200.jpg,voices/id0018/English/fV7clNE9P7k/00032.wav,faces/id0018/fV7clNE9P7k
train,id0054,English,0FnebXK4Dp8,faces/id0054/0FnebXK4Dp8/0000025.jpg,voices/id0054/English/0FnebXK4Dp8/00015.wav,faces/id0054/0FnebXK4Dp8
train,id0045,English,QjPkuA2BoX4,faces/id0045/QjPkuA2BoX4/0001625.jpg,voices/id0045/English/QjPkuA2BoX4/00094.wav,faces/id0045/QjPkuA2BoX4
train,id0018,English,fV7clNE9P7k,faces/id0018/fV7clNE9P7k/0002200.jpg,voices/id0018/English/fV7clNE9P7k/00064.wav,faces/id0018/fV7clNE9P7k
train,id0050,English,4v8-g5ByMh4,faces/id0050/4v8-g5ByMh4/0000025.jpg,voices/id0050/English/4v8-g5ByMh4/00001.wav,faces/id0050/4v8-g5ByMh4
train,id0054,English,cTcgPLwmetk,faces/id0054/cTcgPLwmetk/0000000.jpg,voices/id0054/English/cTcgPLwmetk/00001.wav,faces/id0054/cTcgPLwmetk
train,id0009,English,CbMvPV-JKew,faces/id0009/CbMvPV-JKew/0001075.jpg,voices/id0009/English/CbMvPV-JKew/00064.wav,faces/id0009/CbMvPV-JKew
train,id0039,English,qyZ004QI6Iw,faces/id0039/qyZ004QI6Iw/0000025.jpg,voices/id0039/English/qyZ004QI6Iw/00081.wav,faces/id0039/qyZ004QI6Iw
train,id0011,English,de7oVYjfT3Y,faces/id0011/de7oVYjfT3Y/0000050.jpg,voices/id0011/English/de7oVYjfT3Y/00014.wav,faces/id0011/de7oVYjfT3Y
train,id0025,English,JBGHwJ7o_I8,faces/id0025/JBGHwJ7o_I8/0000375.jpg,voices/id0025/English/JBGHwJ7o_I8/00003.wav,faces/id0025/JBGHwJ7o_I8
train,id0040,English,ZJdxFPQdF7M,faces/id0040/ZJdxFPQdF7M/0000125.jpg,voices/id0040/English/ZJdxFPQdF7M/00002.wav,faces/id0040/ZJdxFPQdF7M
train,id0039,English,qyZ004QI6Iw,faces/id0039/qyZ004QI6Iw/0000025.jpg,voices/id0039/English/qyZ004QI6Iw/00113.wav,faces/id0039/qyZ004QI6Iw
train,id0010,English,nnQb0PVW9Zc,faces/id0010/nnQb0PVW9Zc/0000175.jpg,voices/id0010/English/nnQb0PVW9Zc/00017.wav,faces/id0010/nnQb0PVW9Zc
train,id0052,English,uX3Q8CzGyVk,faces/id0052/uX3Q8CzGyVk/0000025.jpg,voices/id0052/English/uX3Q8CzGyVk/00022.wav,faces/id0052/uX3Q8CzGyVk
train,id0037,English,7,faces/id0037/7/0000000.jpg,voices/id0037/English/7/00010.wav,faces/id0037/7
train,id0041,English,Upt0nCuiOo8,faces/id0041/Upt0nCuiOo8/0000125.jpg,voices/id0041/English/Upt0nCuiOo8/00006.wav,faces/id0041/Upt0nCuiOo8
train,id0024,English,l_0BFvm_rBc,faces/id0024/l_0BFvm_rBc/0005200.jpg,voices/id0024/English/l_0BFvm_rBc/00015.wav,faces/id0024/l_0BFvm_rBc
train,id0022,English,cIaJasZFQ94,faces/id0022/cIaJasZFQ94/0002650.jpg,voices/id0022/English/cIaJasZFQ94/00042.wav,faces/id0022/cIaJasZFQ94
train,id0001,English,Y16ltGEvXzI,faces/id0001/Y16ltGEvXzI/0001300.jpg,voices/id0001/English/Y16ltGEvXzI/00064.wav,faces/id0001/Y16ltGEvXzI
train,id0052,English,uX3Q8CzGyVk,faces/id0052/uX3Q8CzGyVk/0000025.jpg,voices/id0052/English/uX3Q8CzGyVk/00006.wav,faces/id0052/uX3Q8CzGyVk
train,id0016,English,_ZWgPMT33as,faces/id0016/_ZWgPMT33as/0000000.jpg,voices/id0016/English/_ZWgPMT33as/00018.wav,faces/id0016/_ZWgPMT33as
train,id0009,English,CbMvPV-JKew,faces/id0009/CbMvPV-JKew/0001075.jpg,voices/id0009/English/CbMvPV-JKew/00008.wav,faces/id0009/CbMvPV-JKew
train,id0003,English,RRdfeB-NRqw,faces/id0003/RRdfeB-NRqw/0001300.jpg,voices/id0003/English/RRdfeB-NRqw/00010.wav,faces/id0003/RRdfeB-NRqw
train,id0022,English,cIaJasZFQ94,faces/id0022/cIaJasZFQ94/0002650.jpg,voices/id0022/English/cIaJasZFQ94/00029.wav,faces/id0022/cIaJasZFQ94
train,id0055,English,TOreLyeF8sM,faces/id0055/TOreLyeF8sM/0000350.jpg,voices/id0055/English/TOreLyeF8sM/00002.wav,faces/id0055/TOreLyeF8sM
train,id0020,English,eJbUxNrtE70,faces/id0020/eJbUxNrtE70/0001900.jpg,voices/id0020/English/eJbUxNrtE70/00012.wav,faces/id0020/eJbUxNrtE70
train,id0045,English,QjPkuA2BoX4,faces/id0045/QjPkuA2BoX4/0001625.jpg,voices/id0045/English/QjPkuA2BoX4/00107.wav,faces/id0045/QjPkuA2BoX4
train,id0039,English,vKiGkbyfHPA,faces/id0039/vKiGkbyfHPA/0000025.jpg,voices/id0039/English/vKiGkbyfHPA/00038.wav,faces/id0039/vKiGkbyfHPA
train,id0012,English,4Rn3g2HNA80,faces/id0012/4Rn3g2HNA80/0000875.jpg,voices/id0012/English/4Rn3g2HNA80/00000.wav,faces/id0012/4Rn3g2HNA80
train,id0001,English,U3rWfLEkFvg,faces/id0001/U3rWfLEkFvg/0000450.jpg,voices/id0001/English/U3rWfLEkFvg/00009.wav,faces/id0001/U3rWfLEkFvg
train,id0039,English,qyZ004QI6Iw,faces/id0039/qyZ004QI6Iw/0000025.jpg,voices/id0039/English/qyZ004QI6Iw/00054.wav,faces/id0039/qyZ004QI6Iw
train,id0018,English,fV7clNE9P7k,faces/id0018/fV7clNE9P7k/0002200.jpg,voices/id0018/English/fV7clNE9P7k/00054.wav,faces/id0018/fV7clNE9P7k
train,id0044,English,vYJc6nLFq40,faces/id0044/vYJc6nLFq40/0000625.jpg,voices/id0044/English/vYJc6nLFq40/00044.wav,faces/id0044/vYJc6nLFq40
train,id0047,English,EN3qQZhg6FA,faces/id0047/EN3qQZhg6FA/0000350.jpg,voices/id0047/English/EN3qQZhg6FA/00006.wav,faces/id0047/EN3qQZhg6FA
train,id0039,English,FfXTPqi0BVU,faces/id0039/FfXTPqi0BVU/0001975.jpg,voices/id0039/English/FfXTPqi0BVU/00010.wav,faces/id0039/FfXTPqi0BVU
train,id0018,English,4FamrqoER0A,faces/id0018/4FamrqoER0A/0000725.jpg,voices/id0018/English/4FamrqoER0A/00006.wav,faces/id0018/4FamrqoER0A
train,id0035,English,cDzKMna80Mg,faces/id0035/cDzKMna80Mg/0000000.jpg,voices/id0035/English/cDzKMna80Mg/00000.wav,faces/id0035/cDzKMna80Mg
train,id0052,English,oKKSSoDfquA,faces/id0052/oKKSSoDfquA/0000025.jpg,voices/id0052/English/oKKSSoDfquA/00010.wav,faces/id0052/oKKSSoDfquA
train,id0003,English,RRdfeB-NRqw,faces/id0003/RRdfeB-NRqw/0001300.jpg,voices/id0003/English/RRdfeB-NRqw/00009.wav,faces/id0003/RRdfeB-NRqw
train,id0048,English,R0UMqq9U6wg,faces/id0048/R0UMqq9U6wg/0000625.jpg,voices/id0048/English/R0UMqq9U6wg/00016.wav,faces/id0048/R0UMqq9U6wg
train,id0052,English,Bk-cX342Faw,faces/id0052/Bk-cX342Faw/0000025.jpg,voices/id0052/English/Bk-cX342Faw/00007.wav,faces/id0052/Bk-cX342Faw
train,id0050,English,QDoC9o2ArtE,faces/id0050/QDoC9o2ArtE/0000225.jpg,voices/id0050/English/QDoC9o2ArtE/00005.wav,faces/id0050/QDoC9o2ArtE
train,id0028,English,9jcHcByYp_s,faces/id0028/9jcHcByYp_s/0000625.jpg,voices/id0028/English/9jcHcByYp_s/00035.wav,faces/id0028/9jcHcByYp_s
train,id0062,English,SK8nrapRgqQ,faces/id0062/SK8nrapRgqQ/0001575.jpg,voices/id0062/English/SK8nrapRgqQ/00050.wav,faces/id0062/SK8nrapRgqQ
train,id0062,English,SK8nrapRgqQ,faces/id0062/SK8nrapRgqQ/0001575.jpg,voices/id0062/English/SK8nrapRgqQ/00039.wav,faces/id0062/SK8nrapRgqQ
train,id0038,English,ePuTjFlzREA,faces/id0038/ePuTjFlzREA/0000075.jpg,voices/id0038/English/ePuTjFlzREA/00010.wav,faces/id0038/ePuTjFlzREA
train,id0054,English,L1lsne6_YtE,faces/id0054/L1lsne6_YtE/0000025.jpg,voices/id0054/English/L1lsne6_YtE/00024.wav,faces/id0054/L1lsne6_YtE
train,id0028,English,SxPxjK1j_CY,faces/id0028/SxPxjK1j_CY/0000325.jpg,voices/id0028/English/SxPxjK1j_CY/00013.wav,faces/id0028/SxPxjK1j_CY
train,id0041,English,igda3vF6SuI,faces/id0041/igda3vF6SuI/0001950.jpg,voices/id0041/English/igda3vF6SuI/00055.wav,faces/id0041/igda3vF6SuI
train,id0009,English,CbMvPV-JKew,faces/id0009/CbMvPV-JKew/0001075.jpg,voices/id0009/English/CbMvPV-JKew/00072.wav,faces/id0009/CbMvPV-JKew
train,id0031,English,excYJs3N6UE,faces/id0031/excYJs3N6UE/0002100.jpg,voices/id0031/English/excYJs3N6UE/00000.wav,faces/id0031/excYJs3N6UE
train,id0009,English,Vx6_0RMT3jw,faces/id0009/Vx6_0RMT3jw/0000600.jpg,voices/id0009/English/Vx6_0RMT3jw/00022.wav,faces/id0009/Vx6_0RMT3jw
train,id0042,English,Z7JJExtV0sU,faces/id0042/Z7JJExtV0sU/0008600.jpg,voices/id0042/English/Z7JJExtV0sU/00001.wav,faces/id0042/Z7JJExtV0sU
train,id0001,English,wiIZUuya6tM,faces/id0001/wiIZUuya6tM/0000800.jpg,voices/id0001/English/wiIZUuya6tM/00017.wav,faces/id0001/wiIZUuya6tM
train,id0029,English,52M95d6dSTo,faces/id0029/52M95d6dSTo/0000550.jpg,voices/id0029/English/52M95d6dSTo/00002.wav,faces/id0029/52M95d6dSTo
train,id0057,English,ibr4dXajSJ8,faces/id0057/ibr4dXajSJ8/0000225.jpg,voices/id0057/English/ibr4dXajSJ8/00024.wav,faces/id0057/ibr4dXajSJ8
train,id0029,English,6Afm15o4tqw,faces/id0029/6Afm15o4tqw/0000325.jpg,voices/id0029/English/6Afm15o4tqw/00011.wav,faces/id0029/6Afm15o4tqw
train,id0044,English,OdUCFZTx9xs,faces/id0044/OdUCFZTx9xs/0000750.jpg,voices/id0044/English/OdUCFZTx9xs/00027.wav,faces/id0044/OdUCFZTx9xs
train,id0057,English,ibr4dXajSJ8,faces/id0057/ibr4dXajSJ8/0000225.jpg,voices/id0057/English/ibr4dXajSJ8/00033.wav,faces/id0057/ibr4dXajSJ8
train,id0022,English,cIaJasZFQ94,faces/id0022/cIaJasZFQ94/0002650.jpg,voices/id0022/English/cIaJasZFQ94/00002.wav,faces/id0022/cIaJasZFQ94
train,id0052,English,uX3Q8CzGyVk,faces/id0052/uX3Q8CzGyVk/0000025.jpg,voices/id0052/English/uX3Q8CzGyVk/00041.wav,faces/id0052/uX3Q8CzGyVk
train,id0020,English,eJbUxNrtE70,faces/id0020/eJbUxNrtE70/0001900.jpg,voices/id0020/English/eJbUxNrtE70/00017.wav,faces/id0020/eJbUxNrtE70
train,id0011,English,de7oVYjfT3Y,faces/id0011/de7oVYjfT3Y/0000050.jpg,voices/id0011/English/de7oVYjfT3Y/00027.wav,faces/id0011/de7oVYjfT3Y
train,id0066,English,dpsNMC_r4w0,faces/id0066/dpsNMC_r4w0/0000150.jpg,voices/id0066/English/dpsNMC_r4w0/00000.wav,faces/id0066/dpsNMC_r4w0
train,id0052,English,bxObwwjdMnY,faces/id0052/bxObwwjdMnY/0000025.jpg,voices/id0052/English/bxObwwjdMnY/00034.wav,faces/id0052/bxObwwjdMnY
train,id0001,English,Y16ltGEvXzI,faces/id0001/Y16ltGEvXzI/0001300.jpg,voices/id0001/English/Y16ltGEvXzI/00073.wav,faces/id0001/Y16ltGEvXzI
train,id0041,English,7m4O_-EO16E,faces/id0041/7m4O_-EO16E/0000050.jpg,voices/id0041/English/7m4O_-EO16E/00024.wav,faces/id0041/7m4O_-EO16E
train,id0070,English,IlfiaVElH_U,faces/id0070/IlfiaVElH_U/0000000.jpg,voices/id0070/English/IlfiaVElH_U/00002.wav,faces/id0070/IlfiaVElH_U
train,id0047,English,EN3qQZhg6FA,faces/id0047/EN3qQZhg6FA/0000350.jpg,voices/id0047/English/EN3qQZhg6FA/00003.wav,faces/id0047/EN3qQZhg6FA
train,id0069,English,BNvjmBk5psM,faces/id0069/BNvjmBk5psM/0000400.jpg,voices/id0069/English/BNvjmBk5psM/00001.wav,faces/id0069/BNvjmBk5psM
train,id0022,English,vHzoWDUboWA,faces/id0022/vHzoWDUboWA/0000900.jpg,voices/id0022/English/vHzoWDUboWA/00018.wav,faces/id0022/vHzoWDUboWA
train,id0020,English,eJbUxNrtE70,faces/id0020/eJbUxNrtE70/0001900.jpg,voices/id0020/English/eJbUxNrtE70/00011.wav,faces/id0020/eJbUxNrtE70
train,id0045,English,QjPkuA2BoX4,faces/id0045/QjPkuA2BoX4/0001625.jpg,voices/id0045/English/QjPkuA2BoX4/00083.wav,faces/id0045/QjPkuA2BoX4
train,id0006,English,caVRuzpMDNE,faces/id0006/caVRuzpMDNE/0000375.jpg,voices/id0006/English/caVRuzpMDNE/00039.wav,faces/id0006/caVRuzpMDNE
train,id0001,English,Y16ltGEvXzI,faces/id0001/Y16ltGEvXzI/0001300.jpg,voices/id0001/English/Y16ltGEvXzI/00095.wav,faces/id0001/Y16ltGEvXzI
train,id0019,English,Grir2BQ14pY,faces/id0019/Grir2BQ14pY/0000850.jpg,voices/id0019/English/Grir2BQ14pY/00005.wav,faces/id0019/Grir2BQ14pY
train,id0039,English,Aq57LMnhilM,faces/id0039/Aq57LMnhilM/0000000.jpg,voices/id0039/English/Aq57LMnhilM/00025.wav,faces/id0039/Aq57LMnhilM
train,id0033,English,02L6RPzTSoI,faces/id0033/02L6RPzTSoI/0001475.jpg,voices/id0033/English/02L6RPzTSoI/00046.wav,faces/id0033/02L6RPzTSoI
train,id0018,English,4FamrqoER0A,faces/id0018/4FamrqoER0A/0000725.jpg,voices/id0018/English/4FamrqoER0A/00007.wav,faces/id0018/4FamrqoER0A
train,id0018,English,KQrdbivDg9E,faces/id0018/KQrdbivDg9E/0000000.jpg,voices/id0018/English/KQrdbivDg9E/00044.wav,faces/id0018/KQrdbivDg9E
train,id0051,English,XSWZe0nUTU8,faces/id0051/XSWZe0nUTU8/0000150.jpg,voices/id0051/English/XSWZe0nUTU8/00000.wav,faces/id0051/XSWZe0nUTU8
train,id0015,English,hU5pLzIixjw,faces/id0015/hU5pLzIixjw/0000975.jpg,voices/id0015/English/hU5pLzIixjw/00027.wav,faces/id0015/hU5pLzIixjw
train,id0016,English,_ZWgPMT33as,faces/id0016/_ZWgPMT33as/0000000.jpg,voices/id0016/English/_ZWgPMT33as/00012.wav,faces/id0016/_ZWgPMT33as
train,id0012,English,fD-bx1O1Lp4,faces/id0012/fD-bx1O1Lp4/0001300.jpg,voices/id0012/English/fD-bx1O1Lp4/00027.wav,faces/id0012/fD-bx1O1Lp4
train,id0042,English,879NYRQPID8,faces/id0042/879NYRQPID8/0000000.jpg,voices/id0042/English/879NYRQPID8/00010.wav,faces/id0042/879NYRQPID8
train,id0001,English,SpfaJtrTMfc,faces/id0001/SpfaJtrTMfc/0002475.jpg,voices/id0001/English/SpfaJtrTMfc/00030.wav,faces/id0001/SpfaJtrTMfc
train,id0012,English,k-f3Nnd5n8A,faces/id0012/k-f3Nnd5n8A/0000000.jpg,voices/id0012/English/k-f3Nnd5n8A/00034.wav,faces/id0012/k-f3Nnd5n8A
train,id0041,English,igda3vF6SuI,faces/id0041/igda3vF6SuI/0001950.jpg,voices/id0041/English/igda3vF6SuI/00025.wav,faces/id0041/igda3vF6SuI
train,id0052,English,oKKSSoDfquA,faces/id0052/oKKSSoDfquA/0000025.jpg,voices/id0052/English/oKKSSoDfquA/00021.wav,faces/id0052/oKKSSoDfquA
train,id0066,English,foG89Q_YrTY,faces/id0066/foG89Q_YrTY/0000000.jpg,voices/id0066/English/foG89Q_YrTY/00010.wav,faces/id0066/foG89Q_YrTY
train,id0022,English,cIaJasZFQ94,faces/id0022/cIaJasZFQ94/0002650.jpg,voices/id0022/English/cIaJasZFQ94/00005.wav,faces/id0022/cIaJasZFQ94
train,id0021,English,M7smcdBePQA,faces/id0021/M7smcdBePQA/0001175.jpg,voices/id0021/English/M7smcdBePQA/00003.wav,faces/id0021/M7smcdBePQA
train,id0067,English,aGdUenA305A,faces/id0067/aGdUenA305A/0000025.jpg,voices/id0067/English/aGdUenA305A/00037.wav,faces/id0067/aGdUenA305A
train,id0027,English,Pmd64Lm2bKg,faces/id0027/Pmd64Lm2bKg/0000125.jpg,voices/id0027/English/Pmd64Lm2bKg/00007.wav,faces/id0027/Pmd64Lm2bKg
train,id0027,English,EowqP0lupjI,faces/id0027/EowqP0lupjI/0000000.jpg,voices/id0027/English/EowqP0lupjI/00001.wav,faces/id0027/EowqP0lupjI
train,id0012,English,k-f3Nnd5n8A,faces/id0012/k-f3Nnd5n8A/0000000.jpg,voices/id0012/English/k-f3Nnd5n8A/00016.wav,faces/id0012/k-f3Nnd5n8A
train,id0053,English,oO1YLLuj52g,faces/id0053/oO1YLLuj52g/0000250.jpg,voices/id0053/English/oO1YLLuj52g/00023.wav,faces/id0053/oO1YLLuj52g
train,id0048,English,dpd_s0t0geM,faces/id0048/dpd_s0t0geM/0002900.jpg,voices/id0048/English/dpd_s0t0geM/00063.wav,faces/id0048/dpd_s0t0geM
train,id0009,English,gXnUW8OooRk,faces/id0009/gXnUW8OooRk/0000275.jpg,voices/id0009/English/gXnUW8OooRk/00051.wav,faces/id0009/gXnUW8OooRk
train,id0041,English,7m4O_-EO16E,faces/id0041/7m4O_-EO16E/0000050.jpg,voices/id0041/English/7m4O_-EO16E/00029.wav,faces/id0041/7m4O_-EO16E
train,id0028,English,dxqN3FoMml8,faces/id0028/dxqN3FoMml8/0002125.jpg,voices/id0028/English/dxqN3FoMml8/00041.wav,faces/id0028/dxqN3FoMml8
train,id0001,English,SpfaJtrTMfc,faces/id0001/SpfaJtrTMfc/0002475.jpg,voices/id0001/English/SpfaJtrTMfc/00045.wav,faces/id0001/SpfaJtrTMfc
train,id0009,English,gXnUW8OooRk,faces/id0009/gXnUW8OooRk/0000275.jpg,voices/id0009/English/gXnUW8OooRk/00001.wav,faces/id0009/gXnUW8OooRk
train,id0001,English,U3rWfLEkFvg,faces/id0001/U3rWfLEkFvg/0000450.jpg,voices/id0001/English/U3rWfLEkFvg/00019.wav,faces/id0001/U3rWfLEkFvg
train,id0011,English,ymgOryA8uUQ,faces/id0011/ymgOryA8uUQ/0000100.jpg,voices/id0011/English/ymgOryA8uUQ/00005.wav,faces/id0011/ymgOryA8uUQ
train,id0066,English,foG89Q_YrTY,faces/id0066/foG89Q_YrTY/0000000.jpg,voices/id0066/English/foG89Q_YrTY/00003.wav,faces/id0066/foG89Q_YrTY
train,id0045,English,QjPkuA2BoX4,faces/id0045/QjPkuA2BoX4/0001625.jpg,voices/id0045/English/QjPkuA2BoX4/00052.wav,faces/id0045/QjPkuA2BoX4
train,id0013,English,Co462Ngi8rY,faces/id0013/Co462Ngi8rY/0000350.jpg,voices/id0013/English/Co462Ngi8rY/00000.wav,faces/id0013/Co462Ngi8rY
train,id0069,English,9K0_Ba3uRQ8,faces/id0069/9K0_Ba3uRQ8/0000525.jpg,voices/id0069/English/9K0_Ba3uRQ8/00001.wav,faces/id0069/9K0_Ba3uRQ8
train,id0055,English,ygbDcr4pHtk,faces/id0055/ygbDcr4pHtk/0000175.jpg,voices/id0055/English/ygbDcr4pHtk/00005.wav,faces/id0055/ygbDcr4pHtk
train,id0063,English,CeNF8cAxWSI,faces/id0063/CeNF8cAxWSI/0000125.jpg,voices/id0063/English/CeNF8cAxWSI/00007.wav,faces/id0063/CeNF8cAxWSI
train,id0052,English,uX3Q8CzGyVk,faces/id0052/uX3Q8CzGyVk/0000025.jpg,voices/id0052/English/uX3Q8CzGyVk/00017.wav,faces/id0052/uX3Q8CzGyVk
train,id0069,English,9K0_Ba3uRQ8,faces/id0069/9K0_Ba3uRQ8/0000525.jpg,voices/id0069/English/9K0_Ba3uRQ8/00013.wav,faces/id0069/9K0_Ba3uRQ8
train,id0061,English,cOPwZX2_gR4,faces/id0061/cOPwZX2_gR4/0000025.jpg,voices/id0061/English/cOPwZX2_gR4/00004.wav,faces/id0061/cOPwZX2_gR4
train,id0041,English,igda3vF6SuI,faces/id0041/igda3vF6SuI/0001950.jpg,voices/id0041/English/igda3vF6SuI/00073.wav,faces/id0041/igda3vF6SuI
train,id0048,English,dpd_s0t0geM,faces/id0048/dpd_s0t0geM/0002900.jpg,voices/id0048/English/dpd_s0t0geM/00082.wav,faces/id0048/dpd_s0t0geM
train,id0035,English,cDzKMna80Mg,faces/id0035/cDzKMna80Mg/0000000.jpg,voices/id0035/English/cDzKMna80Mg/00007.wav,faces/id0035/cDzKMna80Mg
train,id0033,English,02L6RPzTSoI,faces/id0033/02L6RPzTSoI/0001475.jpg,voices/id0033/English/02L6RPzTSoI/00030.wav,faces/id0033/02L6RPzTSoI
train,id0039,English,vKiGkbyfHPA,faces/id0039/vKiGkbyfHPA/0000025.jpg,voices/id0039/English/vKiGkbyfHPA/00143.wav,faces/id0039/vKiGkbyfHPA
train,id0009,English,gXnUW8OooRk,faces/id0009/gXnUW8OooRk/0000275.jpg,voices/id0009/English/gXnUW8OooRk/00028.wav,faces/id0009/gXnUW8OooRk
train,id0058,English,UJKbF1ddkuE,faces/id0058/UJKbF1ddkuE/0000950.jpg,voices/id0058/English/UJKbF1ddkuE/00001.wav,faces/id0058/UJKbF1ddkuE
train,id0022,English,cIaJasZFQ94,faces/id0022/cIaJasZFQ94/0002650.jpg,voices/id0022/English/cIaJasZFQ94/00015.wav,faces/id0022/cIaJasZFQ94
train,id0041,English,7m4O_-EO16E,faces/id0041/7m4O_-EO16E/0000050.jpg,voices/id0041/English/7m4O_-EO16E/00006.wav,faces/id0041/7m4O_-EO16E
train,id0039,English,vKiGkbyfHPA,faces/id0039/vKiGkbyfHPA/0000025.jpg,voices/id0039/English/vKiGkbyfHPA/00122.wav,faces/id0039/vKiGkbyfHPA
train,id0037,English,RvS7RB4PYqg,faces/id0037/RvS7RB4PYqg/0000000.jpg,voices/id0037/English/RvS7RB4PYqg/00000.wav,faces/id0037/RvS7RB4PYqg
train,id0015,English,hU5pLzIixjw,faces/id0015/hU5pLzIixjw/0000975.jpg,voices/id0015/English/hU5pLzIixjw/00013.wav,faces/id0015/hU5pLzIixjw
train,id0018,English,KQrdbivDg9E,faces/id0018/KQrdbivDg9E/0000000.jpg,voices/id0018/English/KQrdbivDg9E/00028.wav,faces/id0018/KQrdbivDg9E
train,id0053,English,oO1YLLuj52g,faces/id0053/oO1YLLuj52g/0000250.jpg,voices/id0053/English/oO1YLLuj52g/00016.wav,faces/id0053/oO1YLLuj52g
train,id0040,English,ZJdxFPQdF7M,faces/id0040/ZJdxFPQdF7M/0000125.jpg,voices/id0040/English/ZJdxFPQdF7M/00003.wav,faces/id0040/ZJdxFPQdF7M
train,id0028,English,REIQ9Vlh0Lk,faces/id0028/REIQ9Vlh0Lk/0000000.jpg,voices/id0028/English/REIQ9Vlh0Lk/00016.wav,faces/id0028/REIQ9Vlh0Lk
train,id0017,English,zlk48IYyvQY,faces/id0017/zlk48IYyvQY/0000000.jpg,voices/id0017/English/zlk48IYyvQY/00005.wav,faces/id0017/zlk48IYyvQY
train,id0045,English,h7A9ToTEKQA,faces/id0045/h7A9ToTEKQA/0000750.jpg,voices/id0045/English/h7A9ToTEKQA/00027.wav,faces/id0045/h7A9ToTEKQA
train,id0069,English,9K0_Ba3uRQ8,faces/id0069/9K0_Ba3uRQ8/0000525.jpg,voices/id0069/English/9K0_Ba3uRQ8/00025.wav,faces/id0069/9K0_Ba3uRQ8
train,id0059,English,uVCHJFxs9n8,faces/id0059/uVCHJFxs9n8/0002150.jpg,voices/id0059/English/uVCHJFxs9n8/00000.wav,faces/id0059/uVCHJFxs9n8
train,id0039,English,vKiGkbyfHPA,faces/id0039/vKiGkbyfHPA/0000025.jpg,voices/id0039/English/vKiGkbyfHPA/00109.wav,faces/id0039/vKiGkbyfHPA
train,id0045,English,QjPkuA2BoX4,faces/id0045/QjPkuA2BoX4/0001625.jpg,voices/id0045/English/QjPkuA2BoX4/00043.wav,faces/id0045/QjPkuA2BoX4
train,id0047,English,EN3qQZhg6FA,faces/id0047/EN3qQZhg6FA/0000350.jpg,voices/id0047/English/EN3qQZhg6FA/00004.wav,faces/id0047/EN3qQZhg6FA
train,id0032,English,VeOK09y1z7g,faces/id0032/VeOK09y1z7g/0000125.jpg,voices/id0032/English/VeOK09y1z7g/00003.wav,faces/id0032/VeOK09y1z7g
train,id0060,English,QHdn7Zte9MU,faces/id0060/QHdn7Zte9MU/0000225.jpg,voices/id0060/English/QHdn7Zte9MU/00018.wav,faces/id0060/QHdn7Zte9MU
train,id0037,English,HiFhlkZ8VTM,faces/id0037/HiFhlkZ8VTM/0003400.jpg,voices/id0037/English/HiFhlkZ8VTM/00003.wav,faces/id0037/HiFhlkZ8VTM
train,id0041,English,igda3vF6SuI,faces/id0041/igda3vF6SuI/0001950.jpg,voices/id0041/English/igda3vF6SuI/00018.wav,faces/id0041/igda3vF6SuI
train,id0048,English,dpd_s0t0geM,faces/id0048/dpd_s0t0geM/0002900.jpg,voices/id0048/English/dpd_s0t0geM/00045.wav,faces/id0048/dpd_s0t0geM
train,id0039,English,qyZ004QI6Iw,faces/id0039/qyZ004QI6Iw/0000025.jpg,voices/id0039/English/qyZ004QI6Iw/00070.wav,faces/id0039/qyZ004QI6Iw
train,id0006,English,caVRuzpMDNE,faces/id0006/caVRuzpMDNE/0000375.jpg,voices/id0006/English/caVRuzpMDNE/00026.wav,faces/id0006/caVRuzpMDNE
train,id0003,English,s4eWJQjHB0I,faces/id0003/s4eWJQjHB0I/0001275.jpg,voices/id0003/English/s4eWJQjHB0I/00011.wav,faces/id0003/s4eWJQjHB0I
train,id0040,English,hJHGUoPB3Ws,faces/id0040/hJHGUoPB3Ws/0000075.jpg,voices/id0040/English/hJHGUoPB3Ws/00006.wav,faces/id0040/hJHGUoPB3Ws
train,id0012,English,fD-bx1O1Lp4,faces/id0012/fD-bx1O1Lp4/0001300.jpg,voices/id0012/English/fD-bx1O1Lp4/00003.wav,faces/id0012/fD-bx1O1Lp4
train,id0012,English,k-f3Nnd5n8A,faces/id0012/k-f3Nnd5n8A/0000000.jpg,voices/id0012/English/k-f3Nnd5n8A/00012.wav,faces/id0012/k-f3Nnd5n8A
train,id0037,English,HiFhlkZ8VTM,faces/id0037/HiFhlkZ8VTM/0003400.jpg,voices/id0037/English/HiFhlkZ8VTM/00004.wav,faces/id0037/HiFhlkZ8VTM
train,id0027,English,45XvDmnzABk,faces/id0027/45XvDmnzABk/0005075.jpg,voices/id0027/English/45XvDmnzABk/00005.wav,faces/id0027/45XvDmnzABk
train,id0037,English,JQXdD8SMjkI,faces/id0037/JQXdD8SMjkI/0001425.jpg,voices/id0037/English/JQXdD8SMjkI/00012.wav,faces/id0037/JQXdD8SMjkI
train,id0020,English,eJbUxNrtE70,faces/id0020/eJbUxNrtE70/0001900.jpg,voices/id0020/English/eJbUxNrtE70/00018.wav,faces/id0020/eJbUxNrtE70
train,id0066,English,Z11MbuMakyI,faces/id0066/Z11MbuMakyI/0000400.jpg,voices/id0066/English/Z11MbuMakyI/00014.wav,faces/id0066/Z11MbuMakyI
train,id0054,English,McA3qp0Rt6o,faces/id0054/McA3qp0Rt6o/0000425.jpg,voices/id0054/English/McA3qp0Rt6o/00002.wav,faces/id0054/McA3qp0Rt6o
train,id0045,English,QjPkuA2BoX4,faces/id0045/QjPkuA2BoX4/0001625.jpg,voices/id0045/English/QjPkuA2BoX4/00017.wav,faces/id0045/QjPkuA2BoX4
train,id0009,English,Vx6_0RMT3jw,faces/id0009/Vx6_0RMT3jw/0000600.jpg,voices/id0009/English/Vx6_0RMT3jw/00005.wav,faces/id0009/Vx6_0RMT3jw
train,id0009,English,ACwVcpt8MFA,faces/id0009/ACwVcpt8MFA/0004675.jpg,voices/id0009/English/ACwVcpt8MFA/00027.wav,faces/id0009/ACwVcpt8MFA
train,id0029,English,07mOlveC3kM,faces/id0029/07mOlveC3kM/0000000.jpg,voices/id0029/English/07mOlveC3kM/00006.wav,faces/id0029/07mOlveC3kM
train,id0017,English,iNzFuVDC0vE,faces/id0017/iNzFuVDC0vE/0001325.jpg,voices/id0017/English/iNzFuVDC0vE/00051.wav,faces/id0017/iNzFuVDC0vE
train,id0003,English,RRdfeB-NRqw,faces/id0003/RRdfeB-NRqw/0001300.jpg,voices/id0003/English/RRdfeB-NRqw/00001.wav,faces/id0003/RRdfeB-NRqw
train,id0062,English,SK8nrapRgqQ,faces/id0062/SK8nrapRgqQ/0001575.jpg,voices/id0062/English/SK8nrapRgqQ/00003.wav,faces/id0062/SK8nrapRgqQ
train,id0052,English,m_2TipjC5pw,faces/id0052/m_2TipjC5pw/0000025.jpg,voices/id0052/English/m_2TipjC5pw/00008.wav,faces/id0052/m_2TipjC5pw
train,id0028,English,9jcHcByYp_s,faces/id0028/9jcHcByYp_s/0000625.jpg,voices/id0028/English/9jcHcByYp_s/00036.wav,faces/id0028/9jcHcByYp_s
train,id0003,English,bV2qGq9jc9Y,faces/id0003/bV2qGq9jc9Y/0001275.jpg,voices/id0003/English/bV2qGq9jc9Y/00012.wav,faces/id0003/bV2qGq9jc9Y
train,id0024,English,dtA2eON1fJA,faces/id0024/dtA2eON1fJA/0005525.jpg,voices/id0024/English/dtA2eON1fJA/00001.wav,faces/id0024/dtA2eON1fJA
train,id0056,English,1_a3Y6LGpAA,faces/id0056/1_a3Y6LGpAA/0000825.jpg,voices/id0056/English/1_a3Y6LGpAA/00067.wav,faces/id0056/1_a3Y6LGpAA
train,id0024,English,l_0BFvm_rBc,faces/id0024/l_0BFvm_rBc/0005200.jpg,voices/id0024/English/l_0BFvm_rBc/00018.wav,faces/id0024/l_0BFvm_rBc
train,id0018,English,fV7clNE9P7k,faces/id0018/fV7clNE9P7k/0002200.jpg,voices/id0018/English/fV7clNE9P7k/00050.wav,faces/id0018/fV7clNE9P7k
train,id0069,English,9K0_Ba3uRQ8,faces/id0069/9K0_Ba3uRQ8/0000525.jpg,voices/id0069/English/9K0_Ba3uRQ8/00016.wav,faces/id0069/9K0_Ba3uRQ8
train,id0049,English,bQXzC47izaE,faces/id0049/bQXzC47izaE/0001525.jpg,voices/id0049/English/bQXzC47izaE/00006.wav,faces/id0049/bQXzC47izaE
train,id0005,English,ffgGqDAHcjQ,faces/id0005/ffgGqDAHcjQ/0000625.jpg,voices/id0005/English/ffgGqDAHcjQ/00003.wav,faces/id0005/ffgGqDAHcjQ
train,id0001,English,sBBhXKlC4dA,faces/id0001/sBBhXKlC4dA/0000075.jpg,voices/id0001/English/sBBhXKlC4dA/00003.wav,faces/id0001/sBBhXKlC4dA
train,id0059,English,Nqcoz0iuxEk,faces/id0059/Nqcoz0iuxEk/0002250.jpg,voices/id0059/English/Nqcoz0iuxEk/00037.wav,faces/id0059/Nqcoz0iuxEk
train,id0023,English,19eXW9Xmsb4,faces/id0023/19eXW9Xmsb4/0000000.jpg,voices/id0023/English/19eXW9Xmsb4/00000.wav,faces/id0023/19eXW9Xmsb4
train,id0039,English,Aq57LMnhilM,faces/id0039/Aq57LMnhilM/0000000.jpg,voices/id0039/English/Aq57LMnhilM/00026.wav,faces/id0039/Aq57LMnhilM
train,id0028,English,9jcHcByYp_s,faces/id0028/9jcHcByYp_s/0000625.jpg,voices/id0028/English/9jcHcByYp_s/00054.wav,faces/id0028/9jcHcByYp_s
train,id0011,English,ymgOryA8uUQ,faces/id0011/ymgOryA8uUQ/0000100.jpg,voices/id0011/English/ymgOryA8uUQ/00012.wav,faces/id0011/ymgOryA8uUQ
train,id0039,English,vKiGkbyfHPA,faces/id0039/vKiGkbyfHPA/0000025.jpg,voices/id0039/English/vKiGkbyfHPA/00106.wav,faces/id0039/vKiGkbyfHPA
train,id0050,English,VryIsSpFp4k,faces/id0050/VryIsSpFp4k/0000025.jpg,voices/id0050/English/VryIsSpFp4k/00014.wav,faces/id0050/VryIsSpFp4k
train,id0039,English,Aq57LMnhilM,faces/id0039/Aq57LMnhilM/0000000.jpg,voices/id0039/English/Aq57LMnhilM/00017.wav,faces/id0039/Aq57LMnhilM
train,id0039,English,qyZ004QI6Iw,faces/id0039/qyZ004QI6Iw/0000025.jpg,voices/id0039/English/qyZ004QI6Iw/00032.wav,faces/id0039/qyZ004QI6Iw
train,id0045,English,QjPkuA2BoX4,faces/id0045/QjPkuA2BoX4/0001625.jpg,voices/id0045/English/QjPkuA2BoX4/00127.wav,faces/id0045/QjPkuA2BoX4
train,id0045,English,QjPkuA2BoX4,faces/id0045/QjPkuA2BoX4/0001625.jpg,voices/id0045/English/QjPkuA2BoX4/00139.wav,faces/id0045/QjPkuA2BoX4
train,id0040,English,6YMUgzYERQs,faces/id0040/6YMUgzYERQs/0000250.jpg,voices/id0040/English/6YMUgzYERQs/00003.wav,faces/id0040/6YMUgzYERQs
train,id0017,English,iNzFuVDC0vE,faces/id0017/iNzFuVDC0vE/0001325.jpg,voices/id0017/English/iNzFuVDC0vE/00005.wav,faces/id0017/iNzFuVDC0vE
train,id0044,English,vYJc6nLFq40,faces/id0044/vYJc6nLFq40/0000625.jpg,voices/id0044/English/vYJc6nLFq40/00045.wav,faces/id0044/vYJc6nLFq40
train,id0009,English,gXnUW8OooRk,faces/id0009/gXnUW8OooRk/0000275.jpg,voices/id0009/English/gXnUW8OooRk/00023.wav,faces/id0009/gXnUW8OooRk
train,id0011,English,ymgOryA8uUQ,faces/id0011/ymgOryA8uUQ/0000100.jpg,voices/id0011/English/ymgOryA8uUQ/00013.wav,faces/id0011/ymgOryA8uUQ
train,id0067,English,910VR2VJABs,faces/id0067/910VR2VJABs/0000025.jpg,voices/id0067/English/910VR2VJABs/00006.wav,faces/id0067/910VR2VJABs
train,id0060,English,QHdn7Zte9MU,faces/id0060/QHdn7Zte9MU/0000225.jpg,voices/id0060/English/QHdn7Zte9MU/00010.wav,faces/id0060/QHdn7Zte9MU
train,id0005,English,YETolXZneZA,faces/id0005/YETolXZneZA/0000000.jpg,voices/id0005/English/YETolXZneZA/00019.wav,faces/id0005/YETolXZneZA
train,id0057,English,ibr4dXajSJ8,faces/id0057/ibr4dXajSJ8/0000225.jpg,voices/id0057/English/ibr4dXajSJ8/00031.wav,faces/id0057/ibr4dXajSJ8
train,id0020,English,OqX36wOD1NA,faces/id0020/OqX36wOD1NA/0000125.jpg,voices/id0020/English/OqX36wOD1NA/00002.wav,faces/id0020/OqX36wOD1NA
train,id0018,English,fV7clNE9P7k,faces/id0018/fV7clNE9P7k/0002200.jpg,voices/id0018/English/fV7clNE9P7k/00024.wav,faces/id0018/fV7clNE9P7k
train,id0039,English,vKiGkbyfHPA,faces/id0039/vKiGkbyfHPA/0000025.jpg,voices/id0039/English/vKiGkbyfHPA/00113.wav,faces/id0039/vKiGkbyfHPA
train,id0052,English,Bk-cX342Faw,faces/id0052/Bk-cX342Faw/0000025.jpg,voices/id0052/English/Bk-cX342Faw/00011.wav,faces/id0052/Bk-cX342Faw
train,id0039,English,vKiGkbyfHPA,faces/id0039/vKiGkbyfHPA/0000025.jpg,voices/id0039/English/vKiGkbyfHPA/00057.wav,faces/id0039/vKiGkbyfHPA
train,id0067,English,aGdUenA305A,faces/id0067/aGdUenA305A/0000025.jpg,voices/id0067/English/aGdUenA305A/00006.wav,faces/id0067/aGdUenA305A
train,id0001,English,Y16ltGEvXzI,faces/id0001/Y16ltGEvXzI/0001300.jpg,voices/id0001/English/Y16ltGEvXzI/00055.wav,faces/id0001/Y16ltGEvXzI
train,id0053,English,oO1YLLuj52g,faces/id0053/oO1YLLuj52g/0000250.jpg,voices/id0053/English/oO1YLLuj52g/00025.wav,faces/id0053/oO1YLLuj52g
train,id0009,English,Vx6_0RMT3jw,faces/id0009/Vx6_0RMT3jw/0000600.jpg,voices/id0009/English/Vx6_0RMT3jw/00014.wav,faces/id0009/Vx6_0RMT3jw
train,id0067,English,aGdUenA305A,faces/id0067/aGdUenA305A/0000025.jpg,voices/id0067/English/aGdUenA305A/00030.wav,faces/id0067/aGdUenA305A
train,id0022,English,cIaJasZFQ94,faces/id0022/cIaJasZFQ94/0002650.jpg,voices/id0022/English/cIaJasZFQ94/00037.wav,faces/id0022/cIaJasZFQ94
train,id0043,English,6hf-RQmsLTg,faces/id0043/6hf-RQmsLTg/0002050.jpg,voices/id0043/English/6hf-RQmsLTg/00024.wav,faces/id0043/6hf-RQmsLTg
train,id0003,English,COiUHZ_xbO4,faces/id0003/COiUHZ_xbO4/0000600.jpg,voices/id0003/English/COiUHZ_xbO4/00003.wav,faces/id0003/COiUHZ_xbO4
train,id0009,English,CbMvPV-JKew,faces/id0009/CbMvPV-JKew/0001075.jpg,voices/id0009/English/CbMvPV-JKew/00028.wav,faces/id0009/CbMvPV-JKew
train,id0011,English,de7oVYjfT3Y,faces/id0011/de7oVYjfT3Y/0000050.jpg,voices/id0011/English/de7oVYjfT3Y/00029.wav,faces/id0011/de7oVYjfT3Y
train,id0002,English,qubf9NV8Flk,faces/id0002/qubf9NV8Flk/0004925.jpg,voices/id0002/English/qubf9NV8Flk/00002.wav,faces/id0002/qubf9NV8Flk
train,id0012,English,fvt3f_xZZl0,faces/id0012/fvt3f_xZZl0/0004750.jpg,voices/id0012/English/fvt3f_xZZl0/00001.wav,faces/id0012/fvt3f_xZZl0
train,id0052,English,oKKSSoDfquA,faces/id0052/oKKSSoDfquA/0000025.jpg,voices/id0052/English/oKKSSoDfquA/00093.wav,faces/id0052/oKKSSoDfquA
train,id0052,English,bxObwwjdMnY,faces/id0052/bxObwwjdMnY/0000025.jpg,voices/id0052/English/bxObwwjdMnY/00007.wav,faces/id0052/bxObwwjdMnY
train,id0039,English,vKiGkbyfHPA,faces/id0039/vKiGkbyfHPA/0000025.jpg,voices/id0039/English/vKiGkbyfHPA/00101.wav,faces/id0039/vKiGkbyfHPA
train,id0041,English,igda3vF6SuI,faces/id0041/igda3vF6SuI/0001950.jpg,voices/id0041/English/igda3vF6SuI/00012.wav,faces/id0041/igda3vF6SuI
train,id0041,English,igda3vF6SuI,faces/id0041/igda3vF6SuI/0001950.jpg,voices/id0041/English/igda3vF6SuI/00015.wav,faces/id0041/igda3vF6SuI
train,id0016,English,8JDCjoGMly8,faces/id0016/8JDCjoGMly8/0001350.jpg,voices/id0016/English/8JDCjoGMly8/00022.wav,faces/id0016/8JDCjoGMly8
train,id0039,English,qyZ004QI6Iw,faces/id0039/qyZ004QI6Iw/0000025.jpg,voices/id0039/English/qyZ004QI6Iw/00056.wav,faces/id0039/qyZ004QI6Iw
train,id0055,English,8fShKg7xrtI,faces/id0055/8fShKg7xrtI/0000450.jpg,voices/id0055/English/8fShKg7xrtI/00001.wav,faces/id0055/8fShKg7xrtI
train,id0015,English,hU5pLzIixjw,faces/id0015/hU5pLzIixjw/0000975.jpg,voices/id0015/English/hU5pLzIixjw/00029.wav,faces/id0015/hU5pLzIixjw
train,id0001,English,Y16ltGEvXzI,faces/id0001/Y16ltGEvXzI/0001300.jpg,voices/id0001/English/Y16ltGEvXzI/00099.wav,faces/id0001/Y16ltGEvXzI
train,id0039,English,qyZ004QI6Iw,faces/id0039/qyZ004QI6Iw/0000025.jpg,voices/id0039/English/qyZ004QI6Iw/00010.wav,faces/id0039/qyZ004QI6Iw
train,id0039,English,qyZ004QI6Iw,faces/id0039/qyZ004QI6Iw/0000025.jpg,voices/id0039/English/qyZ004QI6Iw/00142.wav,faces/id0039/qyZ004QI6Iw
train,id0067,English,aGdUenA305A,faces/id0067/aGdUenA305A/0000025.jpg,voices/id0067/English/aGdUenA305A/00060.wav,faces/id0067/aGdUenA305A
train,id0028,English,dxqN3FoMml8,faces/id0028/dxqN3FoMml8/0002125.jpg,voices/id0028/English/dxqN3FoMml8/00027.wav,faces/id0028/dxqN3FoMml8
train,id0026,English,48Da4tZuR6I,faces/id0026/48Da4tZuR6I/0000275.jpg,voices/id0026/English/48Da4tZuR6I/00000.wav,faces/id0026/48Da4tZuR6I
train,id0062,English,SK8nrapRgqQ,faces/id0062/SK8nrapRgqQ/0001575.jpg,voices/id0062/English/SK8nrapRgqQ/00002.wav,faces/id0062/SK8nrapRgqQ
train,id0029,English,6Afm15o4tqw,faces/id0029/6Afm15o4tqw/0000325.jpg,voices/id0029/English/6Afm15o4tqw/00007.wav,faces/id0029/6Afm15o4tqw
train,id0062,English,SK8nrapRgqQ,faces/id0062/SK8nrapRgqQ/0001575.jpg,voices/id0062/English/SK8nrapRgqQ/00015.wav,faces/id0062/SK8nrapRgqQ
train,id0039,English,qyZ004QI6Iw,faces/id0039/qyZ004QI6Iw/0000025.jpg,voices/id0039/English/qyZ004QI6Iw/00077.wav,faces/id0039/qyZ004QI6Iw
train,id0012,English,ERAJ_QXo-oY,faces/id0012/ERAJ_QXo-oY/0002775.jpg,voices/id0012/English/ERAJ_QXo-oY/00028.wav,faces/id0012/ERAJ_QXo-oY
train,id0014,English,eZvFT9J80TQ,faces/id0014/eZvFT9J80TQ/0001000.jpg,voices/id0014/English/eZvFT9J80TQ/00019.wav,faces/id0014/eZvFT9J80TQ
train,id0064,English,-IdCGsKL8KE,faces/id0064/-IdCGsKL8KE/0004200.jpg,voices/id0064/English/-IdCGsKL8KE/00008.wav,faces/id0064/-IdCGsKL8KE
train,id0055,English,ygbDcr4pHtk,faces/id0055/ygbDcr4pHtk/0000175.jpg,voices/id0055/English/ygbDcr4pHtk/00003.wav,faces/id0055/ygbDcr4pHtk
train,id0040,English,hJHGUoPB3Ws,faces/id0040/hJHGUoPB3Ws/0000075.jpg,voices/id0040/English/hJHGUoPB3Ws/00013.wav,faces/id0040/hJHGUoPB3Ws
train,id0001,English,cFU_ez_naak,faces/id0001/cFU_ez_naak/0001000.jpg,voices/id0001/English/cFU_ez_naak/00002.wav,faces/id0001/cFU_ez_naak
train,id0052,English,ZMFntWRg8LY,faces/id0052/ZMFntWRg8LY/0002375.jpg,voices/id0052/English/ZMFntWRg8LY/00007.wav,faces/id0052/ZMFntWRg8LY
train,id0039,English,qyZ004QI6Iw,faces/id0039/qyZ004QI6Iw/0000025.jpg,voices/id0039/English/qyZ004QI6Iw/00119.wav,faces/id0039/qyZ004QI6Iw
train,id0033,English,4qW3aevy548,faces/id0033/4qW3aevy548/0001825.jpg,voices/id0033/English/4qW3aevy548/00004.wav,faces/id0033/4qW3aevy548
train,id0053,English,oO1YLLuj52g,faces/id0053/oO1YLLuj52g/0000250.jpg,voices/id0053/English/oO1YLLuj52g/00026.wav,faces/id0053/oO1YLLuj52g
train,id0033,English,Bd_fr4OC_pk,faces/id0033/Bd_fr4OC_pk/0000525.jpg,voices/id0033/English/Bd_fr4OC_pk/00007.wav,faces/id0033/Bd_fr4OC_pk
train,id0028,English,ghJA8nG4w2s,faces/id0028/ghJA8nG4w2s/0001550.jpg,voices/id0028/English/ghJA8nG4w2s/00001.wav,faces/id0028/ghJA8nG4w2s
train,id0001,English,sBBhXKlC4dA,faces/id0001/sBBhXKlC4dA/0000075.jpg,voices/id0001/English/sBBhXKlC4dA/00015.wav,faces/id0001/sBBhXKlC4dA
train,id0015,English,0R531JwP45k,faces/id0015/0R531JwP45k/0000950.jpg,voices/id0015/English/0R531JwP45k/00000.wav,faces/id0015/0R531JwP45k
train,id0041,English,igda3vF6SuI,faces/id0041/igda3vF6SuI/0001950.jpg,voices/id0041/English/igda3vF6SuI/00071.wav,faces/id0041/igda3vF6SuI
train,id0001,English,Y16ltGEvXzI,faces/id0001/Y16ltGEvXzI/0001300.jpg,voices/id0001/English/Y16ltGEvXzI/00090.wav,faces/id0001/Y16ltGEvXzI
train,id0012,English,fD-bx1O1Lp4,faces/id0012/fD-bx1O1Lp4/0001300.jpg,voices/id0012/English/fD-bx1O1Lp4/00007.wav,faces/id0012/fD-bx1O1Lp4
train,id0060,English,QHdn7Zte9MU,faces/id0060/QHdn7Zte9MU/0000225.jpg,voices/id0060/English/QHdn7Zte9MU/00003.wav,faces/id0060/QHdn7Zte9MU
train,id0009,English,CbMvPV-JKew,faces/id0009/CbMvPV-JKew/0001075.jpg,voices/id0009/English/CbMvPV-JKew/00038.wav,faces/id0009/CbMvPV-JKew
train,id0056,English,1_a3Y6LGpAA,faces/id0056/1_a3Y6LGpAA/0000825.jpg,voices/id0056/English/1_a3Y6LGpAA/00038.wav,faces/id0056/1_a3Y6LGpAA
train,id0009,English,gXnUW8OooRk,faces/id0009/gXnUW8OooRk/0000275.jpg,voices/id0009/English/gXnUW8OooRk/00017.wav,faces/id0009/gXnUW8OooRk
train,id0011,English,de7oVYjfT3Y,faces/id0011/de7oVYjfT3Y/0000050.jpg,voices/id0011/English/de7oVYjfT3Y/00018.wav,faces/id0011/de7oVYjfT3Y
train,id0041,English,igda3vF6SuI,faces/id0041/igda3vF6SuI/0001950.jpg,voices/id0041/English/igda3vF6SuI/00059.wav,faces/id0041/igda3vF6SuI
train,id0017,English,iNzFuVDC0vE,faces/id0017/iNzFuVDC0vE/0001325.jpg,voices/id0017/English/iNzFuVDC0vE/00024.wav,faces/id0017/iNzFuVDC0vE
train,id0028,English,9jcHcByYp_s,faces/id0028/9jcHcByYp_s/0000625.jpg,voices/id0028/English/9jcHcByYp_s/00025.wav,faces/id0028/9jcHcByYp_s
train,id0060,English,WyInmhVL3Ok,faces/id0060/WyInmhVL3Ok/0002575.jpg,voices/id0060/English/WyInmhVL3Ok/00001.wav,faces/id0060/WyInmhVL3Ok
train,id0049,English,jf3oK8oAoFA,faces/id0049/jf3oK8oAoFA/0000350.jpg,voices/id0049/English/jf3oK8oAoFA/00001.wav,faces/id0049/jf3oK8oAoFA
train,id0048,English,dpd_s0t0geM,faces/id0048/dpd_s0t0geM/0002900.jpg,voices/id0048/English/dpd_s0t0geM/00088.wav,faces/id0048/dpd_s0t0geM
train,id0018,English,KQrdbivDg9E,faces/id0018/KQrdbivDg9E/0000000.jpg,voices/id0018/English/KQrdbivDg9E/00027.wav,faces/id0018/KQrdbivDg9E
train,id0028,English,9jcHcByYp_s,faces/id0028/9jcHcByYp_s/0000625.jpg,voices/id0028/English/9jcHcByYp_s/00023.wav,faces/id0028/9jcHcByYp_s
train,id0002,English,a8YwLpyHArc,faces/id0002/a8YwLpyHArc/0000075.jpg,voices/id0002/English/a8YwLpyHArc/00010.wav,faces/id0002/a8YwLpyHArc
train,id0045,English,Erq4Y9TVf4o,faces/id0045/Erq4Y9TVf4o/0001125.jpg,voices/id0045/English/Erq4Y9TVf4o/00006.wav,faces/id0045/Erq4Y9TVf4o
train,id0049,English,bQXzC47izaE,faces/id0049/bQXzC47izaE/0001525.jpg,voices/id0049/English/bQXzC47izaE/00028.wav,faces/id0049/bQXzC47izaE
train,id0063,English,CeNF8cAxWSI,faces/id0063/CeNF8cAxWSI/0000125.jpg,voices/id0063/English/CeNF8cAxWSI/00002.wav,faces/id0063/CeNF8cAxWSI
train,id0009,English,CbMvPV-JKew,faces/id0009/CbMvPV-JKew/0001075.jpg,voices/id0009/English/CbMvPV-JKew/00022.wav,faces/id0009/CbMvPV-JKew
train,id0054,English,0FnebXK4Dp8,faces/id0054/0FnebXK4Dp8/0000025.jpg,voices/id0054/English/0FnebXK4Dp8/00012.wav,faces/id0054/0FnebXK4Dp8
train,id0009,English,gXnUW8OooRk,faces/id0009/gXnUW8OooRk/0000275.jpg,voices/id0009/English/gXnUW8OooRk/00049.wav,faces/id0009/gXnUW8OooRk
train,id0009,English,gXnUW8OooRk,faces/id0009/gXnUW8OooRk/0000275.jpg,voices/id0009/English/gXnUW8OooRk/00095.wav,faces/id0009/gXnUW8OooRk
train,id0054,English,F7C87RNgnK4,faces/id0054/F7C87RNgnK4/0000150.jpg,voices/id0054/English/F7C87RNgnK4/00004.wav,faces/id0054/F7C87RNgnK4
train,id0054,English,npX324mAtR0,faces/id0054/npX324mAtR0/0000025.jpg,voices/id0054/English/npX324mAtR0/00019.wav,faces/id0054/npX324mAtR0
train,id0039,English,qyZ004QI6Iw,faces/id0039/qyZ004QI6Iw/0000025.jpg,voices/id0039/English/qyZ004QI6Iw/00117.wav,faces/id0039/qyZ004QI6Iw
train,id0021,English,M7smcdBePQA,faces/id0021/M7smcdBePQA/0001175.jpg,voices/id0021/English/M7smcdBePQA/00010.wav,faces/id0021/M7smcdBePQA
train,id0056,English,1_a3Y6LGpAA,faces/id0056/1_a3Y6LGpAA/0000825.jpg,voices/id0056/English/1_a3Y6LGpAA/00051.wav,faces/id0056/1_a3Y6LGpAA
train,id0010,English,rhUJh-U6LX0,faces/id0010/rhUJh-U6LX0/0001475.jpg,voices/id0010/English/rhUJh-U6LX0/00000.wav,faces/id0010/rhUJh-U6LX0
train,id0049,English,bQXzC47izaE,faces/id0049/bQXzC47izaE/0001525.jpg,voices/id0049/English/bQXzC47izaE/00001.wav,faces/id0049/bQXzC47izaE
train,id0001,English,SpfaJtrTMfc,faces/id0001/SpfaJtrTMfc/0002475.jpg,voices/id0001/English/SpfaJtrTMfc/00052.wav,faces/id0001/SpfaJtrTMfc
train,id0024,English,Zh1mPZ-UuSA,faces/id0024/Zh1mPZ-UuSA/0000400.jpg,voices/id0024/English/Zh1mPZ-UuSA/00005.wav,faces/id0024/Zh1mPZ-UuSA
train,id0039,English,qyZ004QI6Iw,faces/id0039/qyZ004QI6Iw/0000025.jpg,voices/id0039/English/qyZ004QI6Iw/00131.wav,faces/id0039/qyZ004QI6Iw
train,id0024,English,dtA2eON1fJA,faces/id0024/dtA2eON1fJA/0005525.jpg,voices/id0024/English/dtA2eON1fJA/00010.wav,faces/id0024/dtA2eON1fJA
train,id0009,English,gXnUW8OooRk,faces/id0009/gXnUW8OooRk/0000275.jpg,voices/id0009/English/gXnUW8OooRk/00022.wav,faces/id0009/gXnUW8OooRk
train,id0040,English,ZJdxFPQdF7M,faces/id0040/ZJdxFPQdF7M/0000125.jpg,voices/id0040/English/ZJdxFPQdF7M/00001.wav,faces/id0040/ZJdxFPQdF7M
train,id0062,English,4BHTy1yc7II,faces/id0062/4BHTy1yc7II/0000250.jpg,voices/id0062/English/4BHTy1yc7II/00018.wav,faces/id0062/4BHTy1yc7II
train,id0064,English,9linVJ40euw,faces/id0064/9linVJ40euw/0021675.jpg,voices/id0064/English/9linVJ40euw/00001.wav,faces/id0064/9linVJ40euw
train,id0047,English,_CYmYRbUo50,faces/id0047/_CYmYRbUo50/0000150.jpg,voices/id0047/English/_CYmYRbUo50/00004.wav,faces/id0047/_CYmYRbUo50
train,id0024,English,dtA2eON1fJA,faces/id0024/dtA2eON1fJA/0005525.jpg,voices/id0024/English/dtA2eON1fJA/00011.wav,faces/id0024/dtA2eON1fJA
train,id0045,English,Erq4Y9TVf4o,faces/id0045/Erq4Y9TVf4o/0001125.jpg,voices/id0045/English/Erq4Y9TVf4o/00020.wav,faces/id0045/Erq4Y9TVf4o
train,id0037,English,HiFhlkZ8VTM,faces/id0037/HiFhlkZ8VTM/0003400.jpg,voices/id0037/English/HiFhlkZ8VTM/00011.wav,faces/id0037/HiFhlkZ8VTM
train,id0005,English,YETolXZneZA,faces/id0005/YETolXZneZA/0000000.jpg,voices/id0005/English/YETolXZneZA/00011.wav,faces/id0005/YETolXZneZA
train,id0023,English,_TCHCsQECzI,faces/id0023/_TCHCsQECzI/0000025.jpg,voices/id0023/English/_TCHCsQECzI/00005.wav,faces/id0023/_TCHCsQECzI
train,id0041,English,igda3vF6SuI,faces/id0041/igda3vF6SuI/0001950.jpg,voices/id0041/English/igda3vF6SuI/00032.wav,faces/id0041/igda3vF6SuI
train,id0028,English,REIQ9Vlh0Lk,faces/id0028/REIQ9Vlh0Lk/0000000.jpg,voices/id0028/English/REIQ9Vlh0Lk/00056.wav,faces/id0028/REIQ9Vlh0Lk
train,id0045,English,Erq4Y9TVf4o,faces/id0045/Erq4Y9TVf4o/0001125.jpg,voices/id0045/English/Erq4Y9TVf4o/00002.wav,faces/id0045/Erq4Y9TVf4o
train,id0006,English,FhVHqeWKXvM,faces/id0006/FhVHqeWKXvM/0000325.jpg,voices/id0006/English/FhVHqeWKXvM/00009.wav,faces/id0006/FhVHqeWKXvM
train,id0005,English,aT4fcH93Fxw,faces/id0005/aT4fcH93Fxw/0004250.jpg,voices/id0005/English/aT4fcH93Fxw/00004.wav,faces/id0005/aT4fcH93Fxw
train,id0009,English,gXnUW8OooRk,faces/id0009/gXnUW8OooRk/0000275.jpg,voices/id0009/English/gXnUW8OooRk/00068.wav,faces/id0009/gXnUW8OooRk
train,id0048,English,dpd_s0t0geM,faces/id0048/dpd_s0t0geM/0002900.jpg,voices/id0048/English/dpd_s0t0geM/00069.wav,faces/id0048/dpd_s0t0geM
train,id0046,English,HDK2xWJnVAg,faces/id0046/HDK2xWJnVAg/0013075.jpg,voices/id0046/English/HDK2xWJnVAg/00002.wav,faces/id0046/HDK2xWJnVAg
train,id0010,English,nnQb0PVW9Zc,faces/id0010/nnQb0PVW9Zc/0000175.jpg,voices/id0010/English/nnQb0PVW9Zc/00020.wav,faces/id0010/nnQb0PVW9Zc
train,id0045,English,QjPkuA2BoX4,faces/id0045/QjPkuA2BoX4/0001625.jpg,voices/id0045/English/QjPkuA2BoX4/00117.wav,faces/id0045/QjPkuA2BoX4
train,id0056,English,1_a3Y6LGpAA,faces/id0056/1_a3Y6LGpAA/0000825.jpg,voices/id0056/English/1_a3Y6LGpAA/00023.wav,faces/id0056/1_a3Y6LGpAA
train,id0043,English,BcP6EKeHE4U,faces/id0043/BcP6EKeHE4U/0000425.jpg,voices/id0043/English/BcP6EKeHE4U/00013.wav,faces/id0043/BcP6EKeHE4U
train,id0045,English,QjPkuA2BoX4,faces/id0045/QjPkuA2BoX4/0001625.jpg,voices/id0045/English/QjPkuA2BoX4/00135.wav,faces/id0045/QjPkuA2BoX4
train,id0019,English,u2eClpoLbb4,faces/id0019/u2eClpoLbb4/0002750.jpg,voices/id0019/English/u2eClpoLbb4/00000.wav,faces/id0019/u2eClpoLbb4
train,id0015,English,BupAovo40Uc,faces/id0015/BupAovo40Uc/0000250.jpg,voices/id0015/English/BupAovo40Uc/00018.wav,faces/id0015/BupAovo40Uc
train,id0005,English,YETolXZneZA,faces/id0005/YETolXZneZA/0000000.jpg,voices/id0005/English/YETolXZneZA/00012.wav,faces/id0005/YETolXZneZA
train,id0028,English,REIQ9Vlh0Lk,faces/id0028/REIQ9Vlh0Lk/0000000.jpg,voices/id0028/English/REIQ9Vlh0Lk/00070.wav,faces/id0028/REIQ9Vlh0Lk
train,id0055,English,8fShKg7xrtI,faces/id0055/8fShKg7xrtI/0000450.jpg,voices/id0055/English/8fShKg7xrtI/00013.wav,faces/id0055/8fShKg7xrtI
train,id0012,English,fvt3f_xZZl0,faces/id0012/fvt3f_xZZl0/0004750.jpg,voices/id0012/English/fvt3f_xZZl0/00010.wav,faces/id0012/fvt3f_xZZl0
train,id0056,English,70s,faces/id0056/70s/0000200.jpg,voices/id0056/English/70s/00015.wav,faces/id0056/70s
train,id0045,English,QjPkuA2BoX4,faces/id0045/QjPkuA2BoX4/0001625.jpg,voices/id0045/English/QjPkuA2BoX4/00071.wav,faces/id0045/QjPkuA2BoX4
train,id0056,English,uhqXPuUaGZ8,faces/id0056/uhqXPuUaGZ8/0001750.jpg,voices/id0056/English/uhqXPuUaGZ8/00004.wav,faces/id0056/uhqXPuUaGZ8
train,id0039,English,qyZ004QI6Iw,faces/id0039/qyZ004QI6Iw/0000025.jpg,voices/id0039/English/qyZ004QI6Iw/00025.wav,faces/id0039/qyZ004QI6Iw
train,id0028,English,SxPxjK1j_CY,faces/id0028/SxPxjK1j_CY/0000325.jpg,voices/id0028/English/SxPxjK1j_CY/00015.wav,faces/id0028/SxPxjK1j_CY
train,id0011,English,zH9gdUqT7Hs,faces/id0011/zH9gdUqT7Hs/0000000.jpg,voices/id0011/English/zH9gdUqT7Hs/00033.wav,faces/id0011/zH9gdUqT7Hs
train,id0001,English,Y16ltGEvXzI,faces/id0001/Y16ltGEvXzI/0001300.jpg,voices/id0001/English/Y16ltGEvXzI/00067.wav,faces/id0001/Y16ltGEvXzI
train,id0028,English,tD2IDd4aDVg,faces/id0028/tD2IDd4aDVg/0000075.jpg,voices/id0028/English/tD2IDd4aDVg/00008.wav,faces/id0028/tD2IDd4aDVg
train,id0019,English,u2eClpoLbb4,faces/id0019/u2eClpoLbb4/0002750.jpg,voices/id0019/English/u2eClpoLbb4/00011.wav,faces/id0019/u2eClpoLbb4
train,id0066,English,svXViGNrvRg,faces/id0066/svXViGNrvRg/0001225.jpg,voices/id0066/English/svXViGNrvRg/00002.wav,faces/id0066/svXViGNrvRg
train,id0025,English,VlFa0S-juA0,faces/id0025/VlFa0S-juA0/0000000.jpg,voices/id0025/English/VlFa0S-juA0/00034.wav,faces/id0025/VlFa0S-juA0
train,id0009,English,CbMvPV-JKew,faces/id0009/CbMvPV-JKew/0001075.jpg,voices/id0009/English/CbMvPV-JKew/00065.wav,faces/id0009/CbMvPV-JKew
train,id0039,English,vKiGkbyfHPA,faces/id0039/vKiGkbyfHPA/0000025.jpg,voices/id0039/English/vKiGkbyfHPA/00084.wav,faces/id0039/vKiGkbyfHPA
train,id0045,English,QjPkuA2BoX4,faces/id0045/QjPkuA2BoX4/0001625.jpg,voices/id0045/English/QjPkuA2BoX4/00093.wav,faces/id0045/QjPkuA2BoX4
train,id0059,English,Nqcoz0iuxEk,faces/id0059/Nqcoz0iuxEk/0002250.jpg,voices/id0059/English/Nqcoz0iuxEk/00000.wav,faces/id0059/Nqcoz0iuxEk
train,id0039,English,Aq57LMnhilM,faces/id0039/Aq57LMnhilM/0000000.jpg,voices/id0039/English/Aq57LMnhilM/00007.wav,faces/id0039/Aq57LMnhilM
train,id0050,English,68s,faces/id0050/68s/0000025.jpg,voices/id0050/English/68s/00006.wav,faces/id0050/68s
train,id0011,English,ymgOryA8uUQ,faces/id0011/ymgOryA8uUQ/0000100.jpg,voices/id0011/English/ymgOryA8uUQ/00022.wav,faces/id0011/ymgOryA8uUQ
train,id0006,English,c0qE9UlV38c,faces/id0006/c0qE9UlV38c/0000150.jpg,voices/id0006/English/c0qE9UlV38c/00024.wav,faces/id0006/c0qE9UlV38c
train,id0033,English,4qW3aevy548,faces/id0033/4qW3aevy548/0001825.jpg,voices/id0033/English/4qW3aevy548/00001.wav,faces/id0033/4qW3aevy548
train,id0046,English,l3B08ddiu50,faces/id0046/l3B08ddiu50/0000375.jpg,voices/id0046/English/l3B08ddiu50/00013.wav,faces/id0046/l3B08ddiu50
train,id0005,English,aT4fcH93Fxw,faces/id0005/aT4fcH93Fxw/0004250.jpg,voices/id0005/English/aT4fcH93Fxw/00019.wav,faces/id0005/aT4fcH93Fxw
train,id0028,English,dxqN3FoMml8,faces/id0028/dxqN3FoMml8/0002125.jpg,voices/id0028/English/dxqN3FoMml8/00020.wav,faces/id0028/dxqN3FoMml8
train,id0042,English,879NYRQPID8,faces/id0042/879NYRQPID8/0000000.jpg,voices/id0042/English/879NYRQPID8/00009.wav,faces/id0042/879NYRQPID8
train,id0052,English,oKKSSoDfquA,faces/id0052/oKKSSoDfquA/0000025.jpg,voices/id0052/English/oKKSSoDfquA/00089.wav,faces/id0052/oKKSSoDfquA
train,id0028,English,9jcHcByYp_s,faces/id0028/9jcHcByYp_s/0000625.jpg,voices/id0028/English/9jcHcByYp_s/00063.wav,faces/id0028/9jcHcByYp_s
train,id0009,English,gXnUW8OooRk,faces/id0009/gXnUW8OooRk/0000275.jpg,voices/id0009/English/gXnUW8OooRk/00070.wav,faces/id0009/gXnUW8OooRk
train,id0056,English,1_a3Y6LGpAA,faces/id0056/1_a3Y6LGpAA/0000825.jpg,voices/id0056/English/1_a3Y6LGpAA/00030.wav,faces/id0056/1_a3Y6LGpAA
train,id0045,English,QjPkuA2BoX4,faces/id0045/QjPkuA2BoX4/0001625.jpg,voices/id0045/English/QjPkuA2BoX4/00058.wav,faces/id0045/QjPkuA2BoX4
train,id0002,English,a8YwLpyHArc,faces/id0002/a8YwLpyHArc/0000075.jpg,voices/id0002/English/a8YwLpyHArc/00028.wav,faces/id0002/a8YwLpyHArc
train,id0057,English,CkhXmrKN5A8,faces/id0057/CkhXmrKN5A8/0004325.jpg,voices/id0057/English/CkhXmrKN5A8/00004.wav,faces/id0057/CkhXmrKN5A8
train,id0040,English,lHoa7f6VuY4,faces/id0040/lHoa7f6VuY4/0000775.jpg,voices/id0040/English/lHoa7f6VuY4/00001.wav,faces/id0040/lHoa7f6VuY4
train,id0017,English,iNzFuVDC0vE,faces/id0017/iNzFuVDC0vE/0001325.jpg,voices/id0017/English/iNzFuVDC0vE/00060.wav,faces/id0017/iNzFuVDC0vE
train,id0028,English,9jcHcByYp_s,faces/id0028/9jcHcByYp_s/0000625.jpg,voices/id0028/English/9jcHcByYp_s/00055.wav,faces/id0028/9jcHcByYp_s
train,id0010,English,YA3TA8K8CPM,faces/id0010/YA3TA8K8CPM/0000200.jpg,voices/id0010/English/YA3TA8K8CPM/00006.wav,faces/id0010/YA3TA8K8CPM
train,id0028,English,7vkCG4Yzfzo,faces/id0028/7vkCG4Yzfzo/0000075.jpg,voices/id0028/English/7vkCG4Yzfzo/00003.wav,faces/id0028/7vkCG4Yzfzo
train,id0017,English,iNzFuVDC0vE,faces/id0017/iNzFuVDC0vE/0001325.jpg,voices/id0017/English/iNzFuVDC0vE/00036.wav,faces/id0017/iNzFuVDC0vE
train,id0052,English,oKKSSoDfquA,faces/id0052/oKKSSoDfquA/0000025.jpg,voices/id0052/English/oKKSSoDfquA/00040.wav,faces/id0052/oKKSSoDfquA
train,id0049,English,jf3oK8oAoFA,faces/id0049/jf3oK8oAoFA/0000350.jpg,voices/id0049/English/jf3oK8oAoFA/00007.wav,faces/id0049/jf3oK8oAoFA
train,id0040,English,6YMUgzYERQs,faces/id0040/6YMUgzYERQs/0000250.jpg,voices/id0040/English/6YMUgzYERQs/00007.wav,faces/id0040/6YMUgzYERQs
train,id0054,English,L1lsne6_YtE,faces/id0054/L1lsne6_YtE/0000025.jpg,voices/id0054/English/L1lsne6_YtE/00029.wav,faces/id0054/L1lsne6_YtE
train,id0039,English,qyZ004QI6Iw,faces/id0039/qyZ004QI6Iw/0000025.jpg,voices/id0039/English/qyZ004QI6Iw/00074.wav,faces/id0039/qyZ004QI6Iw
train,id0024,English,1yPfpl6daG0,faces/id0024/1yPfpl6daG0/0005250.jpg,voices/id0024/English/1yPfpl6daG0/00001.wav,faces/id0024/1yPfpl6daG0
train,id0069,English,BNvjmBk5psM,faces/id0069/BNvjmBk5psM/0000400.jpg,voices/id0069/English/BNvjmBk5psM/00003.wav,faces/id0069/BNvjmBk5psM
train,id0049,English,bQXzC47izaE,faces/id0049/bQXzC47izaE/0001525.jpg,voices/id0049/English/bQXzC47izaE/00012.wav,faces/id0049/bQXzC47izaE
train,id0003,English,COiUHZ_xbO4,faces/id0003/COiUHZ_xbO4/0000600.jpg,voices/id0003/English/COiUHZ_xbO4/00011.wav,faces/id0003/COiUHZ_xbO4
train,id0051,English,CVRK0vEqDno,faces/id0051/CVRK0vEqDno/0000450.jpg,voices/id0051/English/CVRK0vEqDno/00002.wav,faces/id0051/CVRK0vEqDno
train,id0032,English,VeOK09y1z7g,faces/id0032/VeOK09y1z7g/0000125.jpg,voices/id0032/English/VeOK09y1z7g/00004.wav,faces/id0032/VeOK09y1z7g
train,id0005,English,aT4fcH93Fxw,faces/id0005/aT4fcH93Fxw/0004250.jpg,voices/id0005/English/aT4fcH93Fxw/00021.wav,faces/id0005/aT4fcH93Fxw
train,id0056,English,1_a3Y6LGpAA,faces/id0056/1_a3Y6LGpAA/0000825.jpg,voices/id0056/English/1_a3Y6LGpAA/00033.wav,faces/id0056/1_a3Y6LGpAA
train,id0056,English,uhzP5FBium0,faces/id0056/uhzP5FBium0/0000500.jpg,voices/id0056/English/uhzP5FBium0/00002.wav,faces/id0056/uhzP5FBium0
train,id0012,English,fD-bx1O1Lp4,faces/id0012/fD-bx1O1Lp4/0001300.jpg,voices/id0012/English/fD-bx1O1Lp4/00009.wav,faces/id0012/fD-bx1O1Lp4
train,id0003,English,PFHTzgQ_Bxg,faces/id0003/PFHTzgQ_Bxg/0006175.jpg,voices/id0003/English/PFHTzgQ_Bxg/00009.wav,faces/id0003/PFHTzgQ_Bxg
train,id0050,English,68s,faces/id0050/68s/0000025.jpg,voices/id0050/English/68s/00004.wav,faces/id0050/68s
train,id0041,English,igda3vF6SuI,faces/id0041/igda3vF6SuI/0001950.jpg,voices/id0041/English/igda3vF6SuI/00003.wav,faces/id0041/igda3vF6SuI
train,id0003,English,s4eWJQjHB0I,faces/id0003/s4eWJQjHB0I/0001275.jpg,voices/id0003/English/s4eWJQjHB0I/00033.wav,faces/id0003/s4eWJQjHB0I
train,id0052,English,bxObwwjdMnY,faces/id0052/bxObwwjdMnY/0000025.jpg,voices/id0052/English/bxObwwjdMnY/00030.wav,faces/id0052/bxObwwjdMnY
train,id0053,English,oO1YLLuj52g,faces/id0053/oO1YLLuj52g/0000250.jpg,voices/id0053/English/oO1YLLuj52g/00022.wav,faces/id0053/oO1YLLuj52g
train,id0033,English,02L6RPzTSoI,faces/id0033/02L6RPzTSoI/0001475.jpg,voices/id0033/English/02L6RPzTSoI/00031.wav,faces/id0033/02L6RPzTSoI
train,id0057,English,ibr4dXajSJ8,faces/id0057/ibr4dXajSJ8/0000225.jpg,voices/id0057/English/ibr4dXajSJ8/00000.wav,faces/id0057/ibr4dXajSJ8
train,id0043,English,BcP6EKeHE4U,faces/id0043/BcP6EKeHE4U/0000425.jpg,voices/id0043/English/BcP6EKeHE4U/00015.wav,faces/id0043/BcP6EKeHE4U
train,id0067,English,aGdUenA305A,faces/id0067/aGdUenA305A/0000025.jpg,voices/id0067/English/aGdUenA305A/00063.wav,faces/id0067/aGdUenA305A
train,id0054,English,0FnebXK4Dp8,faces/id0054/0FnebXK4Dp8/0000025.jpg,voices/id0054/English/0FnebXK4Dp8/00011.wav,faces/id0054/0FnebXK4Dp8
train,id0022,English,PoMGgCakSb0,faces/id0022/PoMGgCakSb0/0000000.jpg,voices/id0022/English/PoMGgCakSb0/00010.wav,faces/id0022/PoMGgCakSb0
train,id0009,English,CbMvPV-JKew,faces/id0009/CbMvPV-JKew/0001075.jpg,voices/id0009/English/CbMvPV-JKew/00000.wav,faces/id0009/CbMvPV-JKew
train,id0026,English,tw64B8AMGcs,faces/id0026/tw64B8AMGcs/0002275.jpg,voices/id0026/English/tw64B8AMGcs/00002.wav,faces/id0026/tw64B8AMGcs
train,id0025,English,VlFa0S-juA0,faces/id0025/VlFa0S-juA0/0000000.jpg,voices/id0025/English/VlFa0S-juA0/00018.wav,faces/id0025/VlFa0S-juA0
train,id0028,English,9jcHcByYp_s,faces/id0028/9jcHcByYp_s/0000625.jpg,voices/id0028/English/9jcHcByYp_s/00105.wav,faces/id0028/9jcHcByYp_s
train,id0052,English,uX3Q8CzGyVk,faces/id0052/uX3Q8CzGyVk/0000025.jpg,voices/id0052/English/uX3Q8CzGyVk/00007.wav,faces/id0052/uX3Q8CzGyVk
train,id0038,English,ePuTjFlzREA,faces/id0038/ePuTjFlzREA/0000075.jpg,voices/id0038/English/ePuTjFlzREA/00001.wav,faces/id0038/ePuTjFlzREA
train,id0001,English,wiIZUuya6tM,faces/id0001/wiIZUuya6tM/0000800.jpg,voices/id0001/English/wiIZUuya6tM/00000.wav,faces/id0001/wiIZUuya6tM
train,id0052,English,m_2TipjC5pw,faces/id0052/m_2TipjC5pw/0000025.jpg,voices/id0052/English/m_2TipjC5pw/00010.wav,faces/id0052/m_2TipjC5pw
train,id0003,English,sHbyLrzEByw,faces/id0003/sHbyLrzEByw/0000975.jpg,voices/id0003/English/sHbyLrzEByw/00021.wav,faces/id0003/sHbyLrzEByw
train,id0028,English,9jcHcByYp_s,faces/id0028/9jcHcByYp_s/0000625.jpg,voices/id0028/English/9jcHcByYp_s/00024.wav,faces/id0028/9jcHcByYp_s
train,id0024,English,27T3pMqtDG8,faces/id0024/27T3pMqtDG8/0003225.jpg,voices/id0024/English/27T3pMqtDG8/00025.wav,faces/id0024/27T3pMqtDG8
train,id0019,English,u2eClpoLbb4,faces/id0019/u2eClpoLbb4/0002750.jpg,voices/id0019/English/u2eClpoLbb4/00014.wav,faces/id0019/u2eClpoLbb4
train,id0016,English,_ZWgPMT33as,faces/id0016/_ZWgPMT33as/0000000.jpg,voices/id0016/English/_ZWgPMT33as/00009.wav,faces/id0016/_ZWgPMT33as
train,id0062,English,SK8nrapRgqQ,faces/id0062/SK8nrapRgqQ/0001575.jpg,voices/id0062/English/SK8nrapRgqQ/00031.wav,faces/id0062/SK8nrapRgqQ
train,id0049,English,bQXzC47izaE,faces/id0049/bQXzC47izaE/0001525.jpg,voices/id0049/English/bQXzC47izaE/00017.wav,faces/id0049/bQXzC47izaE
train,id0024,English,l_0BFvm_rBc,faces/id0024/l_0BFvm_rBc/0005200.jpg,voices/id0024/English/l_0BFvm_rBc/00023.wav,faces/id0024/l_0BFvm_rBc
train,id0048,English,dpd_s0t0geM,faces/id0048/dpd_s0t0geM/0002900.jpg,voices/id0048/English/dpd_s0t0geM/00017.wav,faces/id0048/dpd_s0t0geM
train,id0059,English,Nqcoz0iuxEk,faces/id0059/Nqcoz0iuxEk/0002250.jpg,voices/id0059/English/Nqcoz0iuxEk/00041.wav,faces/id0059/Nqcoz0iuxEk
train,id0069,English,BNvjmBk5psM,faces/id0069/BNvjmBk5psM/0000400.jpg,voices/id0069/English/BNvjmBk5psM/00017.wav,faces/id0069/BNvjmBk5psM
train,id0015,English,0R531JwP45k,faces/id0015/0R531JwP45k/0000950.jpg,voices/id0015/English/0R531JwP45k/00047.wav,faces/id0015/0R531JwP45k
train,id0009,English,gXnUW8OooRk,faces/id0009/gXnUW8OooRk/0000275.jpg,voices/id0009/English/gXnUW8OooRk/00087.wav,faces/id0009/gXnUW8OooRk
train,id0046,English,D_ybxA8YDYI,faces/id0046/D_ybxA8YDYI/0000375.jpg,voices/id0046/English/D_ybxA8YDYI/00000.wav,faces/id0046/D_ybxA8YDYI
train,id0002,English,R3Esg-J-Btg,faces/id0002/R3Esg-J-Btg/0000000.jpg,voices/id0002/English/R3Esg-J-Btg/00004.wav,faces/id0002/R3Esg-J-Btg
train,id0028,English,SxPxjK1j_CY,faces/id0028/SxPxjK1j_CY/0000325.jpg,voices/id0028/English/SxPxjK1j_CY/00020.wav,faces/id0028/SxPxjK1j_CY
train,id0028,English,9jcHcByYp_s,faces/id0028/9jcHcByYp_s/0000625.jpg,voices/id0028/English/9jcHcByYp_s/00059.wav,faces/id0028/9jcHcByYp_s
train,id0037,English,RvS7RB4PYqg,faces/id0037/RvS7RB4PYqg/0000000.jpg,voices/id0037/English/RvS7RB4PYqg/00001.wav,faces/id0037/RvS7RB4PYqg
train,id0002,English,a8YwLpyHArc,faces/id0002/a8YwLpyHArc/0000075.jpg,voices/id0002/English/a8YwLpyHArc/00027.wav,faces/id0002/a8YwLpyHArc
train,id0024,English,27T3pMqtDG8,faces/id0024/27T3pMqtDG8/0003225.jpg,voices/id0024/English/27T3pMqtDG8/00031.wav,faces/id0024/27T3pMqtDG8
train,id0015,English,hU5pLzIixjw,faces/id0015/hU5pLzIixjw/0000975.jpg,voices/id0015/English/hU5pLzIixjw/00034.wav,faces/id0015/hU5pLzIixjw
train,id0012,English,k-f3Nnd5n8A,faces/id0012/k-f3Nnd5n8A/0000000.jpg,voices/id0012/English/k-f3Nnd5n8A/00025.wav,faces/id0012/k-f3Nnd5n8A
train,id0024,English,Zh1mPZ-UuSA,faces/id0024/Zh1mPZ-UuSA/0000400.jpg,voices/id0024/English/Zh1mPZ-UuSA/00006.wav,faces/id0024/Zh1mPZ-UuSA
train,id0018,English,KQrdbivDg9E,faces/id0018/KQrdbivDg9E/0000000.jpg,voices/id0018/English/KQrdbivDg9E/00049.wav,faces/id0018/KQrdbivDg9E
train,id0039,English,qyZ004QI6Iw,faces/id0039/qyZ004QI6Iw/0000025.jpg,voices/id0039/English/qyZ004QI6Iw/00069.wav,faces/id0039/qyZ004QI6Iw
train,id0070,English,HXv5ILGTlQ8,faces/id0070/HXv5ILGTlQ8/0000300.jpg,voices/id0070/English/HXv5ILGTlQ8/00003.wav,faces/id0070/HXv5ILGTlQ8
train,id0040,English,hJHGUoPB3Ws,faces/id0040/hJHGUoPB3Ws/0000075.jpg,voices/id0040/English/hJHGUoPB3Ws/00010.wav,faces/id0040/hJHGUoPB3Ws
train,id0052,English,uX3Q8CzGyVk,faces/id0052/uX3Q8CzGyVk/0000025.jpg,voices/id0052/English/uX3Q8CzGyVk/00047.wav,faces/id0052/uX3Q8CzGyVk
train,id0052,English,oKKSSoDfquA,faces/id0052/oKKSSoDfquA/0000025.jpg,voices/id0052/English/oKKSSoDfquA/00032.wav,faces/id0052/oKKSSoDfquA
train,id0041,English,igda3vF6SuI,faces/id0041/igda3vF6SuI/0001950.jpg,voices/id0041/English/igda3vF6SuI/00029.wav,faces/id0041/igda3vF6SuI
train,id0066,English,eX-1HKOXZ3A,faces/id0066/eX-1HKOXZ3A/0000150.jpg,voices/id0066/English/eX-1HKOXZ3A/00003.wav,faces/id0066/eX-1HKOXZ3A
train,id0017,English,iNzFuVDC0vE,faces/id0017/iNzFuVDC0vE/0001325.jpg,voices/id0017/English/iNzFuVDC0vE/00001.wav,faces/id0017/iNzFuVDC0vE
train,id0041,English,igda3vF6SuI,faces/id0041/igda3vF6SuI/0001950.jpg,voices/id0041/English/igda3vF6SuI/00027.wav,faces/id0041/igda3vF6SuI
train,id0024,English,1yPfpl6daG0,faces/id0024/1yPfpl6daG0/0005250.jpg,voices/id0024/English/1yPfpl6daG0/00000.wav,faces/id0024/1yPfpl6daG0
train,id0014,English,eZvFT9J80TQ,faces/id0014/eZvFT9J80TQ/0001000.jpg,voices/id0014/English/eZvFT9J80TQ/00000.wav,faces/id0014/eZvFT9J80TQ
train,id0009,English,ACwVcpt8MFA,faces/id0009/ACwVcpt8MFA/0004675.jpg,voices/id0009/English/ACwVcpt8MFA/00015.wav,faces/id0009/ACwVcpt8MFA
train,id0041,English,7m4O_-EO16E,faces/id0041/7m4O_-EO16E/0000050.jpg,voices/id0041/English/7m4O_-EO16E/00014.wav,faces/id0041/7m4O_-EO16E
train,id0018,English,fV7clNE9P7k,faces/id0018/fV7clNE9P7k/0002200.jpg,voices/id0018/English/fV7clNE9P7k/00052.wav,faces/id0018/fV7clNE9P7k
train,id0017,English,zlk48IYyvQY,faces/id0017/zlk48IYyvQY/0000000.jpg,voices/id0017/English/zlk48IYyvQY/00006.wav,faces/id0017/zlk48IYyvQY
train,id0069,English,BNvjmBk5psM,faces/id0069/BNvjmBk5psM/0000400.jpg,voices/id0069/English/BNvjmBk5psM/00022.wav,faces/id0069/BNvjmBk5psM
train,id0016,English,8JDCjoGMly8,faces/id0016/8JDCjoGMly8/0001350.jpg,voices/id0016/English/8JDCjoGMly8/00028.wav,faces/id0016/8JDCjoGMly8
train,id0041,English,igda3vF6SuI,faces/id0041/igda3vF6SuI/0001950.jpg,voices/id0041/English/igda3vF6SuI/00004.wav,faces/id0041/igda3vF6SuI
train,id0016,English,8JDCjoGMly8,faces/id0016/8JDCjoGMly8/0001350.jpg,voices/id0016/English/8JDCjoGMly8/00010.wav,faces/id0016/8JDCjoGMly8
train,id0025,English,VlFa0S-juA0,faces/id0025/VlFa0S-juA0/0000000.jpg,voices/id0025/English/VlFa0S-juA0/00014.wav,faces/id0025/VlFa0S-juA0
train,id0016,English,_ZWgPMT33as,faces/id0016/_ZWgPMT33as/0000000.jpg,voices/id0016/English/_ZWgPMT33as/00015.wav,faces/id0016/_ZWgPMT33as
train,id0027,English,45XvDmnzABk,faces/id0027/45XvDmnzABk/0005075.jpg,voices/id0027/English/45XvDmnzABk/00002.wav,faces/id0027/45XvDmnzABk
train,id0015,English,hU5pLzIixjw,faces/id0015/hU5pLzIixjw/0000975.jpg,voices/id0015/English/hU5pLzIixjw/00000.wav,faces/id0015/hU5pLzIixjw
train,id0056,English,1_a3Y6LGpAA,faces/id0056/1_a3Y6LGpAA/0000825.jpg,voices/id0056/English/1_a3Y6LGpAA/00050.wav,faces/id0056/1_a3Y6LGpAA
train,id0041,English,7m4O_-EO16E,faces/id0041/7m4O_-EO16E/0000050.jpg,voices/id0041/English/7m4O_-EO16E/00023.wav,faces/id0041/7m4O_-EO16E
train,id0053,English,oO1YLLuj52g,faces/id0053/oO1YLLuj52g/0000250.jpg,voices/id0053/English/oO1YLLuj52g/00021.wav,faces/id0053/oO1YLLuj52g
train,id0018,English,4FamrqoER0A,faces/id0018/4FamrqoER0A/0000725.jpg,voices/id0018/English/4FamrqoER0A/00008.wav,faces/id0018/4FamrqoER0A
train,id0029,English,SnVpb830XpQ,faces/id0029/SnVpb830XpQ/0000025.jpg,voices/id0029/English/SnVpb830XpQ/00005.wav,faces/id0029/SnVpb830XpQ
train,id0052,English,oKKSSoDfquA,faces/id0052/oKKSSoDfquA/0000025.jpg,voices/id0052/English/oKKSSoDfquA/00098.wav,faces/id0052/oKKSSoDfquA
train,id0028,English,9jcHcByYp_s,faces/id0028/9jcHcByYp_s/0000625.jpg,voices/id0028/English/9jcHcByYp_s/00062.wav,faces/id0028/9jcHcByYp_s
train,id0011,English,CsnMSIZg04A,faces/id0011/CsnMSIZg04A/0000075.jpg,voices/id0011/English/CsnMSIZg04A/00005.wav,faces/id0011/CsnMSIZg04A
train,id0016,English,8JDCjoGMly8,faces/id0016/8JDCjoGMly8/0001350.jpg,voices/id0016/English/8JDCjoGMly8/00009.wav,faces/id0016/8JDCjoGMly8
train,id0069,English,BNvjmBk5psM,faces/id0069/BNvjmBk5psM/0000400.jpg,voices/id0069/English/BNvjmBk5psM/00021.wav,faces/id0069/BNvjmBk5psM
train,id0044,English,vYJc6nLFq40,faces/id0044/vYJc6nLFq40/0000625.jpg,voices/id0044/English/vYJc6nLFq40/00040.wav,faces/id0044/vYJc6nLFq40
train,id0018,English,fV7clNE9P7k,faces/id0018/fV7clNE9P7k/0002200.jpg,voices/id0018/English/fV7clNE9P7k/00051.wav,faces/id0018/fV7clNE9P7k
train,id0028,English,9jcHcByYp_s,faces/id0028/9jcHcByYp_s/0000625.jpg,voices/id0028/English/9jcHcByYp_s/00073.wav,faces/id0028/9jcHcByYp_s
train,id0039,English,qyZ004QI6Iw,faces/id0039/qyZ004QI6Iw/0000025.jpg,voices/id0039/English/qyZ004QI6Iw/00062.wav,faces/id0039/qyZ004QI6Iw
train,id0003,English,bV2qGq9jc9Y,faces/id0003/bV2qGq9jc9Y/0001275.jpg,voices/id0003/English/bV2qGq9jc9Y/00006.wav,faces/id0003/bV2qGq9jc9Y
train,id0049,English,jf3oK8oAoFA,faces/id0049/jf3oK8oAoFA/0000350.jpg,voices/id0049/English/jf3oK8oAoFA/00002.wav,faces/id0049/jf3oK8oAoFA
train,id0009,English,gXnUW8OooRk,faces/id0009/gXnUW8OooRk/0000275.jpg,voices/id0009/English/gXnUW8OooRk/00034.wav,faces/id0009/gXnUW8OooRk
train,id0039,English,vKiGkbyfHPA,faces/id0039/vKiGkbyfHPA/0000025.jpg,voices/id0039/English/vKiGkbyfHPA/00142.wav,faces/id0039/vKiGkbyfHPA
train,id0064,English,-IdCGsKL8KE,faces/id0064/-IdCGsKL8KE/0004200.jpg,voices/id0064/English/-IdCGsKL8KE/00015.wav,faces/id0064/-IdCGsKL8KE
train,id0029,English,6Afm15o4tqw,faces/id0029/6Afm15o4tqw/0000325.jpg,voices/id0029/English/6Afm15o4tqw/00016.wav,faces/id0029/6Afm15o4tqw
train,id0039,English,qyZ004QI6Iw,faces/id0039/qyZ004QI6Iw/0000025.jpg,voices/id0039/English/qyZ004QI6Iw/00068.wav,faces/id0039/qyZ004QI6Iw
train,id0045,English,QjPkuA2BoX4,faces/id0045/QjPkuA2BoX4/0001625.jpg,voices/id0045/English/QjPkuA2BoX4/00000.wav,faces/id0045/QjPkuA2BoX4
train,id0045,English,QjPkuA2BoX4,faces/id0045/QjPkuA2BoX4/0001625.jpg,voices/id0045/English/QjPkuA2BoX4/00049.wav,faces/id0045/QjPkuA2BoX4
train,id0045,English,QjPkuA2BoX4,faces/id0045/QjPkuA2BoX4/0001625.jpg,voices/id0045/English/QjPkuA2BoX4/00140.wav,faces/id0045/QjPkuA2BoX4
train,id0067,English,aGdUenA305A,faces/id0067/aGdUenA305A/0000025.jpg,voices/id0067/English/aGdUenA305A/00012.wav,faces/id0067/aGdUenA305A
train,id0018,English,KQrdbivDg9E,faces/id0018/KQrdbivDg9E/0000000.jpg,voices/id0018/English/KQrdbivDg9E/00011.wav,faces/id0018/KQrdbivDg9E
train,id0050,English,VryIsSpFp4k,faces/id0050/VryIsSpFp4k/0000025.jpg,voices/id0050/English/VryIsSpFp4k/00011.wav,faces/id0050/VryIsSpFp4k
train,id0062,English,SK8nrapRgqQ,faces/id0062/SK8nrapRgqQ/0001575.jpg,voices/id0062/English/SK8nrapRgqQ/00035.wav,faces/id0062/SK8nrapRgqQ
train,id0044,English,vYJc6nLFq40,faces/id0044/vYJc6nLFq40/0000625.jpg,voices/id0044/English/vYJc6nLFq40/00061.wav,faces/id0044/vYJc6nLFq40
train,id0068,English,HqI2vq9xQNc,faces/id0068/HqI2vq9xQNc/0000125.jpg,voices/id0068/English/HqI2vq9xQNc/00013.wav,faces/id0068/HqI2vq9xQNc
train,id0033,English,02L6RPzTSoI,faces/id0033/02L6RPzTSoI/0001475.jpg,voices/id0033/English/02L6RPzTSoI/00013.wav,faces/id0033/02L6RPzTSoI
train,id0003,English,RRdfeB-NRqw,faces/id0003/RRdfeB-NRqw/0001300.jpg,voices/id0003/English/RRdfeB-NRqw/00015.wav,faces/id0003/RRdfeB-NRqw
train,id0001,English,M4apuT0lOAk,faces/id0001/M4apuT0lOAk/0004775.jpg,voices/id0001/English/M4apuT0lOAk/00002.wav,faces/id0001/M4apuT0lOAk
train,id0057,English,ibr4dXajSJ8,faces/id0057/ibr4dXajSJ8/0000225.jpg,voices/id0057/English/ibr4dXajSJ8/00023.wav,faces/id0057/ibr4dXajSJ8
train,id0064,English,-IdCGsKL8KE,faces/id0064/-IdCGsKL8KE/0004200.jpg,voices/id0064/English/-IdCGsKL8KE/00009.wav,faces/id0064/-IdCGsKL8KE
train,id0025,English,oWnw5WnArV4,faces/id0025/oWnw5WnArV4/0000075.jpg,voices/id0025/English/oWnw5WnArV4/00001.wav,faces/id0025/oWnw5WnArV4
train,id0024,English,2woAC5J6wJQ,faces/id0024/2woAC5J6wJQ/0000175.jpg,voices/id0024/English/2woAC5J6wJQ/00000.wav,faces/id0024/2woAC5J6wJQ
train,id0011,English,zH9gdUqT7Hs,faces/id0011/zH9gdUqT7Hs/0000000.jpg,voices/id0011/English/zH9gdUqT7Hs/00017.wav,faces/id0011/zH9gdUqT7Hs
train,id0061,English,iv5Yiyr-rqU,faces/id0061/iv5Yiyr-rqU/0000150.jpg,voices/id0061/English/iv5Yiyr-rqU/00008.wav,faces/id0061/iv5Yiyr-rqU
train,id0041,English,Upt0nCuiOo8,faces/id0041/Upt0nCuiOo8/0000125.jpg,voices/id0041/English/Upt0nCuiOo8/00008.wav,faces/id0041/Upt0nCuiOo8
train,id0012,English,k-f3Nnd5n8A,faces/id0012/k-f3Nnd5n8A/0000000.jpg,voices/id0012/English/k-f3Nnd5n8A/00015.wav,faces/id0012/k-f3Nnd5n8A
train,id0066,English,Z11MbuMakyI,faces/id0066/Z11MbuMakyI/0000400.jpg,voices/id0066/English/Z11MbuMakyI/00003.wav,faces/id0066/Z11MbuMakyI
train,id0028,English,REIQ9Vlh0Lk,faces/id0028/REIQ9Vlh0Lk/0000000.jpg,voices/id0028/English/REIQ9Vlh0Lk/00000.wav,faces/id0028/REIQ9Vlh0Lk
train,id0049,English,jf3oK8oAoFA,faces/id0049/jf3oK8oAoFA/0000350.jpg,voices/id0049/English/jf3oK8oAoFA/00005.wav,faces/id0049/jf3oK8oAoFA
train,id0039,English,FfXTPqi0BVU,faces/id0039/FfXTPqi0BVU/0001975.jpg,voices/id0039/English/FfXTPqi0BVU/00018.wav,faces/id0039/FfXTPqi0BVU
train,id0001,English,Y16ltGEvXzI,faces/id0001/Y16ltGEvXzI/0001300.jpg,voices/id0001/English/Y16ltGEvXzI/00043.wav,faces/id0001/Y16ltGEvXzI
train,id0012,English,i2ajDycYLFQ,faces/id0012/i2ajDycYLFQ/0001800.jpg,voices/id0012/English/i2ajDycYLFQ/00000.wav,faces/id0012/i2ajDycYLFQ
train,id0046,English,l3B08ddiu50,faces/id0046/l3B08ddiu50/0000375.jpg,voices/id0046/English/l3B08ddiu50/00007.wav,faces/id0046/l3B08ddiu50
train,id0067,English,aGdUenA305A,faces/id0067/aGdUenA305A/0000025.jpg,voices/id0067/English/aGdUenA305A/00080.wav,faces/id0067/aGdUenA305A
train,id0050,English,4v8-g5ByMh4,faces/id0050/4v8-g5ByMh4/0000025.jpg,voices/id0050/English/4v8-g5ByMh4/00011.wav,faces/id0050/4v8-g5ByMh4
train,id0009,English,xbfE-IE7Sho,faces/id0009/xbfE-IE7Sho/0000425.jpg,voices/id0009/English/xbfE-IE7Sho/00021.wav,faces/id0009/xbfE-IE7Sho
train,id0001,English,Y16ltGEvXzI,faces/id0001/Y16ltGEvXzI/0001300.jpg,voices/id0001/English/Y16ltGEvXzI/00032.wav,faces/id0001/Y16ltGEvXzI
train,id0059,English,Nqcoz0iuxEk,faces/id0059/Nqcoz0iuxEk/0002250.jpg,voices/id0059/English/Nqcoz0iuxEk/00012.wav,faces/id0059/Nqcoz0iuxEk
train,id0006,English,c0qE9UlV38c,faces/id0006/c0qE9UlV38c/0000150.jpg,voices/id0006/English/c0qE9UlV38c/00002.wav,faces/id0006/c0qE9UlV38c
train,id0039,English,FfXTPqi0BVU,faces/id0039/FfXTPqi0BVU/0001975.jpg,voices/id0039/English/FfXTPqi0BVU/00000.wav,faces/id0039/FfXTPqi0BVU
train,id0025,English,VlFa0S-juA0,faces/id0025/VlFa0S-juA0/0000000.jpg,voices/id0025/English/VlFa0S-juA0/00046.wav,faces/id0025/VlFa0S-juA0
train,id0039,English,qyZ004QI6Iw,faces/id0039/qyZ004QI6Iw/0000025.jpg,voices/id0039/English/qyZ004QI6Iw/00120.wav,faces/id0039/qyZ004QI6Iw
train,id0009,English,ACwVcpt8MFA,faces/id0009/ACwVcpt8MFA/0004675.jpg,voices/id0009/English/ACwVcpt8MFA/00025.wav,faces/id0009/ACwVcpt8MFA
train,id0022,English,PoMGgCakSb0,faces/id0022/PoMGgCakSb0/0000000.jpg,voices/id0022/English/PoMGgCakSb0/00021.wav,faces/id0022/PoMGgCakSb0
train,id0005,English,GuO4KvXh7Js,faces/id0005/GuO4KvXh7Js/0000000.jpg,voices/id0005/English/GuO4KvXh7Js/00001.wav,faces/id0005/GuO4KvXh7Js
train,id0001,English,Y16ltGEvXzI,faces/id0001/Y16ltGEvXzI/0001300.jpg,voices/id0001/English/Y16ltGEvXzI/00063.wav,faces/id0001/Y16ltGEvXzI
train,id0017,English,iNzFuVDC0vE,faces/id0017/iNzFuVDC0vE/0001325.jpg,voices/id0017/English/iNzFuVDC0vE/00031.wav,faces/id0017/iNzFuVDC0vE
train,id0060,English,sjfVy2Bpaj8,faces/id0060/sjfVy2Bpaj8/0000000.jpg,voices/id0060/English/sjfVy2Bpaj8/00002.wav,faces/id0060/sjfVy2Bpaj8
train,id0026,English,GTG5Q7X8wh0,faces/id0026/GTG5Q7X8wh0/0001675.jpg,voices/id0026/English/GTG5Q7X8wh0/00001.wav,faces/id0026/GTG5Q7X8wh0
train,id0028,English,dxqN3FoMml8,faces/id0028/dxqN3FoMml8/0002125.jpg,voices/id0028/English/dxqN3FoMml8/00004.wav,faces/id0028/dxqN3FoMml8
train,id0028,English,SxPxjK1j_CY,faces/id0028/SxPxjK1j_CY/0000325.jpg,voices/id0028/English/SxPxjK1j_CY/00002.wav,faces/id0028/SxPxjK1j_CY
train,id0001,English,Y16ltGEvXzI,faces/id0001/Y16ltGEvXzI/0001300.jpg,voices/id0001/English/Y16ltGEvXzI/00091.wav,faces/id0001/Y16ltGEvXzI
train,id0059,English,Nqcoz0iuxEk,faces/id0059/Nqcoz0iuxEk/0002250.jpg,voices/id0059/English/Nqcoz0iuxEk/00006.wav,faces/id0059/Nqcoz0iuxEk
train,id0056,English,q6VqhaSc7Hg,faces/id0056/q6VqhaSc7Hg/0000725.jpg,voices/id0056/English/q6VqhaSc7Hg/00000.wav,faces/id0056/q6VqhaSc7Hg
train,id0040,English,V3Aj10AQyPk,faces/id0040/V3Aj10AQyPk/0001150.jpg,voices/id0040/English/V3Aj10AQyPk/00000.wav,faces/id0040/V3Aj10AQyPk
train,id0013,English,O4f7_5Mv_5c,faces/id0013/O4f7_5Mv_5c/0000400.jpg,voices/id0013/English/O4f7_5Mv_5c/00007.wav,faces/id0013/O4f7_5Mv_5c
train,id0045,English,QjPkuA2BoX4,faces/id0045/QjPkuA2BoX4/0001625.jpg,voices/id0045/English/QjPkuA2BoX4/00029.wav,faces/id0045/QjPkuA2BoX4
train,id0001,English,SpfaJtrTMfc,faces/id0001/SpfaJtrTMfc/0002475.jpg,voices/id0001/English/SpfaJtrTMfc/00007.wav,faces/id0001/SpfaJtrTMfc
train,id0039,English,vKiGkbyfHPA,faces/id0039/vKiGkbyfHPA/0000025.jpg,voices/id0039/English/vKiGkbyfHPA/00145.wav,faces/id0039/vKiGkbyfHPA
train,id0017,English,zlk48IYyvQY,faces/id0017/zlk48IYyvQY/0000000.jpg,voices/id0017/English/zlk48IYyvQY/00007.wav,faces/id0017/zlk48IYyvQY
train,id0032,English,lqk87yRJeCA,faces/id0032/lqk87yRJeCA/0000850.jpg,voices/id0032/English/lqk87yRJeCA/00000.wav,faces/id0032/lqk87yRJeCA
train,id0006,English,c0qE9UlV38c,faces/id0006/c0qE9UlV38c/0000150.jpg,voices/id0006/English/c0qE9UlV38c/00026.wav,faces/id0006/c0qE9UlV38c
train,id0013,English,CbHAv1DqVtA,faces/id0013/CbHAv1DqVtA/0000450.jpg,voices/id0013/English/CbHAv1DqVtA/00010.wav,faces/id0013/CbHAv1DqVtA
train,id0010,English,nnQb0PVW9Zc,faces/id0010/nnQb0PVW9Zc/0000175.jpg,voices/id0010/English/nnQb0PVW9Zc/00008.wav,faces/id0010/nnQb0PVW9Zc
train,id0018,English,KQrdbivDg9E,faces/id0018/KQrdbivDg9E/0000000.jpg,voices/id0018/English/KQrdbivDg9E/00006.wav,faces/id0018/KQrdbivDg9E
train,id0048,English,dpd_s0t0geM,faces/id0048/dpd_s0t0geM/0002900.jpg,voices/id0048/English/dpd_s0t0geM/00081.wav,faces/id0048/dpd_s0t0geM
train,id0025,English,JBGHwJ7o_I8,faces/id0025/JBGHwJ7o_I8/0000375.jpg,voices/id0025/English/JBGHwJ7o_I8/00000.wav,faces/id0025/JBGHwJ7o_I8
train,id0029,English,52M95d6dSTo,faces/id0029/52M95d6dSTo/0000550.jpg,voices/id0029/English/52M95d6dSTo/00020.wav,faces/id0029/52M95d6dSTo
train,id0005,English,GuO4KvXh7Js,faces/id0005/GuO4KvXh7Js/0000000.jpg,voices/id0005/English/GuO4KvXh7Js/00006.wav,faces/id0005/GuO4KvXh7Js
train,id0055,English,1E2M_GJQpfc,faces/id0055/1E2M_GJQpfc/0004125.jpg,voices/id0055/English/1E2M_GJQpfc/00012.wav,faces/id0055/1E2M_GJQpfc
train,id0017,English,iNzFuVDC0vE,faces/id0017/iNzFuVDC0vE/0001325.jpg,voices/id0017/English/iNzFuVDC0vE/00015.wav,faces/id0017/iNzFuVDC0vE
train,id0055,English,TOreLyeF8sM,faces/id0055/TOreLyeF8sM/0000350.jpg,voices/id0055/English/TOreLyeF8sM/00004.wav,faces/id0055/TOreLyeF8sM
train,id0045,English,h7A9ToTEKQA,faces/id0045/h7A9ToTEKQA/0000750.jpg,voices/id0045/English/h7A9ToTEKQA/00002.wav,faces/id0045/h7A9ToTEKQA
train,id0022,English,PoMGgCakSb0,faces/id0022/PoMGgCakSb0/0000000.jpg,voices/id0022/English/PoMGgCakSb0/00013.wav,faces/id0022/PoMGgCakSb0
train,id0040,English,hJHGUoPB3Ws,faces/id0040/hJHGUoPB3Ws/0000075.jpg,voices/id0040/English/hJHGUoPB3Ws/00018.wav,faces/id0040/hJHGUoPB3Ws
train,id0002,English,a8YwLpyHArc,faces/id0002/a8YwLpyHArc/0000075.jpg,voices/id0002/English/a8YwLpyHArc/00019.wav,faces/id0002/a8YwLpyHArc
train,id0045,English,QjPkuA2BoX4,faces/id0045/QjPkuA2BoX4/0001625.jpg,voices/id0045/English/QjPkuA2BoX4/00126.wav,faces/id0045/QjPkuA2BoX4
train,id0042,English,x0gAxC1o58E,faces/id0042/x0gAxC1o58E/0000375.jpg,voices/id0042/English/x0gAxC1o58E/00003.wav,faces/id0042/x0gAxC1o58E
train,id0024,English,I6DOmf2GLlQ,faces/id0024/I6DOmf2GLlQ/0001125.jpg,voices/id0024/English/I6DOmf2GLlQ/00000.wav,faces/id0024/I6DOmf2GLlQ
train,id0045,English,QjPkuA2BoX4,faces/id0045/QjPkuA2BoX4/0001625.jpg,voices/id0045/English/QjPkuA2BoX4/00089.wav,faces/id0045/QjPkuA2BoX4
train,id0048,English,R0UMqq9U6wg,faces/id0048/R0UMqq9U6wg/0000625.jpg,voices/id0048/English/R0UMqq9U6wg/00007.wav,faces/id0048/R0UMqq9U6wg
train,id0052,English,uX3Q8CzGyVk,faces/id0052/uX3Q8CzGyVk/0000025.jpg,voices/id0052/English/uX3Q8CzGyVk/00009.wav,faces/id0052/uX3Q8CzGyVk
train,id0052,English,oKKSSoDfquA,faces/id0052/oKKSSoDfquA/0000025.jpg,voices/id0052/English/oKKSSoDfquA/00046.wav,faces/id0052/oKKSSoDfquA
train,id0013,English,CbHAv1DqVtA,faces/id0013/CbHAv1DqVtA/0000450.jpg,voices/id0013/English/CbHAv1DqVtA/00022.wav,faces/id0013/CbHAv1DqVtA
train,id0011,English,de7oVYjfT3Y,faces/id0011/de7oVYjfT3Y/0000050.jpg,voices/id0011/English/de7oVYjfT3Y/00028.wav,faces/id0011/de7oVYjfT3Y
train,id0070,English,IlfiaVElH_U,faces/id0070/IlfiaVElH_U/0000000.jpg,voices/id0070/English/IlfiaVElH_U/00000.wav,faces/id0070/IlfiaVElH_U
train,id0054,English,L1lsne6_YtE,faces/id0054/L1lsne6_YtE/0000025.jpg,voices/id0054/English/L1lsne6_YtE/00008.wav,faces/id0054/L1lsne6_YtE
train,id0037,English,JQXdD8SMjkI,faces/id0037/JQXdD8SMjkI/0001425.jpg,voices/id0037/English/JQXdD8SMjkI/00026.wav,faces/id0037/JQXdD8SMjkI
train,id0009,English,Vx6_0RMT3jw,faces/id0009/Vx6_0RMT3jw/0000600.jpg,voices/id0009/English/Vx6_0RMT3jw/00001.wav,faces/id0009/Vx6_0RMT3jw
train,id0032,English,VeOK09y1z7g,faces/id0032/VeOK09y1z7g/0000125.jpg,voices/id0032/English/VeOK09y1z7g/00008.wav,faces/id0032/VeOK09y1z7g
train,id0032,English,co8amcOfd4g,faces/id0032/co8amcOfd4g/0000000.jpg,voices/id0032/English/co8amcOfd4g/00003.wav,faces/id0032/co8amcOfd4g
train,id0025,English,VlFa0S-juA0,faces/id0025/VlFa0S-juA0/0000000.jpg,voices/id0025/English/VlFa0S-juA0/00072.wav,faces/id0025/VlFa0S-juA0
train,id0051,English,CVRK0vEqDno,faces/id0051/CVRK0vEqDno/0000450.jpg,voices/id0051/English/CVRK0vEqDno/00001.wav,faces/id0051/CVRK0vEqDno
train,id0062,English,SK8nrapRgqQ,faces/id0062/SK8nrapRgqQ/0001575.jpg,voices/id0062/English/SK8nrapRgqQ/00023.wav,faces/id0062/SK8nrapRgqQ
train,id0025,English,VlFa0S-juA0,faces/id0025/VlFa0S-juA0/0000000.jpg,voices/id0025/English/VlFa0S-juA0/00019.wav,faces/id0025/VlFa0S-juA0
train,id0060,English,sjfVy2Bpaj8,faces/id0060/sjfVy2Bpaj8/0000000.jpg,voices/id0060/English/sjfVy2Bpaj8/00001.wav,faces/id0060/sjfVy2Bpaj8
train,id0015,English,0R531JwP45k,faces/id0015/0R531JwP45k/0000950.jpg,voices/id0015/English/0R531JwP45k/00012.wav,faces/id0015/0R531JwP45k
train,id0015,English,BupAovo40Uc,faces/id0015/BupAovo40Uc/0000250.jpg,voices/id0015/English/BupAovo40Uc/00003.wav,faces/id0015/BupAovo40Uc
train,id0054,English,npX324mAtR0,faces/id0054/npX324mAtR0/0000025.jpg,voices/id0054/English/npX324mAtR0/00003.wav,faces/id0054/npX324mAtR0
train,id0064,English,-IdCGsKL8KE,faces/id0064/-IdCGsKL8KE/0004200.jpg,voices/id0064/English/-IdCGsKL8KE/00002.wav,faces/id0064/-IdCGsKL8KE
train,id0010,English,nnQb0PVW9Zc,faces/id0010/nnQb0PVW9Zc/0000175.jpg,voices/id0010/English/nnQb0PVW9Zc/00014.wav,faces/id0010/nnQb0PVW9Zc
train,id0037,English,HiFhlkZ8VTM,faces/id0037/HiFhlkZ8VTM/0003400.jpg,voices/id0037/English/HiFhlkZ8VTM/00008.wav,faces/id0037/HiFhlkZ8VTM
train,id0006,English,c0qE9UlV38c,faces/id0006/c0qE9UlV38c/0000150.jpg,voices/id0006/English/c0qE9UlV38c/00031.wav,faces/id0006/c0qE9UlV38c
train,id0010,English,xVmH3hQ4Jn8,faces/id0010/xVmH3hQ4Jn8/0001175.jpg,voices/id0010/English/xVmH3hQ4Jn8/00002.wav,faces/id0010/xVmH3hQ4Jn8
train,id0044,English,vYJc6nLFq40,faces/id0044/vYJc6nLFq40/0000625.jpg,voices/id0044/English/vYJc6nLFq40/00077.wav,faces/id0044/vYJc6nLFq40
train,id0015,English,hU5pLzIixjw,faces/id0015/hU5pLzIixjw/0000975.jpg,voices/id0015/English/hU5pLzIixjw/00010.wav,faces/id0015/hU5pLzIixjw
train,id0017,English,iNzFuVDC0vE,faces/id0017/iNzFuVDC0vE/0001325.jpg,voices/id0017/English/iNzFuVDC0vE/00034.wav,faces/id0017/iNzFuVDC0vE
train,id0051,English,JdwfC6b5xl8,faces/id0051/JdwfC6b5xl8/0000000.jpg,voices/id0051/English/JdwfC6b5xl8/00000.wav,faces/id0051/JdwfC6b5xl8
train,id0039,English,vKiGkbyfHPA,faces/id0039/vKiGkbyfHPA/0000025.jpg,voices/id0039/English/vKiGkbyfHPA/00072.wav,faces/id0039/vKiGkbyfHPA
train,id0054,English,F7C87RNgnK4,faces/id0054/F7C87RNgnK4/0000150.jpg,voices/id0054/English/F7C87RNgnK4/00000.wav,faces/id0054/F7C87RNgnK4
train,id0028,English,9jcHcByYp_s,faces/id0028/9jcHcByYp_s/0000625.jpg,voices/id0028/English/9jcHcByYp_s/00051.wav,faces/id0028/9jcHcByYp_s
train,id0011,English,de7oVYjfT3Y,faces/id0011/de7oVYjfT3Y/0000050.jpg,voices/id0011/English/de7oVYjfT3Y/00008.wav,faces/id0011/de7oVYjfT3Y
train,id0065,English,eBNt-eUM9RA,faces/id0065/eBNt-eUM9RA/0014500.jpg,voices/id0065/English/eBNt-eUM9RA/00001.wav,faces/id0065/eBNt-eUM9RA
train,id0055,English,ygbDcr4pHtk,faces/id0055/ygbDcr4pHtk/0000175.jpg,voices/id0055/English/ygbDcr4pHtk/00004.wav,faces/id0055/ygbDcr4pHtk
train,id0050,English,68s,faces/id0050/68s/0000025.jpg,voices/id0050/English/68s/00010.wav,faces/id0050/68s
train,id0006,English,c0qE9UlV38c,faces/id0006/c0qE9UlV38c/0000150.jpg,voices/id0006/English/c0qE9UlV38c/00015.wav,faces/id0006/c0qE9UlV38c
train,id0018,English,KQrdbivDg9E,faces/id0018/KQrdbivDg9E/0000000.jpg,voices/id0018/English/KQrdbivDg9E/00017.wav,faces/id0018/KQrdbivDg9E
train,id0028,English,dxqN3FoMml8,faces/id0028/dxqN3FoMml8/0002125.jpg,voices/id0028/English/dxqN3FoMml8/00007.wav,faces/id0028/dxqN3FoMml8
train,id0064,English,lR3U0z2cUbc,faces/id0064/lR3U0z2cUbc/0004825.jpg,voices/id0064/English/lR3U0z2cUbc/00000.wav,faces/id0064/lR3U0z2cUbc
train,id0043,English,BcP6EKeHE4U,faces/id0043/BcP6EKeHE4U/0000425.jpg,voices/id0043/English/BcP6EKeHE4U/00012.wav,faces/id0043/BcP6EKeHE4U
train,id0018,English,fV7clNE9P7k,faces/id0018/fV7clNE9P7k/0002200.jpg,voices/id0018/English/fV7clNE9P7k/00044.wav,faces/id0018/fV7clNE9P7k
train,id0041,English,Upt0nCuiOo8,faces/id0041/Upt0nCuiOo8/0000125.jpg,voices/id0041/English/Upt0nCuiOo8/00002.wav,faces/id0041/Upt0nCuiOo8
train,id0003,English,s4eWJQjHB0I,faces/id0003/s4eWJQjHB0I/0001275.jpg,voices/id0003/English/s4eWJQjHB0I/00021.wav,faces/id0003/s4eWJQjHB0I
train,id0069,English,BNvjmBk5psM,faces/id0069/BNvjmBk5psM/0000400.jpg,voices/id0069/English/BNvjmBk5psM/00019.wav,faces/id0069/BNvjmBk5psM
train,id0040,English,hJHGUoPB3Ws,faces/id0040/hJHGUoPB3Ws/0000075.jpg,voices/id0040/English/hJHGUoPB3Ws/00017.wav,faces/id0040/hJHGUoPB3Ws
train,id0006,English,c0qE9UlV38c,faces/id0006/c0qE9UlV38c/0000150.jpg,voices/id0006/English/c0qE9UlV38c/00010.wav,faces/id0006/c0qE9UlV38c
train,id0001,English,SpfaJtrTMfc,faces/id0001/SpfaJtrTMfc/0002475.jpg,voices/id0001/English/SpfaJtrTMfc/00015.wav,faces/id0001/SpfaJtrTMfc
train,id0028,English,REIQ9Vlh0Lk,faces/id0028/REIQ9Vlh0Lk/0000000.jpg,voices/id0028/English/REIQ9Vlh0Lk/00042.wav,faces/id0028/REIQ9Vlh0Lk
train,id0014,English,eZvFT9J80TQ,faces/id0014/eZvFT9J80TQ/0001000.jpg,voices/id0014/English/eZvFT9J80TQ/00006.wav,faces/id0014/eZvFT9J80TQ
train,id0052,English,uX3Q8CzGyVk,faces/id0052/uX3Q8CzGyVk/0000025.jpg,voices/id0052/English/uX3Q8CzGyVk/00001.wav,faces/id0052/uX3Q8CzGyVk
train,id0054,English,XZhRQgDQ1j4,faces/id0054/XZhRQgDQ1j4/0000125.jpg,voices/id0054/English/XZhRQgDQ1j4/00001.wav,faces/id0054/XZhRQgDQ1j4
train,id0045,English,QjPkuA2BoX4,faces/id0045/QjPkuA2BoX4/0001625.jpg,voices/id0045/English/QjPkuA2BoX4/00006.wav,faces/id0045/QjPkuA2BoX4
train,id0044,English,OdUCFZTx9xs,faces/id0044/OdUCFZTx9xs/0000750.jpg,voices/id0044/English/OdUCFZTx9xs/00011.wav,faces/id0044/OdUCFZTx9xs
train,id0006,English,caVRuzpMDNE,faces/id0006/caVRuzpMDNE/0000375.jpg,voices/id0006/English/caVRuzpMDNE/00028.wav,faces/id0006/caVRuzpMDNE
train,id0009,English,gXnUW8OooRk,faces/id0009/gXnUW8OooRk/0000275.jpg,voices/id0009/English/gXnUW8OooRk/00012.wav,faces/id0009/gXnUW8OooRk
train,id0003,English,COiUHZ_xbO4,faces/id0003/COiUHZ_xbO4/0000600.jpg,voices/id0003/English/COiUHZ_xbO4/00001.wav,faces/id0003/COiUHZ_xbO4
train,id0011,English,de7oVYjfT3Y,faces/id0011/de7oVYjfT3Y/0000050.jpg,voices/id0011/English/de7oVYjfT3Y/00023.wav,faces/id0011/de7oVYjfT3Y
train,id0062,English,SK8nrapRgqQ,faces/id0062/SK8nrapRgqQ/0001575.jpg,voices/id0062/English/SK8nrapRgqQ/00033.wav,faces/id0062/SK8nrapRgqQ
train,id0022,English,PoMGgCakSb0,faces/id0022/PoMGgCakSb0/0000000.jpg,voices/id0022/English/PoMGgCakSb0/00001.wav,faces/id0022/PoMGgCakSb0
train,id0060,English,4v8ORoykFSQ,faces/id0060/4v8ORoykFSQ/0009650.jpg,voices/id0060/English/4v8ORoykFSQ/00001.wav,faces/id0060/4v8ORoykFSQ
train,id0070,English,JtujAff_T4s,faces/id0070/JtujAff_T4s/0003300.jpg,voices/id0070/English/JtujAff_T4s/00001.wav,faces/id0070/JtujAff_T4s
train,id0009,English,CbMvPV-JKew,faces/id0009/CbMvPV-JKew/0001075.jpg,voices/id0009/English/CbMvPV-JKew/00073.wav,faces/id0009/CbMvPV-JKew
train,id0028,English,9jcHcByYp_s,faces/id0028/9jcHcByYp_s/0000625.jpg,voices/id0028/English/9jcHcByYp_s/00044.wav,faces/id0028/9jcHcByYp_s
train,id0011,English,ymgOryA8uUQ,faces/id0011/ymgOryA8uUQ/0000100.jpg,voices/id0011/English/ymgOryA8uUQ/00015.wav,faces/id0011/ymgOryA8uUQ
train,id0070,English,Xu4MTv5wgys,faces/id0070/Xu4MTv5wgys/0000025.jpg,voices/id0070/English/Xu4MTv5wgys/00001.wav,faces/id0070/Xu4MTv5wgys
train,id0028,English,9jcHcByYp_s,faces/id0028/9jcHcByYp_s/0000625.jpg,voices/id0028/English/9jcHcByYp_s/00079.wav,faces/id0028/9jcHcByYp_s
train,id0033,English,02L6RPzTSoI,faces/id0033/02L6RPzTSoI/0001475.jpg,voices/id0033/English/02L6RPzTSoI/00041.wav,faces/id0033/02L6RPzTSoI
train,id0048,English,dpd_s0t0geM,faces/id0048/dpd_s0t0geM/0002900.jpg,voices/id0048/English/dpd_s0t0geM/00079.wav,faces/id0048/dpd_s0t0geM
train,id0037,English,xr_0VmnKEME,faces/id0037/xr_0VmnKEME/0000000.jpg,voices/id0037/English/xr_0VmnKEME/00000.wav,faces/id0037/xr_0VmnKEME
train,id0016,English,_ZWgPMT33as,faces/id0016/_ZWgPMT33as/0000000.jpg,voices/id0016/English/_ZWgPMT33as/00028.wav,faces/id0016/_ZWgPMT33as
train,id0018,English,fV7clNE9P7k,faces/id0018/fV7clNE9P7k/0002200.jpg,voices/id0018/English/fV7clNE9P7k/00071.wav,faces/id0018/fV7clNE9P7k
train,id0045,English,h7A9ToTEKQA,faces/id0045/h7A9ToTEKQA/0000750.jpg,voices/id0045/English/h7A9ToTEKQA/00003.wav,faces/id0045/h7A9ToTEKQA
train,id0057,English,CkhXmrKN5A8,faces/id0057/CkhXmrKN5A8/0004325.jpg,voices/id0057/English/CkhXmrKN5A8/00005.wav,faces/id0057/CkhXmrKN5A8
train,id0003,English,s4eWJQjHB0I,faces/id0003/s4eWJQjHB0I/0001275.jpg,voices/id0003/English/s4eWJQjHB0I/00019.wav,faces/id0003/s4eWJQjHB0I
train,id0011,English,YwozNG5iuSY,faces/id0011/YwozNG5iuSY/0001125.jpg,voices/id0011/English/YwozNG5iuSY/00005.wav,faces/id0011/YwozNG5iuSY
train,id0018,English,KQrdbivDg9E,faces/id0018/KQrdbivDg9E/0000000.jpg,voices/id0018/English/KQrdbivDg9E/00051.wav,faces/id0018/KQrdbivDg9E
train,id0066,English,Z11MbuMakyI,faces/id0066/Z11MbuMakyI/0000400.jpg,voices/id0066/English/Z11MbuMakyI/00007.wav,faces/id0066/Z11MbuMakyI
train,id0039,English,vKiGkbyfHPA,faces/id0039/vKiGkbyfHPA/0000025.jpg,voices/id0039/English/vKiGkbyfHPA/00092.wav,faces/id0039/vKiGkbyfHPA
train,id0001,English,Y16ltGEvXzI,faces/id0001/Y16ltGEvXzI/0001300.jpg,voices/id0001/English/Y16ltGEvXzI/00097.wav,faces/id0001/Y16ltGEvXzI
train,id0041,English,igda3vF6SuI,faces/id0041/igda3vF6SuI/0001950.jpg,voices/id0041/English/igda3vF6SuI/00013.wav,faces/id0041/igda3vF6SuI
train,id0028,English,9jcHcByYp_s,faces/id0028/9jcHcByYp_s/0000625.jpg,voices/id0028/English/9jcHcByYp_s/00075.wav,faces/id0028/9jcHcByYp_s
train,id0028,English,9jcHcByYp_s,faces/id0028/9jcHcByYp_s/0000625.jpg,voices/id0028/English/9jcHcByYp_s/00084.wav,faces/id0028/9jcHcByYp_s
train,id0039,English,qyZ004QI6Iw,faces/id0039/qyZ004QI6Iw/0000025.jpg,voices/id0039/English/qyZ004QI6Iw/00114.wav,faces/id0039/qyZ004QI6Iw
train,id0001,English,SpfaJtrTMfc,faces/id0001/SpfaJtrTMfc/0002475.jpg,voices/id0001/English/SpfaJtrTMfc/00054.wav,faces/id0001/SpfaJtrTMfc
train,id0039,English,qyZ004QI6Iw,faces/id0039/qyZ004QI6Iw/0000025.jpg,voices/id0039/English/qyZ004QI6Iw/00090.wav,faces/id0039/qyZ004QI6Iw
train,id0016,English,_ZWgPMT33as,faces/id0016/_ZWgPMT33as/0000000.jpg,voices/id0016/English/_ZWgPMT33as/00011.wav,faces/id0016/_ZWgPMT33as
train,id0067,English,aGdUenA305A,faces/id0067/aGdUenA305A/0000025.jpg,voices/id0067/English/aGdUenA305A/00055.wav,faces/id0067/aGdUenA305A
train,id0001,English,SRqhJUGuE-E,faces/id0001/SRqhJUGuE-E/0000100.jpg,voices/id0001/English/SRqhJUGuE-E/00007.wav,faces/id0001/SRqhJUGuE-E
train,id0039,English,Aq57LMnhilM,faces/id0039/Aq57LMnhilM/0000000.jpg,voices/id0039/English/Aq57LMnhilM/00031.wav,faces/id0039/Aq57LMnhilM
train,id0003,English,bV2qGq9jc9Y,faces/id0003/bV2qGq9jc9Y/0001275.jpg,voices/id0003/English/bV2qGq9jc9Y/00026.wav,faces/id0003/bV2qGq9jc9Y
train,id0001,English,HpzYIwAaNlE,faces/id0001/HpzYIwAaNlE/0000900.jpg,voices/id0001/English/HpzYIwAaNlE/00002.wav,faces/id0001/HpzYIwAaNlE
train,id0051,English,w_c9WOoaAJ8,faces/id0051/w_c9WOoaAJ8/0000200.jpg,voices/id0051/English/w_c9WOoaAJ8/00014.wav,faces/id0051/w_c9WOoaAJ8
train,id0056,English,uhqXPuUaGZ8,faces/id0056/uhqXPuUaGZ8/0001750.jpg,voices/id0056/English/uhqXPuUaGZ8/00008.wav,faces/id0056/uhqXPuUaGZ8
train,id0046,English,l3B08ddiu50,faces/id0046/l3B08ddiu50/0000375.jpg,voices/id0046/English/l3B08ddiu50/00011.wav,faces/id0046/l3B08ddiu50
train,id0028,English,9jcHcByYp_s,faces/id0028/9jcHcByYp_s/0000625.jpg,voices/id0028/English/9jcHcByYp_s/00093.wav,faces/id0028/9jcHcByYp_s
train,id0031,English,NLJmOGa0A8Q,faces/id0031/NLJmOGa0A8Q/0001700.jpg,voices/id0031/English/NLJmOGa0A8Q/00003.wav,faces/id0031/NLJmOGa0A8Q
train,id0042,English,879NYRQPID8,faces/id0042/879NYRQPID8/0000000.jpg,voices/id0042/English/879NYRQPID8/00000.wav,faces/id0042/879NYRQPID8
train,id0054,English,0FnebXK4Dp8,faces/id0054/0FnebXK4Dp8/0000025.jpg,voices/id0054/English/0FnebXK4Dp8/00007.wav,faces/id0054/0FnebXK4Dp8
train,id0052,English,m_2TipjC5pw,faces/id0052/m_2TipjC5pw/0000025.jpg,voices/id0052/English/m_2TipjC5pw/00001.wav,faces/id0052/m_2TipjC5pw
train,id0048,English,dpd_s0t0geM,faces/id0048/dpd_s0t0geM/0002900.jpg,voices/id0048/English/dpd_s0t0geM/00076.wav,faces/id0048/dpd_s0t0geM
train,id0043,English,ImeJKRoLlQ0,faces/id0043/ImeJKRoLlQ0/0000225.jpg,voices/id0043/English/ImeJKRoLlQ0/00005.wav,faces/id0043/ImeJKRoLlQ0
train,id0041,English,Upt0nCuiOo8,faces/id0041/Upt0nCuiOo8/0000125.jpg,voices/id0041/English/Upt0nCuiOo8/00010.wav,faces/id0041/Upt0nCuiOo8
train,id0045,English,QjPkuA2BoX4,faces/id0045/QjPkuA2BoX4/0001625.jpg,voices/id0045/English/QjPkuA2BoX4/00087.wav,faces/id0045/QjPkuA2BoX4
train,id0055,English,1E2M_GJQpfc,faces/id0055/1E2M_GJQpfc/0004125.jpg,voices/id0055/English/1E2M_GJQpfc/00011.wav,faces/id0055/1E2M_GJQpfc
train,id0018,English,KQrdbivDg9E,faces/id0018/KQrdbivDg9E/0000000.jpg,voices/id0018/English/KQrdbivDg9E/00003.wav,faces/id0018/KQrdbivDg9E
